model,benchmark,suite,task,dataset,length,depth,metric,value,samples,source_log
atma_raven_titans,base,zero_shot,arc_challenge,,,,accuracy,0.23745819397993312,299,/home/sagemaker-user/atma/benchmarks/logs/atma_10b/base_base_zero_shot_atma_raven_titans_e7a342b52d.log
atma_raven_titans,base,zero_shot,arc_challenge,,,,accuracy_norm,0.27759197324414714,299,/home/sagemaker-user/atma/benchmarks/logs/atma_10b/base_base_zero_shot_atma_raven_titans_e7a342b52d.log
atma_raven_titans,base,zero_shot,arc_easy,,,,accuracy,0.5719298245614035,570,/home/sagemaker-user/atma/benchmarks/logs/atma_10b/base_base_zero_shot_atma_raven_titans_e7a342b52d.log
atma_raven_titans,base,zero_shot,arc_easy,,,,accuracy_norm,0.4807017543859649,570,/home/sagemaker-user/atma/benchmarks/logs/atma_10b/base_base_zero_shot_atma_raven_titans_e7a342b52d.log
atma_raven_titans,base,zero_shot,boolq,,,,accuracy,0.6140672782874618,3270,/home/sagemaker-user/atma/benchmarks/logs/atma_10b/base_base_zero_shot_atma_raven_titans_e7a342b52d.log
atma_raven_titans,base,zero_shot,boolq,,,,accuracy_norm,0.6140672782874618,3270,/home/sagemaker-user/atma/benchmarks/logs/atma_10b/base_base_zero_shot_atma_raven_titans_e7a342b52d.log
atma_raven_titans,base,zero_shot,hellaswag,,,,accuracy,0.3067118103963354,10042,/home/sagemaker-user/atma/benchmarks/logs/atma_10b/base_base_zero_shot_atma_raven_titans_e7a342b52d.log
atma_raven_titans,base,zero_shot,hellaswag,,,,accuracy_norm,0.34116709818761204,10042,/home/sagemaker-user/atma/benchmarks/logs/atma_10b/base_base_zero_shot_atma_raven_titans_e7a342b52d.log
atma_raven_titans,base,zero_shot,lambada,,,,accuracy,0.26004269357655735,5153,/home/sagemaker-user/atma/benchmarks/logs/atma_10b/base_base_zero_shot_atma_raven_titans_e7a342b52d.log
atma_raven_titans,base,zero_shot,lambada,,,,target_nll,3.4479329876942684,5153,/home/sagemaker-user/atma/benchmarks/logs/atma_10b/base_base_zero_shot_atma_raven_titans_e7a342b52d.log
atma_raven_titans,base,zero_shot,lambada,,,,target_perplexity,31.43534785721,5153,/home/sagemaker-user/atma/benchmarks/logs/atma_10b/base_base_zero_shot_atma_raven_titans_e7a342b52d.log
atma_raven_titans,base,zero_shot,openbookqa,,,,accuracy,0.17,500,/home/sagemaker-user/atma/benchmarks/logs/atma_10b/base_base_zero_shot_atma_raven_titans_e7a342b52d.log
atma_raven_titans,base,zero_shot,openbookqa,,,,accuracy_norm,0.29,500,/home/sagemaker-user/atma/benchmarks/logs/atma_10b/base_base_zero_shot_atma_raven_titans_e7a342b52d.log
atma_raven_titans,base,zero_shot,piqa,,,,accuracy,0.6577801958650707,1838,/home/sagemaker-user/atma/benchmarks/logs/atma_10b/base_base_zero_shot_atma_raven_titans_e7a342b52d.log
atma_raven_titans,base,zero_shot,piqa,,,,accuracy_norm,0.6556039173014145,1838,/home/sagemaker-user/atma/benchmarks/logs/atma_10b/base_base_zero_shot_atma_raven_titans_e7a342b52d.log
atma_raven_titans,base,zero_shot,winogrande,,,,accuracy,0.5248618784530387,1267,/home/sagemaker-user/atma/benchmarks/logs/atma_10b/base_base_zero_shot_atma_raven_titans_e7a342b52d.log
atma_raven_titans,base,zero_shot,winogrande,,,,accuracy_norm,0.5201262825572218,1267,/home/sagemaker-user/atma/benchmarks/logs/atma_10b/base_base_zero_shot_atma_raven_titans_e7a342b52d.log
atma_raven_titans,longdoc,fixed_target,,codelion/finepdfs-1B,128k,,bits_per_byte,1.0730461732368142,8,/home/sagemaker-user/atma/benchmarks/logs/atma_10b/longdoc_longdoc_fixed_target_atma_raven_titans_3afcd709ab.log
atma_raven_titans,longdoc,fixed_target,,codelion/finepdfs-1B,128k,,nll_nats_per_token,1.320498138666153,8,/home/sagemaker-user/atma/benchmarks/logs/atma_10b/longdoc_longdoc_fixed_target_atma_raven_titans_3afcd709ab.log
atma_raven_titans,longdoc,fixed_target,,codelion/finepdfs-1B,128k,,perplexity,3.745286584719988,8,/home/sagemaker-user/atma/benchmarks/logs/atma_10b/longdoc_longdoc_fixed_target_atma_raven_titans_3afcd709ab.log
atma_raven_titans,longdoc,fixed_target,,codelion/finepdfs-1B,16k,,bits_per_byte,1.0539829002830012,8,/home/sagemaker-user/atma/benchmarks/logs/atma_10b/longdoc_longdoc_fixed_target_atma_raven_titans_3afcd709ab.log
atma_raven_titans,longdoc,fixed_target,,codelion/finepdfs-1B,16k,,nll_nats_per_token,1.2970387414097786,8,/home/sagemaker-user/atma/benchmarks/logs/atma_10b/longdoc_longdoc_fixed_target_atma_raven_titans_3afcd709ab.log
atma_raven_titans,longdoc,fixed_target,,codelion/finepdfs-1B,16k,,perplexity,3.6584470036010117,8,/home/sagemaker-user/atma/benchmarks/logs/atma_10b/longdoc_longdoc_fixed_target_atma_raven_titans_3afcd709ab.log
atma_raven_titans,longdoc,fixed_target,,codelion/finepdfs-1B,256k,,bits_per_byte,1.0739100142797222,8,/home/sagemaker-user/atma/benchmarks/logs/atma_10b/longdoc_longdoc_fixed_target_atma_raven_titans_3afcd709ab.log
atma_raven_titans,longdoc,fixed_target,,codelion/finepdfs-1B,256k,,nll_nats_per_token,1.321561187505722,8,/home/sagemaker-user/atma/benchmarks/logs/atma_10b/longdoc_longdoc_fixed_target_atma_raven_titans_3afcd709ab.log
atma_raven_titans,longdoc,fixed_target,,codelion/finepdfs-1B,256k,,perplexity,3.7492701242511255,8,/home/sagemaker-user/atma/benchmarks/logs/atma_10b/longdoc_longdoc_fixed_target_atma_raven_titans_3afcd709ab.log
atma_raven_titans,longdoc,fixed_target,,codelion/finepdfs-1B,2k,,bits_per_byte,1.0403709074916336,8,/home/sagemaker-user/atma/benchmarks/logs/atma_10b/longdoc_longdoc_fixed_target_atma_raven_titans_3afcd709ab.log
atma_raven_titans,longdoc,fixed_target,,codelion/finepdfs-1B,2k,,nll_nats_per_token,1.280287727713585,8,/home/sagemaker-user/atma/benchmarks/logs/atma_10b/longdoc_longdoc_fixed_target_atma_raven_titans_3afcd709ab.log
atma_raven_titans,longdoc,fixed_target,,codelion/finepdfs-1B,2k,,perplexity,3.597674727386321,8,/home/sagemaker-user/atma/benchmarks/logs/atma_10b/longdoc_longdoc_fixed_target_atma_raven_titans_3afcd709ab.log
atma_raven_titans,longdoc,fixed_target,,codelion/finepdfs-1B,32k,,bits_per_byte,1.0681318149639694,8,/home/sagemaker-user/atma/benchmarks/logs/atma_10b/longdoc_longdoc_fixed_target_atma_raven_titans_3afcd709ab.log
atma_raven_titans,longdoc,fixed_target,,codelion/finepdfs-1B,32k,,nll_nats_per_token,1.3144504949450493,8,/home/sagemaker-user/atma/benchmarks/logs/atma_10b/longdoc_longdoc_fixed_target_atma_raven_titans_3afcd709ab.log
atma_raven_titans,longdoc,fixed_target,,codelion/finepdfs-1B,32k,,perplexity,3.7227047780084885,8,/home/sagemaker-user/atma/benchmarks/logs/atma_10b/longdoc_longdoc_fixed_target_atma_raven_titans_3afcd709ab.log
atma_raven_titans,longdoc,fixed_target,,codelion/finepdfs-1B,4k,,bits_per_byte,1.013815744842519,8,/home/sagemaker-user/atma/benchmarks/logs/atma_10b/longdoc_longdoc_fixed_target_atma_raven_titans_3afcd709ab.log
atma_raven_titans,longdoc,fixed_target,,codelion/finepdfs-1B,4k,,nll_nats_per_token,1.247608758509159,8,/home/sagemaker-user/atma/benchmarks/logs/atma_10b/longdoc_longdoc_fixed_target_atma_raven_titans_3afcd709ab.log
atma_raven_titans,longdoc,fixed_target,,codelion/finepdfs-1B,4k,,perplexity,3.4820066755685284,8,/home/sagemaker-user/atma/benchmarks/logs/atma_10b/longdoc_longdoc_fixed_target_atma_raven_titans_3afcd709ab.log
atma_raven_titans,longdoc,fixed_target,,codelion/finepdfs-1B,64k,,bits_per_byte,1.0722026446882917,8,/home/sagemaker-user/atma/benchmarks/logs/atma_10b/longdoc_longdoc_fixed_target_atma_raven_titans_3afcd709ab.log
atma_raven_titans,longdoc,fixed_target,,codelion/finepdfs-1B,64k,,nll_nats_per_token,1.3194600865244865,8,/home/sagemaker-user/atma/benchmarks/logs/atma_10b/longdoc_longdoc_fixed_target_atma_raven_titans_3afcd709ab.log
atma_raven_titans,longdoc,fixed_target,,codelion/finepdfs-1B,64k,,perplexity,3.7414007991325184,8,/home/sagemaker-user/atma/benchmarks/logs/atma_10b/longdoc_longdoc_fixed_target_atma_raven_titans_3afcd709ab.log
atma_raven_titans,longdoc,fixed_target,,codelion/finepdfs-1B,8k,,bits_per_byte,1.0590682043916078,8,/home/sagemaker-user/atma/benchmarks/logs/atma_10b/longdoc_longdoc_fixed_target_atma_raven_titans_3afcd709ab.log
atma_raven_titans,longdoc,fixed_target,,codelion/finepdfs-1B,8k,,nll_nats_per_token,1.3032967522740364,8,/home/sagemaker-user/atma/benchmarks/logs/atma_10b/longdoc_longdoc_fixed_target_atma_raven_titans_3afcd709ab.log
atma_raven_titans,longdoc,fixed_target,,codelion/finepdfs-1B,8k,,perplexity,3.6814133916968683,8,/home/sagemaker-user/atma/benchmarks/logs/atma_10b/longdoc_longdoc_fixed_target_atma_raven_titans_3afcd709ab.log
atma_raven_titans,longdoc,fixed_target,,emozilla/pg19,128k,,bits_per_byte,1.2345650544878877,5,/home/sagemaker-user/atma/benchmarks/logs/atma_10b/longdoc_longdoc_fixed_target_atma_raven_titans_3afcd709ab.log
atma_raven_titans,longdoc,fixed_target,,emozilla/pg19,128k,,nll_nats_per_token,3.3687891483306887,5,/home/sagemaker-user/atma/benchmarks/logs/atma_10b/longdoc_longdoc_fixed_target_atma_raven_titans_3afcd709ab.log
atma_raven_titans,longdoc,fixed_target,,emozilla/pg19,128k,,perplexity,29.043338583079034,5,/home/sagemaker-user/atma/benchmarks/logs/atma_10b/longdoc_longdoc_fixed_target_atma_raven_titans_3afcd709ab.log
atma_raven_titans,longdoc,fixed_target,,emozilla/pg19,16k,,bits_per_byte,1.235209679457114,5,/home/sagemaker-user/atma/benchmarks/logs/atma_10b/longdoc_longdoc_fixed_target_atma_raven_titans_3afcd709ab.log
atma_raven_titans,longdoc,fixed_target,,emozilla/pg19,16k,,nll_nats_per_token,3.370548152923584,5,/home/sagemaker-user/atma/benchmarks/logs/atma_10b/longdoc_longdoc_fixed_target_atma_raven_titans_3afcd709ab.log
atma_raven_titans,longdoc,fixed_target,,emozilla/pg19,16k,,perplexity,29.094470906851832,5,/home/sagemaker-user/atma/benchmarks/logs/atma_10b/longdoc_longdoc_fixed_target_atma_raven_titans_3afcd709ab.log
atma_raven_titans,longdoc,fixed_target,,emozilla/pg19,256k,,bits_per_byte,1.2345581344985193,5,/home/sagemaker-user/atma/benchmarks/logs/atma_10b/longdoc_longdoc_fixed_target_atma_raven_titans_3afcd709ab.log
atma_raven_titans,longdoc,fixed_target,,emozilla/pg19,256k,,nll_nats_per_token,3.3687702655792235,5,/home/sagemaker-user/atma/benchmarks/logs/atma_10b/longdoc_longdoc_fixed_target_atma_raven_titans_3afcd709ab.log
atma_raven_titans,longdoc,fixed_target,,emozilla/pg19,256k,,perplexity,29.042790170112642,5,/home/sagemaker-user/atma/benchmarks/logs/atma_10b/longdoc_longdoc_fixed_target_atma_raven_titans_3afcd709ab.log
atma_raven_titans,longdoc,fixed_target,,emozilla/pg19,2k,,bits_per_byte,1.2464761211378133,5,/home/sagemaker-user/atma/benchmarks/logs/atma_10b/longdoc_longdoc_fixed_target_atma_raven_titans_3afcd709ab.log
atma_raven_titans,longdoc,fixed_target,,emozilla/pg19,2k,,nll_nats_per_token,3.4012911796569822,5,/home/sagemaker-user/atma/benchmarks/logs/atma_10b/longdoc_longdoc_fixed_target_atma_raven_titans_3afcd709ab.log
atma_raven_titans,longdoc,fixed_target,,emozilla/pg19,2k,,perplexity,30.00281407181989,5,/home/sagemaker-user/atma/benchmarks/logs/atma_10b/longdoc_longdoc_fixed_target_atma_raven_titans_3afcd709ab.log
atma_raven_titans,longdoc,fixed_target,,emozilla/pg19,32k,,bits_per_byte,1.234945129661535,5,/home/sagemaker-user/atma/benchmarks/logs/atma_10b/longdoc_longdoc_fixed_target_atma_raven_titans_3afcd709ab.log
atma_raven_titans,longdoc,fixed_target,,emozilla/pg19,32k,,nll_nats_per_token,3.3698262691497805,5,/home/sagemaker-user/atma/benchmarks/logs/atma_10b/longdoc_longdoc_fixed_target_atma_raven_titans_3afcd709ab.log
atma_raven_titans,longdoc,fixed_target,,emozilla/pg19,32k,,perplexity,29.073475659372768,5,/home/sagemaker-user/atma/benchmarks/logs/atma_10b/longdoc_longdoc_fixed_target_atma_raven_titans_3afcd709ab.log
atma_raven_titans,longdoc,fixed_target,,emozilla/pg19,4k,,bits_per_byte,1.242518673581475,5,/home/sagemaker-user/atma/benchmarks/logs/atma_10b/longdoc_longdoc_fixed_target_atma_raven_titans_3afcd709ab.log
atma_raven_titans,longdoc,fixed_target,,emozilla/pg19,4k,,nll_nats_per_token,3.390492391586304,5,/home/sagemaker-user/atma/benchmarks/logs/atma_10b/longdoc_longdoc_fixed_target_atma_raven_titans_3afcd709ab.log
atma_raven_titans,longdoc,fixed_target,,emozilla/pg19,4k,,perplexity,29.680563132504066,5,/home/sagemaker-user/atma/benchmarks/logs/atma_10b/longdoc_longdoc_fixed_target_atma_raven_titans_3afcd709ab.log
atma_raven_titans,longdoc,fixed_target,,emozilla/pg19,64k,,bits_per_byte,1.234472770488254,5,/home/sagemaker-user/atma/benchmarks/logs/atma_10b/longdoc_longdoc_fixed_target_atma_raven_titans_3afcd709ab.log
atma_raven_titans,longdoc,fixed_target,,emozilla/pg19,64k,,nll_nats_per_token,3.3685373306274413,5,/home/sagemaker-user/atma/benchmarks/logs/atma_10b/longdoc_longdoc_fixed_target_atma_raven_titans_3afcd709ab.log
atma_raven_titans,longdoc,fixed_target,,emozilla/pg19,64k,,perplexity,29.03602587703547,5,/home/sagemaker-user/atma/benchmarks/logs/atma_10b/longdoc_longdoc_fixed_target_atma_raven_titans_3afcd709ab.log
atma_raven_titans,longdoc,fixed_target,,emozilla/pg19,8k,,bits_per_byte,1.2362089014573125,5,/home/sagemaker-user/atma/benchmarks/logs/atma_10b/longdoc_longdoc_fixed_target_atma_raven_titans_3afcd709ab.log
atma_raven_titans,longdoc,fixed_target,,emozilla/pg19,8k,,nll_nats_per_token,3.3732747554779055,5,/home/sagemaker-user/atma/benchmarks/logs/atma_10b/longdoc_longdoc_fixed_target_atma_raven_titans_3afcd709ab.log
atma_raven_titans,longdoc,fixed_target,,emozilla/pg19,8k,,perplexity,29.17390821331064,5,/home/sagemaker-user/atma/benchmarks/logs/atma_10b/longdoc_longdoc_fixed_target_atma_raven_titans_3afcd709ab.log
atma_raven_titans,longdoc,fixed_target,,hoskinson-center/proof-pile,128k,,bits_per_byte,2.35081646631384,5,/home/sagemaker-user/atma/benchmarks/logs/atma_10b/longdoc_longdoc_fixed_target_atma_raven_titans_3afcd709ab.log
atma_raven_titans,longdoc,fixed_target,,hoskinson-center/proof-pile,128k,,nll_nats_per_token,4.122029161453247,5,/home/sagemaker-user/atma/benchmarks/logs/atma_10b/longdoc_longdoc_fixed_target_atma_raven_titans_3afcd709ab.log
atma_raven_titans,longdoc,fixed_target,,hoskinson-center/proof-pile,128k,,perplexity,61.68428272666113,5,/home/sagemaker-user/atma/benchmarks/logs/atma_10b/longdoc_longdoc_fixed_target_atma_raven_titans_3afcd709ab.log
atma_raven_titans,longdoc,fixed_target,,hoskinson-center/proof-pile,16k,,bits_per_byte,2.335578117641346,5,/home/sagemaker-user/atma/benchmarks/logs/atma_10b/longdoc_longdoc_fixed_target_atma_raven_titans_3afcd709ab.log
atma_raven_titans,longdoc,fixed_target,,hoskinson-center/proof-pile,16k,,nll_nats_per_token,4.095309543609619,5,/home/sagemaker-user/atma/benchmarks/logs/atma_10b/longdoc_longdoc_fixed_target_atma_raven_titans_3afcd709ab.log
atma_raven_titans,longdoc,fixed_target,,hoskinson-center/proof-pile,16k,,perplexity,60.057926827911416,5,/home/sagemaker-user/atma/benchmarks/logs/atma_10b/longdoc_longdoc_fixed_target_atma_raven_titans_3afcd709ab.log
atma_raven_titans,longdoc,fixed_target,,hoskinson-center/proof-pile,256k,,bits_per_byte,2.3452803883359246,5,/home/sagemaker-user/atma/benchmarks/logs/atma_10b/longdoc_longdoc_fixed_target_atma_raven_titans_3afcd709ab.log
atma_raven_titans,longdoc,fixed_target,,hoskinson-center/proof-pile,256k,,nll_nats_per_token,4.112321949005127,5,/home/sagemaker-user/atma/benchmarks/logs/atma_10b/longdoc_longdoc_fixed_target_atma_raven_titans_3afcd709ab.log
atma_raven_titans,longdoc,fixed_target,,hoskinson-center/proof-pile,256k,,perplexity,61.08839716258886,5,/home/sagemaker-user/atma/benchmarks/logs/atma_10b/longdoc_longdoc_fixed_target_atma_raven_titans_3afcd709ab.log
atma_raven_titans,longdoc,fixed_target,,hoskinson-center/proof-pile,2k,,bits_per_byte,2.2881456705061454,5,/home/sagemaker-user/atma/benchmarks/logs/atma_10b/longdoc_longdoc_fixed_target_atma_raven_titans_3afcd709ab.log
atma_raven_titans,longdoc,fixed_target,,hoskinson-center/proof-pile,2k,,nll_nats_per_token,4.012139320373535,5,/home/sagemaker-user/atma/benchmarks/logs/atma_10b/longdoc_longdoc_fixed_target_atma_raven_titans_3afcd709ab.log
atma_raven_titans,longdoc,fixed_target,,hoskinson-center/proof-pile,2k,,perplexity,55.26497367234699,5,/home/sagemaker-user/atma/benchmarks/logs/atma_10b/longdoc_longdoc_fixed_target_atma_raven_titans_3afcd709ab.log
atma_raven_titans,longdoc,fixed_target,,hoskinson-center/proof-pile,32k,,bits_per_byte,2.343777414210008,5,/home/sagemaker-user/atma/benchmarks/logs/atma_10b/longdoc_longdoc_fixed_target_atma_raven_titans_3afcd709ab.log
atma_raven_titans,longdoc,fixed_target,,hoskinson-center/proof-pile,32k,,nll_nats_per_token,4.10968656539917,5,/home/sagemaker-user/atma/benchmarks/logs/atma_10b/longdoc_longdoc_fixed_target_atma_raven_titans_3afcd709ab.log
atma_raven_titans,longdoc,fixed_target,,hoskinson-center/proof-pile,32k,,perplexity,60.927617752956955,5,/home/sagemaker-user/atma/benchmarks/logs/atma_10b/longdoc_longdoc_fixed_target_atma_raven_titans_3afcd709ab.log
atma_raven_titans,longdoc,fixed_target,,hoskinson-center/proof-pile,4k,,bits_per_byte,2.3072029407874655,5,/home/sagemaker-user/atma/benchmarks/logs/atma_10b/longdoc_longdoc_fixed_target_atma_raven_titans_3afcd709ab.log
atma_raven_titans,longdoc,fixed_target,,hoskinson-center/proof-pile,4k,,nll_nats_per_token,4.045555210113525,5,/home/sagemaker-user/atma/benchmarks/logs/atma_10b/longdoc_longdoc_fixed_target_atma_raven_titans_3afcd709ab.log
atma_raven_titans,longdoc,fixed_target,,hoskinson-center/proof-pile,4k,,perplexity,57.14290354635349,5,/home/sagemaker-user/atma/benchmarks/logs/atma_10b/longdoc_longdoc_fixed_target_atma_raven_titans_3afcd709ab.log
atma_raven_titans,longdoc,fixed_target,,hoskinson-center/proof-pile,64k,,bits_per_byte,2.3465298844668405,5,/home/sagemaker-user/atma/benchmarks/logs/atma_10b/longdoc_longdoc_fixed_target_atma_raven_titans_3afcd709ab.log
atma_raven_titans,longdoc,fixed_target,,hoskinson-center/proof-pile,64k,,nll_nats_per_token,4.114512872695923,5,/home/sagemaker-user/atma/benchmarks/logs/atma_10b/longdoc_longdoc_fixed_target_atma_raven_titans_3afcd709ab.log
atma_raven_titans,longdoc,fixed_target,,hoskinson-center/proof-pile,64k,,perplexity,61.222383902930666,5,/home/sagemaker-user/atma/benchmarks/logs/atma_10b/longdoc_longdoc_fixed_target_atma_raven_titans_3afcd709ab.log
atma_raven_titans,longdoc,fixed_target,,hoskinson-center/proof-pile,8k,,bits_per_byte,2.326874394151832,5,/home/sagemaker-user/atma/benchmarks/logs/atma_10b/longdoc_longdoc_fixed_target_atma_raven_titans_3afcd709ab.log
atma_raven_titans,longdoc,fixed_target,,hoskinson-center/proof-pile,8k,,nll_nats_per_token,4.080048036575318,5,/home/sagemaker-user/atma/benchmarks/logs/atma_10b/longdoc_longdoc_fixed_target_atma_raven_titans_3afcd709ab.log
atma_raven_titans,longdoc,fixed_target,,hoskinson-center/proof-pile,8k,,perplexity,59.14831106393995,5,/home/sagemaker-user/atma/benchmarks/logs/atma_10b/longdoc_longdoc_fixed_target_atma_raven_titans_3afcd709ab.log
atma_raven_titans,retrieval,real,niah,codelion/finepdfs-1B,128k,0.1,exact_match,0.0,50,/home/sagemaker-user/atma/benchmarks/logs/atma_10b/retrieval_retrieval_real_atma_raven_titans_e4d1f67de3.log
atma_raven_titans,retrieval,real,niah,codelion/finepdfs-1B,128k,0.1,nll_nats_per_token,4.962597427368164,50,/home/sagemaker-user/atma/benchmarks/logs/atma_10b/retrieval_retrieval_real_atma_raven_titans_e4d1f67de3.log
atma_raven_titans,retrieval,real,niah,codelion/finepdfs-1B,128k,0.1,token_accuracy,0.8,50,/home/sagemaker-user/atma/benchmarks/logs/atma_10b/retrieval_retrieval_real_atma_raven_titans_e4d1f67de3.log
atma_raven_titans,retrieval,real,niah,codelion/finepdfs-1B,128k,0.5,exact_match,0.0,50,/home/sagemaker-user/atma/benchmarks/logs/atma_10b/retrieval_retrieval_real_atma_raven_titans_e4d1f67de3.log
atma_raven_titans,retrieval,real,niah,codelion/finepdfs-1B,128k,0.5,nll_nats_per_token,4.962016052246094,50,/home/sagemaker-user/atma/benchmarks/logs/atma_10b/retrieval_retrieval_real_atma_raven_titans_e4d1f67de3.log
atma_raven_titans,retrieval,real,niah,codelion/finepdfs-1B,128k,0.5,token_accuracy,0.8,50,/home/sagemaker-user/atma/benchmarks/logs/atma_10b/retrieval_retrieval_real_atma_raven_titans_e4d1f67de3.log
atma_raven_titans,retrieval,real,niah,codelion/finepdfs-1B,128k,0.9,exact_match,0.0,50,/home/sagemaker-user/atma/benchmarks/logs/atma_10b/retrieval_retrieval_real_atma_raven_titans_e4d1f67de3.log
atma_raven_titans,retrieval,real,niah,codelion/finepdfs-1B,128k,0.9,nll_nats_per_token,4.961274856567383,50,/home/sagemaker-user/atma/benchmarks/logs/atma_10b/retrieval_retrieval_real_atma_raven_titans_e4d1f67de3.log
atma_raven_titans,retrieval,real,niah,codelion/finepdfs-1B,128k,0.9,token_accuracy,0.8,50,/home/sagemaker-user/atma/benchmarks/logs/atma_10b/retrieval_retrieval_real_atma_raven_titans_e4d1f67de3.log
atma_raven_titans,retrieval,real,niah,codelion/finepdfs-1B,16k,0.1,exact_match,0.0,50,/home/sagemaker-user/atma/benchmarks/logs/atma_10b/retrieval_retrieval_real_atma_raven_titans_e4d1f67de3.log
atma_raven_titans,retrieval,real,niah,codelion/finepdfs-1B,16k,0.1,nll_nats_per_token,5.336368125915527,50,/home/sagemaker-user/atma/benchmarks/logs/atma_10b/retrieval_retrieval_real_atma_raven_titans_e4d1f67de3.log
atma_raven_titans,retrieval,real,niah,codelion/finepdfs-1B,16k,0.1,token_accuracy,0.0,50,/home/sagemaker-user/atma/benchmarks/logs/atma_10b/retrieval_retrieval_real_atma_raven_titans_e4d1f67de3.log
atma_raven_titans,retrieval,real,niah,codelion/finepdfs-1B,16k,0.5,exact_match,0.0,50,/home/sagemaker-user/atma/benchmarks/logs/atma_10b/retrieval_retrieval_real_atma_raven_titans_e4d1f67de3.log
atma_raven_titans,retrieval,real,niah,codelion/finepdfs-1B,16k,0.5,nll_nats_per_token,5.33555191040039,50,/home/sagemaker-user/atma/benchmarks/logs/atma_10b/retrieval_retrieval_real_atma_raven_titans_e4d1f67de3.log
atma_raven_titans,retrieval,real,niah,codelion/finepdfs-1B,16k,0.5,token_accuracy,0.0,50,/home/sagemaker-user/atma/benchmarks/logs/atma_10b/retrieval_retrieval_real_atma_raven_titans_e4d1f67de3.log
atma_raven_titans,retrieval,real,niah,codelion/finepdfs-1B,16k,0.9,exact_match,0.0,50,/home/sagemaker-user/atma/benchmarks/logs/atma_10b/retrieval_retrieval_real_atma_raven_titans_e4d1f67de3.log
atma_raven_titans,retrieval,real,niah,codelion/finepdfs-1B,16k,0.9,nll_nats_per_token,5.239897537231445,50,/home/sagemaker-user/atma/benchmarks/logs/atma_10b/retrieval_retrieval_real_atma_raven_titans_e4d1f67de3.log
atma_raven_titans,retrieval,real,niah,codelion/finepdfs-1B,16k,0.9,token_accuracy,0.0,50,/home/sagemaker-user/atma/benchmarks/logs/atma_10b/retrieval_retrieval_real_atma_raven_titans_e4d1f67de3.log
atma_raven_titans,retrieval,real,niah,codelion/finepdfs-1B,256k,0.1,exact_match,0.0,50,/home/sagemaker-user/atma/benchmarks/logs/atma_10b/retrieval_retrieval_real_atma_raven_titans_e4d1f67de3.log
atma_raven_titans,retrieval,real,niah,codelion/finepdfs-1B,256k,0.1,nll_nats_per_token,5.578489646911621,50,/home/sagemaker-user/atma/benchmarks/logs/atma_10b/retrieval_retrieval_real_atma_raven_titans_e4d1f67de3.log
atma_raven_titans,retrieval,real,niah,codelion/finepdfs-1B,256k,0.1,token_accuracy,0.4,50,/home/sagemaker-user/atma/benchmarks/logs/atma_10b/retrieval_retrieval_real_atma_raven_titans_e4d1f67de3.log
atma_raven_titans,retrieval,real,niah,codelion/finepdfs-1B,256k,0.5,exact_match,0.0,50,/home/sagemaker-user/atma/benchmarks/logs/atma_10b/retrieval_retrieval_real_atma_raven_titans_e4d1f67de3.log
atma_raven_titans,retrieval,real,niah,codelion/finepdfs-1B,256k,0.5,nll_nats_per_token,5.574964630126953,50,/home/sagemaker-user/atma/benchmarks/logs/atma_10b/retrieval_retrieval_real_atma_raven_titans_e4d1f67de3.log
atma_raven_titans,retrieval,real,niah,codelion/finepdfs-1B,256k,0.5,token_accuracy,0.4,50,/home/sagemaker-user/atma/benchmarks/logs/atma_10b/retrieval_retrieval_real_atma_raven_titans_e4d1f67de3.log
atma_raven_titans,retrieval,real,niah,codelion/finepdfs-1B,256k,0.9,exact_match,0.0,50,/home/sagemaker-user/atma/benchmarks/logs/atma_10b/retrieval_retrieval_real_atma_raven_titans_e4d1f67de3.log
atma_raven_titans,retrieval,real,niah,codelion/finepdfs-1B,256k,0.9,nll_nats_per_token,5.577212112426758,50,/home/sagemaker-user/atma/benchmarks/logs/atma_10b/retrieval_retrieval_real_atma_raven_titans_e4d1f67de3.log
atma_raven_titans,retrieval,real,niah,codelion/finepdfs-1B,256k,0.9,token_accuracy,0.4,50,/home/sagemaker-user/atma/benchmarks/logs/atma_10b/retrieval_retrieval_real_atma_raven_titans_e4d1f67de3.log
atma_raven_titans,retrieval,real,niah,codelion/finepdfs-1B,2k,0.1,exact_match,0.0,50,/home/sagemaker-user/atma/benchmarks/logs/atma_10b/retrieval_retrieval_real_atma_raven_titans_e4d1f67de3.log
atma_raven_titans,retrieval,real,niah,codelion/finepdfs-1B,2k,0.1,nll_nats_per_token,5.534731239318847,50,/home/sagemaker-user/atma/benchmarks/logs/atma_10b/retrieval_retrieval_real_atma_raven_titans_e4d1f67de3.log
atma_raven_titans,retrieval,real,niah,codelion/finepdfs-1B,2k,0.1,token_accuracy,0.0,50,/home/sagemaker-user/atma/benchmarks/logs/atma_10b/retrieval_retrieval_real_atma_raven_titans_e4d1f67de3.log
atma_raven_titans,retrieval,real,niah,codelion/finepdfs-1B,2k,0.5,exact_match,0.0,50,/home/sagemaker-user/atma/benchmarks/logs/atma_10b/retrieval_retrieval_real_atma_raven_titans_e4d1f67de3.log
atma_raven_titans,retrieval,real,niah,codelion/finepdfs-1B,2k,0.5,nll_nats_per_token,5.254254936218262,50,/home/sagemaker-user/atma/benchmarks/logs/atma_10b/retrieval_retrieval_real_atma_raven_titans_e4d1f67de3.log
atma_raven_titans,retrieval,real,niah,codelion/finepdfs-1B,2k,0.5,token_accuracy,0.0,50,/home/sagemaker-user/atma/benchmarks/logs/atma_10b/retrieval_retrieval_real_atma_raven_titans_e4d1f67de3.log
atma_raven_titans,retrieval,real,niah,codelion/finepdfs-1B,2k,0.9,exact_match,2.0,50,/home/sagemaker-user/atma/benchmarks/logs/atma_10b/retrieval_retrieval_real_atma_raven_titans_e4d1f67de3.log
atma_raven_titans,retrieval,real,niah,codelion/finepdfs-1B,2k,0.9,nll_nats_per_token,1.6357917499542236,50,/home/sagemaker-user/atma/benchmarks/logs/atma_10b/retrieval_retrieval_real_atma_raven_titans_e4d1f67de3.log
atma_raven_titans,retrieval,real,niah,codelion/finepdfs-1B,2k,0.9,token_accuracy,61.2,50,/home/sagemaker-user/atma/benchmarks/logs/atma_10b/retrieval_retrieval_real_atma_raven_titans_e4d1f67de3.log
atma_raven_titans,retrieval,real,niah,codelion/finepdfs-1B,32k,0.1,exact_match,0.0,50,/home/sagemaker-user/atma/benchmarks/logs/atma_10b/retrieval_retrieval_real_atma_raven_titans_e4d1f67de3.log
atma_raven_titans,retrieval,real,niah,codelion/finepdfs-1B,32k,0.1,nll_nats_per_token,5.769720161437989,50,/home/sagemaker-user/atma/benchmarks/logs/atma_10b/retrieval_retrieval_real_atma_raven_titans_e4d1f67de3.log
atma_raven_titans,retrieval,real,niah,codelion/finepdfs-1B,32k,0.1,token_accuracy,0.0,50,/home/sagemaker-user/atma/benchmarks/logs/atma_10b/retrieval_retrieval_real_atma_raven_titans_e4d1f67de3.log
atma_raven_titans,retrieval,real,niah,codelion/finepdfs-1B,32k,0.5,exact_match,0.0,50,/home/sagemaker-user/atma/benchmarks/logs/atma_10b/retrieval_retrieval_real_atma_raven_titans_e4d1f67de3.log
atma_raven_titans,retrieval,real,niah,codelion/finepdfs-1B,32k,0.5,nll_nats_per_token,5.768237716674805,50,/home/sagemaker-user/atma/benchmarks/logs/atma_10b/retrieval_retrieval_real_atma_raven_titans_e4d1f67de3.log
atma_raven_titans,retrieval,real,niah,codelion/finepdfs-1B,32k,0.5,token_accuracy,0.0,50,/home/sagemaker-user/atma/benchmarks/logs/atma_10b/retrieval_retrieval_real_atma_raven_titans_e4d1f67de3.log
atma_raven_titans,retrieval,real,niah,codelion/finepdfs-1B,32k,0.9,exact_match,0.0,50,/home/sagemaker-user/atma/benchmarks/logs/atma_10b/retrieval_retrieval_real_atma_raven_titans_e4d1f67de3.log
atma_raven_titans,retrieval,real,niah,codelion/finepdfs-1B,32k,0.9,nll_nats_per_token,5.669777481079102,50,/home/sagemaker-user/atma/benchmarks/logs/atma_10b/retrieval_retrieval_real_atma_raven_titans_e4d1f67de3.log
atma_raven_titans,retrieval,real,niah,codelion/finepdfs-1B,32k,0.9,token_accuracy,0.0,50,/home/sagemaker-user/atma/benchmarks/logs/atma_10b/retrieval_retrieval_real_atma_raven_titans_e4d1f67de3.log
atma_raven_titans,retrieval,real,niah,codelion/finepdfs-1B,4k,0.1,exact_match,0.0,50,/home/sagemaker-user/atma/benchmarks/logs/atma_10b/retrieval_retrieval_real_atma_raven_titans_e4d1f67de3.log
atma_raven_titans,retrieval,real,niah,codelion/finepdfs-1B,4k,0.1,nll_nats_per_token,5.338426277160645,50,/home/sagemaker-user/atma/benchmarks/logs/atma_10b/retrieval_retrieval_real_atma_raven_titans_e4d1f67de3.log
atma_raven_titans,retrieval,real,niah,codelion/finepdfs-1B,4k,0.1,token_accuracy,0.0,50,/home/sagemaker-user/atma/benchmarks/logs/atma_10b/retrieval_retrieval_real_atma_raven_titans_e4d1f67de3.log
atma_raven_titans,retrieval,real,niah,codelion/finepdfs-1B,4k,0.5,exact_match,0.0,50,/home/sagemaker-user/atma/benchmarks/logs/atma_10b/retrieval_retrieval_real_atma_raven_titans_e4d1f67de3.log
atma_raven_titans,retrieval,real,niah,codelion/finepdfs-1B,4k,0.5,nll_nats_per_token,5.197500946044922,50,/home/sagemaker-user/atma/benchmarks/logs/atma_10b/retrieval_retrieval_real_atma_raven_titans_e4d1f67de3.log
atma_raven_titans,retrieval,real,niah,codelion/finepdfs-1B,4k,0.5,token_accuracy,0.0,50,/home/sagemaker-user/atma/benchmarks/logs/atma_10b/retrieval_retrieval_real_atma_raven_titans_e4d1f67de3.log
atma_raven_titans,retrieval,real,niah,codelion/finepdfs-1B,4k,0.9,exact_match,0.0,50,/home/sagemaker-user/atma/benchmarks/logs/atma_10b/retrieval_retrieval_real_atma_raven_titans_e4d1f67de3.log
atma_raven_titans,retrieval,real,niah,codelion/finepdfs-1B,4k,0.9,nll_nats_per_token,4.242692199707031,50,/home/sagemaker-user/atma/benchmarks/logs/atma_10b/retrieval_retrieval_real_atma_raven_titans_e4d1f67de3.log
atma_raven_titans,retrieval,real,niah,codelion/finepdfs-1B,4k,0.9,token_accuracy,0.4,50,/home/sagemaker-user/atma/benchmarks/logs/atma_10b/retrieval_retrieval_real_atma_raven_titans_e4d1f67de3.log
atma_raven_titans,retrieval,real,niah,codelion/finepdfs-1B,64k,0.1,exact_match,0.0,50,/home/sagemaker-user/atma/benchmarks/logs/atma_10b/retrieval_retrieval_real_atma_raven_titans_e4d1f67de3.log
atma_raven_titans,retrieval,real,niah,codelion/finepdfs-1B,64k,0.1,nll_nats_per_token,6.033938980102539,50,/home/sagemaker-user/atma/benchmarks/logs/atma_10b/retrieval_retrieval_real_atma_raven_titans_e4d1f67de3.log
atma_raven_titans,retrieval,real,niah,codelion/finepdfs-1B,64k,0.1,token_accuracy,0.0,50,/home/sagemaker-user/atma/benchmarks/logs/atma_10b/retrieval_retrieval_real_atma_raven_titans_e4d1f67de3.log
atma_raven_titans,retrieval,real,niah,codelion/finepdfs-1B,64k,0.5,exact_match,0.0,50,/home/sagemaker-user/atma/benchmarks/logs/atma_10b/retrieval_retrieval_real_atma_raven_titans_e4d1f67de3.log
atma_raven_titans,retrieval,real,niah,codelion/finepdfs-1B,64k,0.5,nll_nats_per_token,6.035014945983887,50,/home/sagemaker-user/atma/benchmarks/logs/atma_10b/retrieval_retrieval_real_atma_raven_titans_e4d1f67de3.log
atma_raven_titans,retrieval,real,niah,codelion/finepdfs-1B,64k,0.5,token_accuracy,0.0,50,/home/sagemaker-user/atma/benchmarks/logs/atma_10b/retrieval_retrieval_real_atma_raven_titans_e4d1f67de3.log
atma_raven_titans,retrieval,real,niah,codelion/finepdfs-1B,64k,0.9,exact_match,0.0,50,/home/sagemaker-user/atma/benchmarks/logs/atma_10b/retrieval_retrieval_real_atma_raven_titans_e4d1f67de3.log
atma_raven_titans,retrieval,real,niah,codelion/finepdfs-1B,64k,0.9,nll_nats_per_token,6.015446304321289,50,/home/sagemaker-user/atma/benchmarks/logs/atma_10b/retrieval_retrieval_real_atma_raven_titans_e4d1f67de3.log
atma_raven_titans,retrieval,real,niah,codelion/finepdfs-1B,64k,0.9,token_accuracy,0.0,50,/home/sagemaker-user/atma/benchmarks/logs/atma_10b/retrieval_retrieval_real_atma_raven_titans_e4d1f67de3.log
atma_raven_titans,retrieval,real,niah,codelion/finepdfs-1B,8k,0.1,exact_match,0.0,50,/home/sagemaker-user/atma/benchmarks/logs/atma_10b/retrieval_retrieval_real_atma_raven_titans_e4d1f67de3.log
atma_raven_titans,retrieval,real,niah,codelion/finepdfs-1B,8k,0.1,nll_nats_per_token,5.2176447677612305,50,/home/sagemaker-user/atma/benchmarks/logs/atma_10b/retrieval_retrieval_real_atma_raven_titans_e4d1f67de3.log
atma_raven_titans,retrieval,real,niah,codelion/finepdfs-1B,8k,0.1,token_accuracy,0.0,50,/home/sagemaker-user/atma/benchmarks/logs/atma_10b/retrieval_retrieval_real_atma_raven_titans_e4d1f67de3.log
atma_raven_titans,retrieval,real,niah,codelion/finepdfs-1B,8k,0.5,exact_match,0.0,50,/home/sagemaker-user/atma/benchmarks/logs/atma_10b/retrieval_retrieval_real_atma_raven_titans_e4d1f67de3.log
atma_raven_titans,retrieval,real,niah,codelion/finepdfs-1B,8k,0.5,nll_nats_per_token,5.21485668182373,50,/home/sagemaker-user/atma/benchmarks/logs/atma_10b/retrieval_retrieval_real_atma_raven_titans_e4d1f67de3.log
atma_raven_titans,retrieval,real,niah,codelion/finepdfs-1B,8k,0.5,token_accuracy,0.0,50,/home/sagemaker-user/atma/benchmarks/logs/atma_10b/retrieval_retrieval_real_atma_raven_titans_e4d1f67de3.log
atma_raven_titans,retrieval,real,niah,codelion/finepdfs-1B,8k,0.9,exact_match,0.0,50,/home/sagemaker-user/atma/benchmarks/logs/atma_10b/retrieval_retrieval_real_atma_raven_titans_e4d1f67de3.log
atma_raven_titans,retrieval,real,niah,codelion/finepdfs-1B,8k,0.9,nll_nats_per_token,4.51248908996582,50,/home/sagemaker-user/atma/benchmarks/logs/atma_10b/retrieval_retrieval_real_atma_raven_titans_e4d1f67de3.log
atma_raven_titans,retrieval,real,niah,codelion/finepdfs-1B,8k,0.9,token_accuracy,0.4,50,/home/sagemaker-user/atma/benchmarks/logs/atma_10b/retrieval_retrieval_real_atma_raven_titans_e4d1f67de3.log
atma_raven_titans,retrieval,real,passkey,codelion/finepdfs-1B,128k,0.1,exact_match,0.0,50,/home/sagemaker-user/atma/benchmarks/logs/atma_10b/retrieval_retrieval_real_atma_raven_titans_e4d1f67de3.log
atma_raven_titans,retrieval,real,passkey,codelion/finepdfs-1B,128k,0.1,nll_nats_per_token,5.508191566467286,50,/home/sagemaker-user/atma/benchmarks/logs/atma_10b/retrieval_retrieval_real_atma_raven_titans_e4d1f67de3.log
atma_raven_titans,retrieval,real,passkey,codelion/finepdfs-1B,128k,0.1,token_accuracy,2.4,50,/home/sagemaker-user/atma/benchmarks/logs/atma_10b/retrieval_retrieval_real_atma_raven_titans_e4d1f67de3.log
atma_raven_titans,retrieval,real,passkey,codelion/finepdfs-1B,128k,0.5,exact_match,0.0,50,/home/sagemaker-user/atma/benchmarks/logs/atma_10b/retrieval_retrieval_real_atma_raven_titans_e4d1f67de3.log
atma_raven_titans,retrieval,real,passkey,codelion/finepdfs-1B,128k,0.5,nll_nats_per_token,5.509939804077148,50,/home/sagemaker-user/atma/benchmarks/logs/atma_10b/retrieval_retrieval_real_atma_raven_titans_e4d1f67de3.log
atma_raven_titans,retrieval,real,passkey,codelion/finepdfs-1B,128k,0.5,token_accuracy,2.4,50,/home/sagemaker-user/atma/benchmarks/logs/atma_10b/retrieval_retrieval_real_atma_raven_titans_e4d1f67de3.log
atma_raven_titans,retrieval,real,passkey,codelion/finepdfs-1B,128k,0.9,exact_match,0.0,50,/home/sagemaker-user/atma/benchmarks/logs/atma_10b/retrieval_retrieval_real_atma_raven_titans_e4d1f67de3.log
atma_raven_titans,retrieval,real,passkey,codelion/finepdfs-1B,128k,0.9,nll_nats_per_token,5.508172164916992,50,/home/sagemaker-user/atma/benchmarks/logs/atma_10b/retrieval_retrieval_real_atma_raven_titans_e4d1f67de3.log
atma_raven_titans,retrieval,real,passkey,codelion/finepdfs-1B,128k,0.9,token_accuracy,2.4,50,/home/sagemaker-user/atma/benchmarks/logs/atma_10b/retrieval_retrieval_real_atma_raven_titans_e4d1f67de3.log
atma_raven_titans,retrieval,real,passkey,codelion/finepdfs-1B,16k,0.1,exact_match,0.0,50,/home/sagemaker-user/atma/benchmarks/logs/atma_10b/retrieval_retrieval_real_atma_raven_titans_e4d1f67de3.log
atma_raven_titans,retrieval,real,passkey,codelion/finepdfs-1B,16k,0.1,nll_nats_per_token,5.294632164001465,50,/home/sagemaker-user/atma/benchmarks/logs/atma_10b/retrieval_retrieval_real_atma_raven_titans_e4d1f67de3.log
atma_raven_titans,retrieval,real,passkey,codelion/finepdfs-1B,16k,0.1,token_accuracy,0.4,50,/home/sagemaker-user/atma/benchmarks/logs/atma_10b/retrieval_retrieval_real_atma_raven_titans_e4d1f67de3.log
atma_raven_titans,retrieval,real,passkey,codelion/finepdfs-1B,16k,0.5,exact_match,0.0,50,/home/sagemaker-user/atma/benchmarks/logs/atma_10b/retrieval_retrieval_real_atma_raven_titans_e4d1f67de3.log
atma_raven_titans,retrieval,real,passkey,codelion/finepdfs-1B,16k,0.5,nll_nats_per_token,5.29209814453125,50,/home/sagemaker-user/atma/benchmarks/logs/atma_10b/retrieval_retrieval_real_atma_raven_titans_e4d1f67de3.log
atma_raven_titans,retrieval,real,passkey,codelion/finepdfs-1B,16k,0.5,token_accuracy,0.4,50,/home/sagemaker-user/atma/benchmarks/logs/atma_10b/retrieval_retrieval_real_atma_raven_titans_e4d1f67de3.log
atma_raven_titans,retrieval,real,passkey,codelion/finepdfs-1B,16k,0.9,exact_match,0.0,50,/home/sagemaker-user/atma/benchmarks/logs/atma_10b/retrieval_retrieval_real_atma_raven_titans_e4d1f67de3.log
atma_raven_titans,retrieval,real,passkey,codelion/finepdfs-1B,16k,0.9,nll_nats_per_token,5.202169822692871,50,/home/sagemaker-user/atma/benchmarks/logs/atma_10b/retrieval_retrieval_real_atma_raven_titans_e4d1f67de3.log
atma_raven_titans,retrieval,real,passkey,codelion/finepdfs-1B,16k,0.9,token_accuracy,0.4,50,/home/sagemaker-user/atma/benchmarks/logs/atma_10b/retrieval_retrieval_real_atma_raven_titans_e4d1f67de3.log
atma_raven_titans,retrieval,real,passkey,codelion/finepdfs-1B,256k,0.1,exact_match,0.0,50,/home/sagemaker-user/atma/benchmarks/logs/atma_10b/retrieval_retrieval_real_atma_raven_titans_e4d1f67de3.log
atma_raven_titans,retrieval,real,passkey,codelion/finepdfs-1B,256k,0.1,nll_nats_per_token,6.1194414749145505,50,/home/sagemaker-user/atma/benchmarks/logs/atma_10b/retrieval_retrieval_real_atma_raven_titans_e4d1f67de3.log
atma_raven_titans,retrieval,real,passkey,codelion/finepdfs-1B,256k,0.1,token_accuracy,0.8,50,/home/sagemaker-user/atma/benchmarks/logs/atma_10b/retrieval_retrieval_real_atma_raven_titans_e4d1f67de3.log
atma_raven_titans,retrieval,real,passkey,codelion/finepdfs-1B,256k,0.5,exact_match,0.0,50,/home/sagemaker-user/atma/benchmarks/logs/atma_10b/retrieval_retrieval_real_atma_raven_titans_e4d1f67de3.log
atma_raven_titans,retrieval,real,passkey,codelion/finepdfs-1B,256k,0.5,nll_nats_per_token,6.1195961990356444,50,/home/sagemaker-user/atma/benchmarks/logs/atma_10b/retrieval_retrieval_real_atma_raven_titans_e4d1f67de3.log
atma_raven_titans,retrieval,real,passkey,codelion/finepdfs-1B,256k,0.5,token_accuracy,1.2,50,/home/sagemaker-user/atma/benchmarks/logs/atma_10b/retrieval_retrieval_real_atma_raven_titans_e4d1f67de3.log
atma_raven_titans,retrieval,real,passkey,codelion/finepdfs-1B,256k,0.9,exact_match,0.0,50,/home/sagemaker-user/atma/benchmarks/logs/atma_10b/retrieval_retrieval_real_atma_raven_titans_e4d1f67de3.log
atma_raven_titans,retrieval,real,passkey,codelion/finepdfs-1B,256k,0.9,nll_nats_per_token,6.120462539672851,50,/home/sagemaker-user/atma/benchmarks/logs/atma_10b/retrieval_retrieval_real_atma_raven_titans_e4d1f67de3.log
atma_raven_titans,retrieval,real,passkey,codelion/finepdfs-1B,256k,0.9,token_accuracy,0.8,50,/home/sagemaker-user/atma/benchmarks/logs/atma_10b/retrieval_retrieval_real_atma_raven_titans_e4d1f67de3.log
atma_raven_titans,retrieval,real,passkey,codelion/finepdfs-1B,2k,0.1,exact_match,0.0,50,/home/sagemaker-user/atma/benchmarks/logs/atma_10b/retrieval_retrieval_real_atma_raven_titans_e4d1f67de3.log
atma_raven_titans,retrieval,real,passkey,codelion/finepdfs-1B,2k,0.1,nll_nats_per_token,5.335706932067871,50,/home/sagemaker-user/atma/benchmarks/logs/atma_10b/retrieval_retrieval_real_atma_raven_titans_e4d1f67de3.log
atma_raven_titans,retrieval,real,passkey,codelion/finepdfs-1B,2k,0.1,token_accuracy,0.8,50,/home/sagemaker-user/atma/benchmarks/logs/atma_10b/retrieval_retrieval_real_atma_raven_titans_e4d1f67de3.log
atma_raven_titans,retrieval,real,passkey,codelion/finepdfs-1B,2k,0.5,exact_match,0.0,50,/home/sagemaker-user/atma/benchmarks/logs/atma_10b/retrieval_retrieval_real_atma_raven_titans_e4d1f67de3.log
atma_raven_titans,retrieval,real,passkey,codelion/finepdfs-1B,2k,0.5,nll_nats_per_token,4.94034676361084,50,/home/sagemaker-user/atma/benchmarks/logs/atma_10b/retrieval_retrieval_real_atma_raven_titans_e4d1f67de3.log
atma_raven_titans,retrieval,real,passkey,codelion/finepdfs-1B,2k,0.5,token_accuracy,1.6,50,/home/sagemaker-user/atma/benchmarks/logs/atma_10b/retrieval_retrieval_real_atma_raven_titans_e4d1f67de3.log
atma_raven_titans,retrieval,real,passkey,codelion/finepdfs-1B,2k,0.9,exact_match,26.0,50,/home/sagemaker-user/atma/benchmarks/logs/atma_10b/retrieval_retrieval_real_atma_raven_titans_e4d1f67de3.log
atma_raven_titans,retrieval,real,passkey,codelion/finepdfs-1B,2k,0.9,nll_nats_per_token,0.9945362367630005,50,/home/sagemaker-user/atma/benchmarks/logs/atma_10b/retrieval_retrieval_real_atma_raven_titans_e4d1f67de3.log
atma_raven_titans,retrieval,real,passkey,codelion/finepdfs-1B,2k,0.9,token_accuracy,75.6,50,/home/sagemaker-user/atma/benchmarks/logs/atma_10b/retrieval_retrieval_real_atma_raven_titans_e4d1f67de3.log
atma_raven_titans,retrieval,real,passkey,codelion/finepdfs-1B,32k,0.1,exact_match,0.0,50,/home/sagemaker-user/atma/benchmarks/logs/atma_10b/retrieval_retrieval_real_atma_raven_titans_e4d1f67de3.log
atma_raven_titans,retrieval,real,passkey,codelion/finepdfs-1B,32k,0.1,nll_nats_per_token,5.492723625183105,50,/home/sagemaker-user/atma/benchmarks/logs/atma_10b/retrieval_retrieval_real_atma_raven_titans_e4d1f67de3.log
atma_raven_titans,retrieval,real,passkey,codelion/finepdfs-1B,32k,0.1,token_accuracy,2.8,50,/home/sagemaker-user/atma/benchmarks/logs/atma_10b/retrieval_retrieval_real_atma_raven_titans_e4d1f67de3.log
atma_raven_titans,retrieval,real,passkey,codelion/finepdfs-1B,32k,0.5,exact_match,0.0,50,/home/sagemaker-user/atma/benchmarks/logs/atma_10b/retrieval_retrieval_real_atma_raven_titans_e4d1f67de3.log
atma_raven_titans,retrieval,real,passkey,codelion/finepdfs-1B,32k,0.5,nll_nats_per_token,5.4911161880493164,50,/home/sagemaker-user/atma/benchmarks/logs/atma_10b/retrieval_retrieval_real_atma_raven_titans_e4d1f67de3.log
atma_raven_titans,retrieval,real,passkey,codelion/finepdfs-1B,32k,0.5,token_accuracy,2.8,50,/home/sagemaker-user/atma/benchmarks/logs/atma_10b/retrieval_retrieval_real_atma_raven_titans_e4d1f67de3.log
atma_raven_titans,retrieval,real,passkey,codelion/finepdfs-1B,32k,0.9,exact_match,0.0,50,/home/sagemaker-user/atma/benchmarks/logs/atma_10b/retrieval_retrieval_real_atma_raven_titans_e4d1f67de3.log
atma_raven_titans,retrieval,real,passkey,codelion/finepdfs-1B,32k,0.9,nll_nats_per_token,5.427108863830567,50,/home/sagemaker-user/atma/benchmarks/logs/atma_10b/retrieval_retrieval_real_atma_raven_titans_e4d1f67de3.log
atma_raven_titans,retrieval,real,passkey,codelion/finepdfs-1B,32k,0.9,token_accuracy,2.8,50,/home/sagemaker-user/atma/benchmarks/logs/atma_10b/retrieval_retrieval_real_atma_raven_titans_e4d1f67de3.log
atma_raven_titans,retrieval,real,passkey,codelion/finepdfs-1B,4k,0.1,exact_match,0.0,50,/home/sagemaker-user/atma/benchmarks/logs/atma_10b/retrieval_retrieval_real_atma_raven_titans_e4d1f67de3.log
atma_raven_titans,retrieval,real,passkey,codelion/finepdfs-1B,4k,0.1,nll_nats_per_token,5.471559852600097,50,/home/sagemaker-user/atma/benchmarks/logs/atma_10b/retrieval_retrieval_real_atma_raven_titans_e4d1f67de3.log
atma_raven_titans,retrieval,real,passkey,codelion/finepdfs-1B,4k,0.1,token_accuracy,1.2,50,/home/sagemaker-user/atma/benchmarks/logs/atma_10b/retrieval_retrieval_real_atma_raven_titans_e4d1f67de3.log
atma_raven_titans,retrieval,real,passkey,codelion/finepdfs-1B,4k,0.5,exact_match,0.0,50,/home/sagemaker-user/atma/benchmarks/logs/atma_10b/retrieval_retrieval_real_atma_raven_titans_e4d1f67de3.log
atma_raven_titans,retrieval,real,passkey,codelion/finepdfs-1B,4k,0.5,nll_nats_per_token,5.250628433227539,50,/home/sagemaker-user/atma/benchmarks/logs/atma_10b/retrieval_retrieval_real_atma_raven_titans_e4d1f67de3.log
atma_raven_titans,retrieval,real,passkey,codelion/finepdfs-1B,4k,0.5,token_accuracy,1.2,50,/home/sagemaker-user/atma/benchmarks/logs/atma_10b/retrieval_retrieval_real_atma_raven_titans_e4d1f67de3.log
atma_raven_titans,retrieval,real,passkey,codelion/finepdfs-1B,4k,0.9,exact_match,0.0,50,/home/sagemaker-user/atma/benchmarks/logs/atma_10b/retrieval_retrieval_real_atma_raven_titans_e4d1f67de3.log
atma_raven_titans,retrieval,real,passkey,codelion/finepdfs-1B,4k,0.9,nll_nats_per_token,3.216520160675049,50,/home/sagemaker-user/atma/benchmarks/logs/atma_10b/retrieval_retrieval_real_atma_raven_titans_e4d1f67de3.log
atma_raven_titans,retrieval,real,passkey,codelion/finepdfs-1B,4k,0.9,token_accuracy,12.8,50,/home/sagemaker-user/atma/benchmarks/logs/atma_10b/retrieval_retrieval_real_atma_raven_titans_e4d1f67de3.log
atma_raven_titans,retrieval,real,passkey,codelion/finepdfs-1B,64k,0.1,exact_match,0.0,50,/home/sagemaker-user/atma/benchmarks/logs/atma_10b/retrieval_retrieval_real_atma_raven_titans_e4d1f67de3.log
atma_raven_titans,retrieval,real,passkey,codelion/finepdfs-1B,64k,0.1,nll_nats_per_token,6.66014476776123,50,/home/sagemaker-user/atma/benchmarks/logs/atma_10b/retrieval_retrieval_real_atma_raven_titans_e4d1f67de3.log
atma_raven_titans,retrieval,real,passkey,codelion/finepdfs-1B,64k,0.1,token_accuracy,0.8,50,/home/sagemaker-user/atma/benchmarks/logs/atma_10b/retrieval_retrieval_real_atma_raven_titans_e4d1f67de3.log
atma_raven_titans,retrieval,real,passkey,codelion/finepdfs-1B,64k,0.5,exact_match,0.0,50,/home/sagemaker-user/atma/benchmarks/logs/atma_10b/retrieval_retrieval_real_atma_raven_titans_e4d1f67de3.log
atma_raven_titans,retrieval,real,passkey,codelion/finepdfs-1B,64k,0.5,nll_nats_per_token,6.662577445983887,50,/home/sagemaker-user/atma/benchmarks/logs/atma_10b/retrieval_retrieval_real_atma_raven_titans_e4d1f67de3.log
atma_raven_titans,retrieval,real,passkey,codelion/finepdfs-1B,64k,0.5,token_accuracy,1.2,50,/home/sagemaker-user/atma/benchmarks/logs/atma_10b/retrieval_retrieval_real_atma_raven_titans_e4d1f67de3.log
atma_raven_titans,retrieval,real,passkey,codelion/finepdfs-1B,64k,0.9,exact_match,0.0,50,/home/sagemaker-user/atma/benchmarks/logs/atma_10b/retrieval_retrieval_real_atma_raven_titans_e4d1f67de3.log
atma_raven_titans,retrieval,real,passkey,codelion/finepdfs-1B,64k,0.9,nll_nats_per_token,6.640661682128906,50,/home/sagemaker-user/atma/benchmarks/logs/atma_10b/retrieval_retrieval_real_atma_raven_titans_e4d1f67de3.log
atma_raven_titans,retrieval,real,passkey,codelion/finepdfs-1B,64k,0.9,token_accuracy,1.2,50,/home/sagemaker-user/atma/benchmarks/logs/atma_10b/retrieval_retrieval_real_atma_raven_titans_e4d1f67de3.log
atma_raven_titans,retrieval,real,passkey,codelion/finepdfs-1B,8k,0.1,exact_match,0.0,50,/home/sagemaker-user/atma/benchmarks/logs/atma_10b/retrieval_retrieval_real_atma_raven_titans_e4d1f67de3.log
atma_raven_titans,retrieval,real,passkey,codelion/finepdfs-1B,8k,0.1,nll_nats_per_token,5.393137603759766,50,/home/sagemaker-user/atma/benchmarks/logs/atma_10b/retrieval_retrieval_real_atma_raven_titans_e4d1f67de3.log
atma_raven_titans,retrieval,real,passkey,codelion/finepdfs-1B,8k,0.1,token_accuracy,0.4,50,/home/sagemaker-user/atma/benchmarks/logs/atma_10b/retrieval_retrieval_real_atma_raven_titans_e4d1f67de3.log
atma_raven_titans,retrieval,real,passkey,codelion/finepdfs-1B,8k,0.5,exact_match,0.0,50,/home/sagemaker-user/atma/benchmarks/logs/atma_10b/retrieval_retrieval_real_atma_raven_titans_e4d1f67de3.log
atma_raven_titans,retrieval,real,passkey,codelion/finepdfs-1B,8k,0.5,nll_nats_per_token,5.383679817199707,50,/home/sagemaker-user/atma/benchmarks/logs/atma_10b/retrieval_retrieval_real_atma_raven_titans_e4d1f67de3.log
atma_raven_titans,retrieval,real,passkey,codelion/finepdfs-1B,8k,0.5,token_accuracy,0.4,50,/home/sagemaker-user/atma/benchmarks/logs/atma_10b/retrieval_retrieval_real_atma_raven_titans_e4d1f67de3.log
atma_raven_titans,retrieval,real,passkey,codelion/finepdfs-1B,8k,0.9,exact_match,0.0,50,/home/sagemaker-user/atma/benchmarks/logs/atma_10b/retrieval_retrieval_real_atma_raven_titans_e4d1f67de3.log
atma_raven_titans,retrieval,real,passkey,codelion/finepdfs-1B,8k,0.9,nll_nats_per_token,4.1561345252990725,50,/home/sagemaker-user/atma/benchmarks/logs/atma_10b/retrieval_retrieval_real_atma_raven_titans_e4d1f67de3.log
atma_raven_titans,retrieval,real,passkey,codelion/finepdfs-1B,8k,0.9,token_accuracy,3.2,50,/home/sagemaker-user/atma/benchmarks/logs/atma_10b/retrieval_retrieval_real_atma_raven_titans_e4d1f67de3.log
atma_raven_titans,retrieval,synthetic,niah,synthetic-filler,128k,0.1,exact_match,0.0,50,/home/sagemaker-user/atma/benchmarks/logs/atma_10b/retrieval_retrieval_synthetic_atma_raven_titans_884c68b0f2.log
atma_raven_titans,retrieval,synthetic,niah,synthetic-filler,128k,0.1,nll_nats_per_token,3.3248690910339356,50,/home/sagemaker-user/atma/benchmarks/logs/atma_10b/retrieval_retrieval_synthetic_atma_raven_titans_884c68b0f2.log
atma_raven_titans,retrieval,synthetic,niah,synthetic-filler,128k,0.1,token_accuracy,15.6,50,/home/sagemaker-user/atma/benchmarks/logs/atma_10b/retrieval_retrieval_synthetic_atma_raven_titans_884c68b0f2.log
atma_raven_titans,retrieval,synthetic,niah,synthetic-filler,128k,0.5,exact_match,0.0,50,/home/sagemaker-user/atma/benchmarks/logs/atma_10b/retrieval_retrieval_synthetic_atma_raven_titans_884c68b0f2.log
atma_raven_titans,retrieval,synthetic,niah,synthetic-filler,128k,0.5,nll_nats_per_token,3.225854621887207,50,/home/sagemaker-user/atma/benchmarks/logs/atma_10b/retrieval_retrieval_synthetic_atma_raven_titans_884c68b0f2.log
atma_raven_titans,retrieval,synthetic,niah,synthetic-filler,128k,0.5,token_accuracy,20.4,50,/home/sagemaker-user/atma/benchmarks/logs/atma_10b/retrieval_retrieval_synthetic_atma_raven_titans_884c68b0f2.log
atma_raven_titans,retrieval,synthetic,niah,synthetic-filler,128k,0.9,exact_match,0.0,50,/home/sagemaker-user/atma/benchmarks/logs/atma_10b/retrieval_retrieval_synthetic_atma_raven_titans_884c68b0f2.log
atma_raven_titans,retrieval,synthetic,niah,synthetic-filler,128k,0.9,nll_nats_per_token,2.324482915878296,50,/home/sagemaker-user/atma/benchmarks/logs/atma_10b/retrieval_retrieval_synthetic_atma_raven_titans_884c68b0f2.log
atma_raven_titans,retrieval,synthetic,niah,synthetic-filler,128k,0.9,token_accuracy,30.4,50,/home/sagemaker-user/atma/benchmarks/logs/atma_10b/retrieval_retrieval_synthetic_atma_raven_titans_884c68b0f2.log
atma_raven_titans,retrieval,synthetic,niah,synthetic-filler,16k,0.1,exact_match,0.0,50,/home/sagemaker-user/atma/benchmarks/logs/atma_10b/retrieval_retrieval_synthetic_atma_raven_titans_884c68b0f2.log
atma_raven_titans,retrieval,synthetic,niah,synthetic-filler,16k,0.1,nll_nats_per_token,2.2307951488494875,50,/home/sagemaker-user/atma/benchmarks/logs/atma_10b/retrieval_retrieval_synthetic_atma_raven_titans_884c68b0f2.log
atma_raven_titans,retrieval,synthetic,niah,synthetic-filler,16k,0.1,token_accuracy,32.0,50,/home/sagemaker-user/atma/benchmarks/logs/atma_10b/retrieval_retrieval_synthetic_atma_raven_titans_884c68b0f2.log
atma_raven_titans,retrieval,synthetic,niah,synthetic-filler,16k,0.5,exact_match,0.0,50,/home/sagemaker-user/atma/benchmarks/logs/atma_10b/retrieval_retrieval_synthetic_atma_raven_titans_884c68b0f2.log
atma_raven_titans,retrieval,synthetic,niah,synthetic-filler,16k,0.5,nll_nats_per_token,2.2523027877807618,50,/home/sagemaker-user/atma/benchmarks/logs/atma_10b/retrieval_retrieval_synthetic_atma_raven_titans_884c68b0f2.log
atma_raven_titans,retrieval,synthetic,niah,synthetic-filler,16k,0.5,token_accuracy,27.6,50,/home/sagemaker-user/atma/benchmarks/logs/atma_10b/retrieval_retrieval_synthetic_atma_raven_titans_884c68b0f2.log
atma_raven_titans,retrieval,synthetic,niah,synthetic-filler,16k,0.9,exact_match,0.0,50,/home/sagemaker-user/atma/benchmarks/logs/atma_10b/retrieval_retrieval_synthetic_atma_raven_titans_884c68b0f2.log
atma_raven_titans,retrieval,synthetic,niah,synthetic-filler,16k,0.9,nll_nats_per_token,1.8280546550750731,50,/home/sagemaker-user/atma/benchmarks/logs/atma_10b/retrieval_retrieval_synthetic_atma_raven_titans_884c68b0f2.log
atma_raven_titans,retrieval,synthetic,niah,synthetic-filler,16k,0.9,token_accuracy,42.4,50,/home/sagemaker-user/atma/benchmarks/logs/atma_10b/retrieval_retrieval_synthetic_atma_raven_titans_884c68b0f2.log
atma_raven_titans,retrieval,synthetic,niah,synthetic-filler,256k,0.1,exact_match,0.0,50,/home/sagemaker-user/atma/benchmarks/logs/atma_10b/retrieval_retrieval_synthetic_atma_raven_titans_884c68b0f2.log
atma_raven_titans,retrieval,synthetic,niah,synthetic-filler,256k,0.1,nll_nats_per_token,3.616704704284668,50,/home/sagemaker-user/atma/benchmarks/logs/atma_10b/retrieval_retrieval_synthetic_atma_raven_titans_884c68b0f2.log
atma_raven_titans,retrieval,synthetic,niah,synthetic-filler,256k,0.1,token_accuracy,5.6,50,/home/sagemaker-user/atma/benchmarks/logs/atma_10b/retrieval_retrieval_synthetic_atma_raven_titans_884c68b0f2.log
atma_raven_titans,retrieval,synthetic,niah,synthetic-filler,256k,0.5,exact_match,0.0,50,/home/sagemaker-user/atma/benchmarks/logs/atma_10b/retrieval_retrieval_synthetic_atma_raven_titans_884c68b0f2.log
atma_raven_titans,retrieval,synthetic,niah,synthetic-filler,256k,0.5,nll_nats_per_token,3.4449663619995117,50,/home/sagemaker-user/atma/benchmarks/logs/atma_10b/retrieval_retrieval_synthetic_atma_raven_titans_884c68b0f2.log
atma_raven_titans,retrieval,synthetic,niah,synthetic-filler,256k,0.5,token_accuracy,12.8,50,/home/sagemaker-user/atma/benchmarks/logs/atma_10b/retrieval_retrieval_synthetic_atma_raven_titans_884c68b0f2.log
atma_raven_titans,retrieval,synthetic,niah,synthetic-filler,256k,0.9,exact_match,0.0,50,/home/sagemaker-user/atma/benchmarks/logs/atma_10b/retrieval_retrieval_synthetic_atma_raven_titans_884c68b0f2.log
atma_raven_titans,retrieval,synthetic,niah,synthetic-filler,256k,0.9,nll_nats_per_token,2.7802188835144044,50,/home/sagemaker-user/atma/benchmarks/logs/atma_10b/retrieval_retrieval_synthetic_atma_raven_titans_884c68b0f2.log
atma_raven_titans,retrieval,synthetic,niah,synthetic-filler,256k,0.9,token_accuracy,24.4,50,/home/sagemaker-user/atma/benchmarks/logs/atma_10b/retrieval_retrieval_synthetic_atma_raven_titans_884c68b0f2.log
atma_raven_titans,retrieval,synthetic,niah,synthetic-filler,2k,0.1,exact_match,2.0,50,/home/sagemaker-user/atma/benchmarks/logs/atma_10b/retrieval_retrieval_synthetic_atma_raven_titans_884c68b0f2.log
atma_raven_titans,retrieval,synthetic,niah,synthetic-filler,2k,0.1,exact_match,50.0,2,/home/sagemaker-user/atma/benchmarks/logs/atma_10b/smoke_retrieval_synthetic_atma_raven_titans_53b1d2694a.log
atma_raven_titans,retrieval,synthetic,niah,synthetic-filler,2k,0.1,nll_nats_per_token,1.5604335174560546,50,/home/sagemaker-user/atma/benchmarks/logs/atma_10b/retrieval_retrieval_synthetic_atma_raven_titans_884c68b0f2.log
atma_raven_titans,retrieval,synthetic,niah,synthetic-filler,2k,0.1,nll_nats_per_token,1.385713768005371,2,/home/sagemaker-user/atma/benchmarks/logs/atma_10b/smoke_retrieval_synthetic_atma_raven_titans_53b1d2694a.log
atma_raven_titans,retrieval,synthetic,niah,synthetic-filler,2k,0.1,token_accuracy,50.4,50,/home/sagemaker-user/atma/benchmarks/logs/atma_10b/retrieval_retrieval_synthetic_atma_raven_titans_884c68b0f2.log
atma_raven_titans,retrieval,synthetic,niah,synthetic-filler,2k,0.1,token_accuracy,70.0,2,/home/sagemaker-user/atma/benchmarks/logs/atma_10b/smoke_retrieval_synthetic_atma_raven_titans_53b1d2694a.log
atma_raven_titans,retrieval,synthetic,niah,synthetic-filler,2k,0.5,exact_match,2.0,50,/home/sagemaker-user/atma/benchmarks/logs/atma_10b/retrieval_retrieval_synthetic_atma_raven_titans_884c68b0f2.log
atma_raven_titans,retrieval,synthetic,niah,synthetic-filler,2k,0.5,exact_match,50.0,2,/home/sagemaker-user/atma/benchmarks/logs/atma_10b/smoke_retrieval_synthetic_atma_raven_titans_53b1d2694a.log
atma_raven_titans,retrieval,synthetic,niah,synthetic-filler,2k,0.5,nll_nats_per_token,1.5185933208465576,50,/home/sagemaker-user/atma/benchmarks/logs/atma_10b/retrieval_retrieval_synthetic_atma_raven_titans_884c68b0f2.log
atma_raven_titans,retrieval,synthetic,niah,synthetic-filler,2k,0.5,nll_nats_per_token,1.339023971557617,2,/home/sagemaker-user/atma/benchmarks/logs/atma_10b/smoke_retrieval_synthetic_atma_raven_titans_53b1d2694a.log
atma_raven_titans,retrieval,synthetic,niah,synthetic-filler,2k,0.5,token_accuracy,52.4,50,/home/sagemaker-user/atma/benchmarks/logs/atma_10b/retrieval_retrieval_synthetic_atma_raven_titans_884c68b0f2.log
atma_raven_titans,retrieval,synthetic,niah,synthetic-filler,2k,0.5,token_accuracy,70.0,2,/home/sagemaker-user/atma/benchmarks/logs/atma_10b/smoke_retrieval_synthetic_atma_raven_titans_53b1d2694a.log
atma_raven_titans,retrieval,synthetic,niah,synthetic-filler,2k,0.9,exact_match,6.0,50,/home/sagemaker-user/atma/benchmarks/logs/atma_10b/retrieval_retrieval_synthetic_atma_raven_titans_884c68b0f2.log
atma_raven_titans,retrieval,synthetic,niah,synthetic-filler,2k,0.9,exact_match,50.0,2,/home/sagemaker-user/atma/benchmarks/logs/atma_10b/smoke_retrieval_synthetic_atma_raven_titans_53b1d2694a.log
atma_raven_titans,retrieval,synthetic,niah,synthetic-filler,2k,0.9,nll_nats_per_token,1.447806664466858,50,/home/sagemaker-user/atma/benchmarks/logs/atma_10b/retrieval_retrieval_synthetic_atma_raven_titans_884c68b0f2.log
atma_raven_titans,retrieval,synthetic,niah,synthetic-filler,2k,0.9,nll_nats_per_token,1.2106857299804688,2,/home/sagemaker-user/atma/benchmarks/logs/atma_10b/smoke_retrieval_synthetic_atma_raven_titans_53b1d2694a.log
atma_raven_titans,retrieval,synthetic,niah,synthetic-filler,2k,0.9,token_accuracy,57.2,50,/home/sagemaker-user/atma/benchmarks/logs/atma_10b/retrieval_retrieval_synthetic_atma_raven_titans_884c68b0f2.log
atma_raven_titans,retrieval,synthetic,niah,synthetic-filler,2k,0.9,token_accuracy,70.0,2,/home/sagemaker-user/atma/benchmarks/logs/atma_10b/smoke_retrieval_synthetic_atma_raven_titans_53b1d2694a.log
atma_raven_titans,retrieval,synthetic,niah,synthetic-filler,32k,0.1,exact_match,0.0,50,/home/sagemaker-user/atma/benchmarks/logs/atma_10b/retrieval_retrieval_synthetic_atma_raven_titans_884c68b0f2.log
atma_raven_titans,retrieval,synthetic,niah,synthetic-filler,32k,0.1,nll_nats_per_token,2.783110439300537,50,/home/sagemaker-user/atma/benchmarks/logs/atma_10b/retrieval_retrieval_synthetic_atma_raven_titans_884c68b0f2.log
atma_raven_titans,retrieval,synthetic,niah,synthetic-filler,32k,0.1,token_accuracy,25.6,50,/home/sagemaker-user/atma/benchmarks/logs/atma_10b/retrieval_retrieval_synthetic_atma_raven_titans_884c68b0f2.log
atma_raven_titans,retrieval,synthetic,niah,synthetic-filler,32k,0.5,exact_match,0.0,50,/home/sagemaker-user/atma/benchmarks/logs/atma_10b/retrieval_retrieval_synthetic_atma_raven_titans_884c68b0f2.log
atma_raven_titans,retrieval,synthetic,niah,synthetic-filler,32k,0.5,nll_nats_per_token,2.6041427879333496,50,/home/sagemaker-user/atma/benchmarks/logs/atma_10b/retrieval_retrieval_synthetic_atma_raven_titans_884c68b0f2.log
atma_raven_titans,retrieval,synthetic,niah,synthetic-filler,32k,0.5,token_accuracy,25.2,50,/home/sagemaker-user/atma/benchmarks/logs/atma_10b/retrieval_retrieval_synthetic_atma_raven_titans_884c68b0f2.log
atma_raven_titans,retrieval,synthetic,niah,synthetic-filler,32k,0.9,exact_match,0.0,50,/home/sagemaker-user/atma/benchmarks/logs/atma_10b/retrieval_retrieval_synthetic_atma_raven_titans_884c68b0f2.log
atma_raven_titans,retrieval,synthetic,niah,synthetic-filler,32k,0.9,nll_nats_per_token,1.84920703125,50,/home/sagemaker-user/atma/benchmarks/logs/atma_10b/retrieval_retrieval_synthetic_atma_raven_titans_884c68b0f2.log
atma_raven_titans,retrieval,synthetic,niah,synthetic-filler,32k,0.9,token_accuracy,42.8,50,/home/sagemaker-user/atma/benchmarks/logs/atma_10b/retrieval_retrieval_synthetic_atma_raven_titans_884c68b0f2.log
atma_raven_titans,retrieval,synthetic,niah,synthetic-filler,4k,0.1,exact_match,0.0,50,/home/sagemaker-user/atma/benchmarks/logs/atma_10b/retrieval_retrieval_synthetic_atma_raven_titans_884c68b0f2.log
atma_raven_titans,retrieval,synthetic,niah,synthetic-filler,4k,0.1,nll_nats_per_token,1.6195680408477784,50,/home/sagemaker-user/atma/benchmarks/logs/atma_10b/retrieval_retrieval_synthetic_atma_raven_titans_884c68b0f2.log
atma_raven_titans,retrieval,synthetic,niah,synthetic-filler,4k,0.1,token_accuracy,49.6,50,/home/sagemaker-user/atma/benchmarks/logs/atma_10b/retrieval_retrieval_synthetic_atma_raven_titans_884c68b0f2.log
atma_raven_titans,retrieval,synthetic,niah,synthetic-filler,4k,0.5,exact_match,0.0,50,/home/sagemaker-user/atma/benchmarks/logs/atma_10b/retrieval_retrieval_synthetic_atma_raven_titans_884c68b0f2.log
atma_raven_titans,retrieval,synthetic,niah,synthetic-filler,4k,0.5,nll_nats_per_token,1.7306806507110595,50,/home/sagemaker-user/atma/benchmarks/logs/atma_10b/retrieval_retrieval_synthetic_atma_raven_titans_884c68b0f2.log
atma_raven_titans,retrieval,synthetic,niah,synthetic-filler,4k,0.5,token_accuracy,45.2,50,/home/sagemaker-user/atma/benchmarks/logs/atma_10b/retrieval_retrieval_synthetic_atma_raven_titans_884c68b0f2.log
atma_raven_titans,retrieval,synthetic,niah,synthetic-filler,4k,0.9,exact_match,4.0,50,/home/sagemaker-user/atma/benchmarks/logs/atma_10b/retrieval_retrieval_synthetic_atma_raven_titans_884c68b0f2.log
atma_raven_titans,retrieval,synthetic,niah,synthetic-filler,4k,0.9,nll_nats_per_token,1.5102545957565308,50,/home/sagemaker-user/atma/benchmarks/logs/atma_10b/retrieval_retrieval_synthetic_atma_raven_titans_884c68b0f2.log
atma_raven_titans,retrieval,synthetic,niah,synthetic-filler,4k,0.9,token_accuracy,56.4,50,/home/sagemaker-user/atma/benchmarks/logs/atma_10b/retrieval_retrieval_synthetic_atma_raven_titans_884c68b0f2.log
atma_raven_titans,retrieval,synthetic,niah,synthetic-filler,64k,0.1,exact_match,0.0,50,/home/sagemaker-user/atma/benchmarks/logs/atma_10b/retrieval_retrieval_synthetic_atma_raven_titans_884c68b0f2.log
atma_raven_titans,retrieval,synthetic,niah,synthetic-filler,64k,0.1,nll_nats_per_token,3.1154699096679686,50,/home/sagemaker-user/atma/benchmarks/logs/atma_10b/retrieval_retrieval_synthetic_atma_raven_titans_884c68b0f2.log
atma_raven_titans,retrieval,synthetic,niah,synthetic-filler,64k,0.1,token_accuracy,21.6,50,/home/sagemaker-user/atma/benchmarks/logs/atma_10b/retrieval_retrieval_synthetic_atma_raven_titans_884c68b0f2.log
atma_raven_titans,retrieval,synthetic,niah,synthetic-filler,64k,0.5,exact_match,0.0,50,/home/sagemaker-user/atma/benchmarks/logs/atma_10b/retrieval_retrieval_synthetic_atma_raven_titans_884c68b0f2.log
atma_raven_titans,retrieval,synthetic,niah,synthetic-filler,64k,0.5,nll_nats_per_token,3.0749880905151366,50,/home/sagemaker-user/atma/benchmarks/logs/atma_10b/retrieval_retrieval_synthetic_atma_raven_titans_884c68b0f2.log
atma_raven_titans,retrieval,synthetic,niah,synthetic-filler,64k,0.5,token_accuracy,23.2,50,/home/sagemaker-user/atma/benchmarks/logs/atma_10b/retrieval_retrieval_synthetic_atma_raven_titans_884c68b0f2.log
atma_raven_titans,retrieval,synthetic,niah,synthetic-filler,64k,0.9,exact_match,0.0,50,/home/sagemaker-user/atma/benchmarks/logs/atma_10b/retrieval_retrieval_synthetic_atma_raven_titans_884c68b0f2.log
atma_raven_titans,retrieval,synthetic,niah,synthetic-filler,64k,0.9,nll_nats_per_token,1.9651299819946288,50,/home/sagemaker-user/atma/benchmarks/logs/atma_10b/retrieval_retrieval_synthetic_atma_raven_titans_884c68b0f2.log
atma_raven_titans,retrieval,synthetic,niah,synthetic-filler,64k,0.9,token_accuracy,39.6,50,/home/sagemaker-user/atma/benchmarks/logs/atma_10b/retrieval_retrieval_synthetic_atma_raven_titans_884c68b0f2.log
atma_raven_titans,retrieval,synthetic,niah,synthetic-filler,8k,0.1,exact_match,0.0,50,/home/sagemaker-user/atma/benchmarks/logs/atma_10b/retrieval_retrieval_synthetic_atma_raven_titans_884c68b0f2.log
atma_raven_titans,retrieval,synthetic,niah,synthetic-filler,8k,0.1,exact_match,0.0,2,/home/sagemaker-user/atma/benchmarks/logs/atma_10b/smoke_retrieval_synthetic_atma_raven_titans_53b1d2694a.log
atma_raven_titans,retrieval,synthetic,niah,synthetic-filler,8k,0.1,nll_nats_per_token,1.8865826301574706,50,/home/sagemaker-user/atma/benchmarks/logs/atma_10b/retrieval_retrieval_synthetic_atma_raven_titans_884c68b0f2.log
atma_raven_titans,retrieval,synthetic,niah,synthetic-filler,8k,0.1,nll_nats_per_token,1.8373656272888184,2,/home/sagemaker-user/atma/benchmarks/logs/atma_10b/smoke_retrieval_synthetic_atma_raven_titans_53b1d2694a.log
atma_raven_titans,retrieval,synthetic,niah,synthetic-filler,8k,0.1,token_accuracy,38.4,50,/home/sagemaker-user/atma/benchmarks/logs/atma_10b/retrieval_retrieval_synthetic_atma_raven_titans_884c68b0f2.log
atma_raven_titans,retrieval,synthetic,niah,synthetic-filler,8k,0.1,token_accuracy,30.0,2,/home/sagemaker-user/atma/benchmarks/logs/atma_10b/smoke_retrieval_synthetic_atma_raven_titans_53b1d2694a.log
atma_raven_titans,retrieval,synthetic,niah,synthetic-filler,8k,0.5,exact_match,0.0,50,/home/sagemaker-user/atma/benchmarks/logs/atma_10b/retrieval_retrieval_synthetic_atma_raven_titans_884c68b0f2.log
atma_raven_titans,retrieval,synthetic,niah,synthetic-filler,8k,0.5,exact_match,0.0,2,/home/sagemaker-user/atma/benchmarks/logs/atma_10b/smoke_retrieval_synthetic_atma_raven_titans_53b1d2694a.log
atma_raven_titans,retrieval,synthetic,niah,synthetic-filler,8k,0.5,nll_nats_per_token,1.9470746974945068,50,/home/sagemaker-user/atma/benchmarks/logs/atma_10b/retrieval_retrieval_synthetic_atma_raven_titans_884c68b0f2.log
atma_raven_titans,retrieval,synthetic,niah,synthetic-filler,8k,0.5,nll_nats_per_token,1.9314534187316894,2,/home/sagemaker-user/atma/benchmarks/logs/atma_10b/smoke_retrieval_synthetic_atma_raven_titans_53b1d2694a.log
atma_raven_titans,retrieval,synthetic,niah,synthetic-filler,8k,0.5,token_accuracy,37.6,50,/home/sagemaker-user/atma/benchmarks/logs/atma_10b/retrieval_retrieval_synthetic_atma_raven_titans_884c68b0f2.log
atma_raven_titans,retrieval,synthetic,niah,synthetic-filler,8k,0.5,token_accuracy,40.0,2,/home/sagemaker-user/atma/benchmarks/logs/atma_10b/smoke_retrieval_synthetic_atma_raven_titans_53b1d2694a.log
atma_raven_titans,retrieval,synthetic,niah,synthetic-filler,8k,0.9,exact_match,0.0,50,/home/sagemaker-user/atma/benchmarks/logs/atma_10b/retrieval_retrieval_synthetic_atma_raven_titans_884c68b0f2.log
atma_raven_titans,retrieval,synthetic,niah,synthetic-filler,8k,0.9,exact_match,0.0,2,/home/sagemaker-user/atma/benchmarks/logs/atma_10b/smoke_retrieval_synthetic_atma_raven_titans_53b1d2694a.log
atma_raven_titans,retrieval,synthetic,niah,synthetic-filler,8k,0.9,nll_nats_per_token,1.704501527786255,50,/home/sagemaker-user/atma/benchmarks/logs/atma_10b/retrieval_retrieval_synthetic_atma_raven_titans_884c68b0f2.log
atma_raven_titans,retrieval,synthetic,niah,synthetic-filler,8k,0.9,nll_nats_per_token,1.7851210594177247,2,/home/sagemaker-user/atma/benchmarks/logs/atma_10b/smoke_retrieval_synthetic_atma_raven_titans_53b1d2694a.log
atma_raven_titans,retrieval,synthetic,niah,synthetic-filler,8k,0.9,token_accuracy,47.2,50,/home/sagemaker-user/atma/benchmarks/logs/atma_10b/retrieval_retrieval_synthetic_atma_raven_titans_884c68b0f2.log
atma_raven_titans,retrieval,synthetic,niah,synthetic-filler,8k,0.9,token_accuracy,40.0,2,/home/sagemaker-user/atma/benchmarks/logs/atma_10b/smoke_retrieval_synthetic_atma_raven_titans_53b1d2694a.log
atma_raven_titans,retrieval,synthetic,passkey,synthetic-filler,128k,0.1,exact_match,0.0,50,/home/sagemaker-user/atma/benchmarks/logs/atma_10b/retrieval_retrieval_synthetic_atma_raven_titans_884c68b0f2.log
atma_raven_titans,retrieval,synthetic,passkey,synthetic-filler,128k,0.1,nll_nats_per_token,3.3192931480407717,50,/home/sagemaker-user/atma/benchmarks/logs/atma_10b/retrieval_retrieval_synthetic_atma_raven_titans_884c68b0f2.log
atma_raven_titans,retrieval,synthetic,passkey,synthetic-filler,128k,0.1,token_accuracy,14.0,50,/home/sagemaker-user/atma/benchmarks/logs/atma_10b/retrieval_retrieval_synthetic_atma_raven_titans_884c68b0f2.log
atma_raven_titans,retrieval,synthetic,passkey,synthetic-filler,128k,0.5,exact_match,0.0,50,/home/sagemaker-user/atma/benchmarks/logs/atma_10b/retrieval_retrieval_synthetic_atma_raven_titans_884c68b0f2.log
atma_raven_titans,retrieval,synthetic,passkey,synthetic-filler,128k,0.5,nll_nats_per_token,2.909007801055908,50,/home/sagemaker-user/atma/benchmarks/logs/atma_10b/retrieval_retrieval_synthetic_atma_raven_titans_884c68b0f2.log
atma_raven_titans,retrieval,synthetic,passkey,synthetic-filler,128k,0.5,token_accuracy,25.2,50,/home/sagemaker-user/atma/benchmarks/logs/atma_10b/retrieval_retrieval_synthetic_atma_raven_titans_884c68b0f2.log
atma_raven_titans,retrieval,synthetic,passkey,synthetic-filler,128k,0.9,exact_match,0.0,50,/home/sagemaker-user/atma/benchmarks/logs/atma_10b/retrieval_retrieval_synthetic_atma_raven_titans_884c68b0f2.log
atma_raven_titans,retrieval,synthetic,passkey,synthetic-filler,128k,0.9,nll_nats_per_token,2.0312134647369384,50,/home/sagemaker-user/atma/benchmarks/logs/atma_10b/retrieval_retrieval_synthetic_atma_raven_titans_884c68b0f2.log
atma_raven_titans,retrieval,synthetic,passkey,synthetic-filler,128k,0.9,token_accuracy,50.0,50,/home/sagemaker-user/atma/benchmarks/logs/atma_10b/retrieval_retrieval_synthetic_atma_raven_titans_884c68b0f2.log
atma_raven_titans,retrieval,synthetic,passkey,synthetic-filler,16k,0.1,exact_match,2.0,50,/home/sagemaker-user/atma/benchmarks/logs/atma_10b/retrieval_retrieval_synthetic_atma_raven_titans_884c68b0f2.log
atma_raven_titans,retrieval,synthetic,passkey,synthetic-filler,16k,0.1,nll_nats_per_token,1.8544348468780518,50,/home/sagemaker-user/atma/benchmarks/logs/atma_10b/retrieval_retrieval_synthetic_atma_raven_titans_884c68b0f2.log
atma_raven_titans,retrieval,synthetic,passkey,synthetic-filler,16k,0.1,token_accuracy,56.8,50,/home/sagemaker-user/atma/benchmarks/logs/atma_10b/retrieval_retrieval_synthetic_atma_raven_titans_884c68b0f2.log
atma_raven_titans,retrieval,synthetic,passkey,synthetic-filler,16k,0.5,exact_match,0.0,50,/home/sagemaker-user/atma/benchmarks/logs/atma_10b/retrieval_retrieval_synthetic_atma_raven_titans_884c68b0f2.log
atma_raven_titans,retrieval,synthetic,passkey,synthetic-filler,16k,0.5,nll_nats_per_token,1.834461389541626,50,/home/sagemaker-user/atma/benchmarks/logs/atma_10b/retrieval_retrieval_synthetic_atma_raven_titans_884c68b0f2.log
atma_raven_titans,retrieval,synthetic,passkey,synthetic-filler,16k,0.5,token_accuracy,55.6,50,/home/sagemaker-user/atma/benchmarks/logs/atma_10b/retrieval_retrieval_synthetic_atma_raven_titans_884c68b0f2.log
atma_raven_titans,retrieval,synthetic,passkey,synthetic-filler,16k,0.9,exact_match,10.0,50,/home/sagemaker-user/atma/benchmarks/logs/atma_10b/retrieval_retrieval_synthetic_atma_raven_titans_884c68b0f2.log
atma_raven_titans,retrieval,synthetic,passkey,synthetic-filler,16k,0.9,nll_nats_per_token,1.3115890674591064,50,/home/sagemaker-user/atma/benchmarks/logs/atma_10b/retrieval_retrieval_synthetic_atma_raven_titans_884c68b0f2.log
atma_raven_titans,retrieval,synthetic,passkey,synthetic-filler,16k,0.9,token_accuracy,67.2,50,/home/sagemaker-user/atma/benchmarks/logs/atma_10b/retrieval_retrieval_synthetic_atma_raven_titans_884c68b0f2.log
atma_raven_titans,retrieval,synthetic,passkey,synthetic-filler,256k,0.1,exact_match,0.0,50,/home/sagemaker-user/atma/benchmarks/logs/atma_10b/retrieval_retrieval_synthetic_atma_raven_titans_884c68b0f2.log
atma_raven_titans,retrieval,synthetic,passkey,synthetic-filler,256k,0.1,nll_nats_per_token,3.6426254234313964,50,/home/sagemaker-user/atma/benchmarks/logs/atma_10b/retrieval_retrieval_synthetic_atma_raven_titans_884c68b0f2.log
atma_raven_titans,retrieval,synthetic,passkey,synthetic-filler,256k,0.1,token_accuracy,10.0,50,/home/sagemaker-user/atma/benchmarks/logs/atma_10b/retrieval_retrieval_synthetic_atma_raven_titans_884c68b0f2.log
atma_raven_titans,retrieval,synthetic,passkey,synthetic-filler,256k,0.5,exact_match,0.0,50,/home/sagemaker-user/atma/benchmarks/logs/atma_10b/retrieval_retrieval_synthetic_atma_raven_titans_884c68b0f2.log
atma_raven_titans,retrieval,synthetic,passkey,synthetic-filler,256k,0.5,nll_nats_per_token,3.3135107498168948,50,/home/sagemaker-user/atma/benchmarks/logs/atma_10b/retrieval_retrieval_synthetic_atma_raven_titans_884c68b0f2.log
atma_raven_titans,retrieval,synthetic,passkey,synthetic-filler,256k,0.5,token_accuracy,17.6,50,/home/sagemaker-user/atma/benchmarks/logs/atma_10b/retrieval_retrieval_synthetic_atma_raven_titans_884c68b0f2.log
atma_raven_titans,retrieval,synthetic,passkey,synthetic-filler,256k,0.9,exact_match,0.0,50,/home/sagemaker-user/atma/benchmarks/logs/atma_10b/retrieval_retrieval_synthetic_atma_raven_titans_884c68b0f2.log
atma_raven_titans,retrieval,synthetic,passkey,synthetic-filler,256k,0.9,nll_nats_per_token,2.4080308265686035,50,/home/sagemaker-user/atma/benchmarks/logs/atma_10b/retrieval_retrieval_synthetic_atma_raven_titans_884c68b0f2.log
atma_raven_titans,retrieval,synthetic,passkey,synthetic-filler,256k,0.9,token_accuracy,45.2,50,/home/sagemaker-user/atma/benchmarks/logs/atma_10b/retrieval_retrieval_synthetic_atma_raven_titans_884c68b0f2.log
atma_raven_titans,retrieval,synthetic,passkey,synthetic-filler,2k,0.1,exact_match,10.0,50,/home/sagemaker-user/atma/benchmarks/logs/atma_10b/retrieval_retrieval_synthetic_atma_raven_titans_884c68b0f2.log
atma_raven_titans,retrieval,synthetic,passkey,synthetic-filler,2k,0.1,exact_match,0.0,2,/home/sagemaker-user/atma/benchmarks/logs/atma_10b/smoke_retrieval_synthetic_atma_raven_titans_53b1d2694a.log
atma_raven_titans,retrieval,synthetic,passkey,synthetic-filler,2k,0.1,nll_nats_per_token,1.2456503314971923,50,/home/sagemaker-user/atma/benchmarks/logs/atma_10b/retrieval_retrieval_synthetic_atma_raven_titans_884c68b0f2.log
atma_raven_titans,retrieval,synthetic,passkey,synthetic-filler,2k,0.1,nll_nats_per_token,1.4117687702178956,2,/home/sagemaker-user/atma/benchmarks/logs/atma_10b/smoke_retrieval_synthetic_atma_raven_titans_53b1d2694a.log
atma_raven_titans,retrieval,synthetic,passkey,synthetic-filler,2k,0.1,token_accuracy,70.8,50,/home/sagemaker-user/atma/benchmarks/logs/atma_10b/retrieval_retrieval_synthetic_atma_raven_titans_884c68b0f2.log
atma_raven_titans,retrieval,synthetic,passkey,synthetic-filler,2k,0.1,token_accuracy,60.0,2,/home/sagemaker-user/atma/benchmarks/logs/atma_10b/smoke_retrieval_synthetic_atma_raven_titans_53b1d2694a.log
atma_raven_titans,retrieval,synthetic,passkey,synthetic-filler,2k,0.5,exact_match,10.0,50,/home/sagemaker-user/atma/benchmarks/logs/atma_10b/retrieval_retrieval_synthetic_atma_raven_titans_884c68b0f2.log
atma_raven_titans,retrieval,synthetic,passkey,synthetic-filler,2k,0.5,exact_match,50.0,2,/home/sagemaker-user/atma/benchmarks/logs/atma_10b/smoke_retrieval_synthetic_atma_raven_titans_53b1d2694a.log
atma_raven_titans,retrieval,synthetic,passkey,synthetic-filler,2k,0.5,nll_nats_per_token,1.1837985706329346,50,/home/sagemaker-user/atma/benchmarks/logs/atma_10b/retrieval_retrieval_synthetic_atma_raven_titans_884c68b0f2.log
atma_raven_titans,retrieval,synthetic,passkey,synthetic-filler,2k,0.5,nll_nats_per_token,1.39347562789917,2,/home/sagemaker-user/atma/benchmarks/logs/atma_10b/smoke_retrieval_synthetic_atma_raven_titans_53b1d2694a.log
atma_raven_titans,retrieval,synthetic,passkey,synthetic-filler,2k,0.5,token_accuracy,72.4,50,/home/sagemaker-user/atma/benchmarks/logs/atma_10b/retrieval_retrieval_synthetic_atma_raven_titans_884c68b0f2.log
atma_raven_titans,retrieval,synthetic,passkey,synthetic-filler,2k,0.5,token_accuracy,70.0,2,/home/sagemaker-user/atma/benchmarks/logs/atma_10b/smoke_retrieval_synthetic_atma_raven_titans_53b1d2694a.log
atma_raven_titans,retrieval,synthetic,passkey,synthetic-filler,2k,0.9,exact_match,18.0,50,/home/sagemaker-user/atma/benchmarks/logs/atma_10b/retrieval_retrieval_synthetic_atma_raven_titans_884c68b0f2.log
atma_raven_titans,retrieval,synthetic,passkey,synthetic-filler,2k,0.9,exact_match,0.0,2,/home/sagemaker-user/atma/benchmarks/logs/atma_10b/smoke_retrieval_synthetic_atma_raven_titans_53b1d2694a.log
atma_raven_titans,retrieval,synthetic,passkey,synthetic-filler,2k,0.9,nll_nats_per_token,1.162169758796692,50,/home/sagemaker-user/atma/benchmarks/logs/atma_10b/retrieval_retrieval_synthetic_atma_raven_titans_884c68b0f2.log
atma_raven_titans,retrieval,synthetic,passkey,synthetic-filler,2k,0.9,nll_nats_per_token,1.4692152976989745,2,/home/sagemaker-user/atma/benchmarks/logs/atma_10b/smoke_retrieval_synthetic_atma_raven_titans_53b1d2694a.log
atma_raven_titans,retrieval,synthetic,passkey,synthetic-filler,2k,0.9,token_accuracy,74.8,50,/home/sagemaker-user/atma/benchmarks/logs/atma_10b/retrieval_retrieval_synthetic_atma_raven_titans_884c68b0f2.log
atma_raven_titans,retrieval,synthetic,passkey,synthetic-filler,2k,0.9,token_accuracy,60.0,2,/home/sagemaker-user/atma/benchmarks/logs/atma_10b/smoke_retrieval_synthetic_atma_raven_titans_53b1d2694a.log
atma_raven_titans,retrieval,synthetic,passkey,synthetic-filler,32k,0.1,exact_match,0.0,50,/home/sagemaker-user/atma/benchmarks/logs/atma_10b/retrieval_retrieval_synthetic_atma_raven_titans_884c68b0f2.log
atma_raven_titans,retrieval,synthetic,passkey,synthetic-filler,32k,0.1,nll_nats_per_token,2.3501341762542727,50,/home/sagemaker-user/atma/benchmarks/logs/atma_10b/retrieval_retrieval_synthetic_atma_raven_titans_884c68b0f2.log
atma_raven_titans,retrieval,synthetic,passkey,synthetic-filler,32k,0.1,token_accuracy,45.6,50,/home/sagemaker-user/atma/benchmarks/logs/atma_10b/retrieval_retrieval_synthetic_atma_raven_titans_884c68b0f2.log
atma_raven_titans,retrieval,synthetic,passkey,synthetic-filler,32k,0.5,exact_match,0.0,50,/home/sagemaker-user/atma/benchmarks/logs/atma_10b/retrieval_retrieval_synthetic_atma_raven_titans_884c68b0f2.log
atma_raven_titans,retrieval,synthetic,passkey,synthetic-filler,32k,0.5,nll_nats_per_token,2.1758429317474364,50,/home/sagemaker-user/atma/benchmarks/logs/atma_10b/retrieval_retrieval_synthetic_atma_raven_titans_884c68b0f2.log
atma_raven_titans,retrieval,synthetic,passkey,synthetic-filler,32k,0.5,token_accuracy,48.0,50,/home/sagemaker-user/atma/benchmarks/logs/atma_10b/retrieval_retrieval_synthetic_atma_raven_titans_884c68b0f2.log
atma_raven_titans,retrieval,synthetic,passkey,synthetic-filler,32k,0.9,exact_match,4.0,50,/home/sagemaker-user/atma/benchmarks/logs/atma_10b/retrieval_retrieval_synthetic_atma_raven_titans_884c68b0f2.log
atma_raven_titans,retrieval,synthetic,passkey,synthetic-filler,32k,0.9,nll_nats_per_token,1.4423246059417725,50,/home/sagemaker-user/atma/benchmarks/logs/atma_10b/retrieval_retrieval_synthetic_atma_raven_titans_884c68b0f2.log
atma_raven_titans,retrieval,synthetic,passkey,synthetic-filler,32k,0.9,token_accuracy,62.8,50,/home/sagemaker-user/atma/benchmarks/logs/atma_10b/retrieval_retrieval_synthetic_atma_raven_titans_884c68b0f2.log
atma_raven_titans,retrieval,synthetic,passkey,synthetic-filler,4k,0.1,exact_match,6.0,50,/home/sagemaker-user/atma/benchmarks/logs/atma_10b/retrieval_retrieval_synthetic_atma_raven_titans_884c68b0f2.log
atma_raven_titans,retrieval,synthetic,passkey,synthetic-filler,4k,0.1,nll_nats_per_token,1.3301336812973021,50,/home/sagemaker-user/atma/benchmarks/logs/atma_10b/retrieval_retrieval_synthetic_atma_raven_titans_884c68b0f2.log
atma_raven_titans,retrieval,synthetic,passkey,synthetic-filler,4k,0.1,token_accuracy,68.8,50,/home/sagemaker-user/atma/benchmarks/logs/atma_10b/retrieval_retrieval_synthetic_atma_raven_titans_884c68b0f2.log
atma_raven_titans,retrieval,synthetic,passkey,synthetic-filler,4k,0.5,exact_match,8.0,50,/home/sagemaker-user/atma/benchmarks/logs/atma_10b/retrieval_retrieval_synthetic_atma_raven_titans_884c68b0f2.log
atma_raven_titans,retrieval,synthetic,passkey,synthetic-filler,4k,0.5,nll_nats_per_token,1.3020465774536132,50,/home/sagemaker-user/atma/benchmarks/logs/atma_10b/retrieval_retrieval_synthetic_atma_raven_titans_884c68b0f2.log
atma_raven_titans,retrieval,synthetic,passkey,synthetic-filler,4k,0.5,token_accuracy,70.4,50,/home/sagemaker-user/atma/benchmarks/logs/atma_10b/retrieval_retrieval_synthetic_atma_raven_titans_884c68b0f2.log
atma_raven_titans,retrieval,synthetic,passkey,synthetic-filler,4k,0.9,exact_match,16.0,50,/home/sagemaker-user/atma/benchmarks/logs/atma_10b/retrieval_retrieval_synthetic_atma_raven_titans_884c68b0f2.log
atma_raven_titans,retrieval,synthetic,passkey,synthetic-filler,4k,0.9,nll_nats_per_token,1.1501420745849609,50,/home/sagemaker-user/atma/benchmarks/logs/atma_10b/retrieval_retrieval_synthetic_atma_raven_titans_884c68b0f2.log
atma_raven_titans,retrieval,synthetic,passkey,synthetic-filler,4k,0.9,token_accuracy,73.6,50,/home/sagemaker-user/atma/benchmarks/logs/atma_10b/retrieval_retrieval_synthetic_atma_raven_titans_884c68b0f2.log
atma_raven_titans,retrieval,synthetic,passkey,synthetic-filler,64k,0.1,exact_match,0.0,50,/home/sagemaker-user/atma/benchmarks/logs/atma_10b/retrieval_retrieval_synthetic_atma_raven_titans_884c68b0f2.log
atma_raven_titans,retrieval,synthetic,passkey,synthetic-filler,64k,0.1,nll_nats_per_token,2.7750943183898924,50,/home/sagemaker-user/atma/benchmarks/logs/atma_10b/retrieval_retrieval_synthetic_atma_raven_titans_884c68b0f2.log
atma_raven_titans,retrieval,synthetic,passkey,synthetic-filler,64k,0.1,token_accuracy,31.2,50,/home/sagemaker-user/atma/benchmarks/logs/atma_10b/retrieval_retrieval_synthetic_atma_raven_titans_884c68b0f2.log
atma_raven_titans,retrieval,synthetic,passkey,synthetic-filler,64k,0.5,exact_match,0.0,50,/home/sagemaker-user/atma/benchmarks/logs/atma_10b/retrieval_retrieval_synthetic_atma_raven_titans_884c68b0f2.log
atma_raven_titans,retrieval,synthetic,passkey,synthetic-filler,64k,0.5,nll_nats_per_token,2.668805358886719,50,/home/sagemaker-user/atma/benchmarks/logs/atma_10b/retrieval_retrieval_synthetic_atma_raven_titans_884c68b0f2.log
atma_raven_titans,retrieval,synthetic,passkey,synthetic-filler,64k,0.5,token_accuracy,38.8,50,/home/sagemaker-user/atma/benchmarks/logs/atma_10b/retrieval_retrieval_synthetic_atma_raven_titans_884c68b0f2.log
atma_raven_titans,retrieval,synthetic,passkey,synthetic-filler,64k,0.9,exact_match,2.0,50,/home/sagemaker-user/atma/benchmarks/logs/atma_10b/retrieval_retrieval_synthetic_atma_raven_titans_884c68b0f2.log
atma_raven_titans,retrieval,synthetic,passkey,synthetic-filler,64k,0.9,nll_nats_per_token,1.662783390045166,50,/home/sagemaker-user/atma/benchmarks/logs/atma_10b/retrieval_retrieval_synthetic_atma_raven_titans_884c68b0f2.log
atma_raven_titans,retrieval,synthetic,passkey,synthetic-filler,64k,0.9,token_accuracy,60.4,50,/home/sagemaker-user/atma/benchmarks/logs/atma_10b/retrieval_retrieval_synthetic_atma_raven_titans_884c68b0f2.log
atma_raven_titans,retrieval,synthetic,passkey,synthetic-filler,8k,0.1,exact_match,6.0,50,/home/sagemaker-user/atma/benchmarks/logs/atma_10b/retrieval_retrieval_synthetic_atma_raven_titans_884c68b0f2.log
atma_raven_titans,retrieval,synthetic,passkey,synthetic-filler,8k,0.1,exact_match,0.0,2,/home/sagemaker-user/atma/benchmarks/logs/atma_10b/smoke_retrieval_synthetic_atma_raven_titans_53b1d2694a.log
atma_raven_titans,retrieval,synthetic,passkey,synthetic-filler,8k,0.1,nll_nats_per_token,1.5037220287322999,50,/home/sagemaker-user/atma/benchmarks/logs/atma_10b/retrieval_retrieval_synthetic_atma_raven_titans_884c68b0f2.log
atma_raven_titans,retrieval,synthetic,passkey,synthetic-filler,8k,0.1,nll_nats_per_token,1.5352988243103027,2,/home/sagemaker-user/atma/benchmarks/logs/atma_10b/smoke_retrieval_synthetic_atma_raven_titans_53b1d2694a.log
atma_raven_titans,retrieval,synthetic,passkey,synthetic-filler,8k,0.1,token_accuracy,67.2,50,/home/sagemaker-user/atma/benchmarks/logs/atma_10b/retrieval_retrieval_synthetic_atma_raven_titans_884c68b0f2.log
atma_raven_titans,retrieval,synthetic,passkey,synthetic-filler,8k,0.1,token_accuracy,50.0,2,/home/sagemaker-user/atma/benchmarks/logs/atma_10b/smoke_retrieval_synthetic_atma_raven_titans_53b1d2694a.log
atma_raven_titans,retrieval,synthetic,passkey,synthetic-filler,8k,0.5,exact_match,2.0,50,/home/sagemaker-user/atma/benchmarks/logs/atma_10b/retrieval_retrieval_synthetic_atma_raven_titans_884c68b0f2.log
atma_raven_titans,retrieval,synthetic,passkey,synthetic-filler,8k,0.5,exact_match,0.0,2,/home/sagemaker-user/atma/benchmarks/logs/atma_10b/smoke_retrieval_synthetic_atma_raven_titans_53b1d2694a.log
atma_raven_titans,retrieval,synthetic,passkey,synthetic-filler,8k,0.5,nll_nats_per_token,1.5692558298110961,50,/home/sagemaker-user/atma/benchmarks/logs/atma_10b/retrieval_retrieval_synthetic_atma_raven_titans_884c68b0f2.log
atma_raven_titans,retrieval,synthetic,passkey,synthetic-filler,8k,0.5,nll_nats_per_token,1.6607364654541015,2,/home/sagemaker-user/atma/benchmarks/logs/atma_10b/smoke_retrieval_synthetic_atma_raven_titans_53b1d2694a.log
atma_raven_titans,retrieval,synthetic,passkey,synthetic-filler,8k,0.5,token_accuracy,61.2,50,/home/sagemaker-user/atma/benchmarks/logs/atma_10b/retrieval_retrieval_synthetic_atma_raven_titans_884c68b0f2.log
atma_raven_titans,retrieval,synthetic,passkey,synthetic-filler,8k,0.5,token_accuracy,60.0,2,/home/sagemaker-user/atma/benchmarks/logs/atma_10b/smoke_retrieval_synthetic_atma_raven_titans_53b1d2694a.log
atma_raven_titans,retrieval,synthetic,passkey,synthetic-filler,8k,0.9,exact_match,12.0,50,/home/sagemaker-user/atma/benchmarks/logs/atma_10b/retrieval_retrieval_synthetic_atma_raven_titans_884c68b0f2.log
atma_raven_titans,retrieval,synthetic,passkey,synthetic-filler,8k,0.9,exact_match,0.0,2,/home/sagemaker-user/atma/benchmarks/logs/atma_10b/smoke_retrieval_synthetic_atma_raven_titans_53b1d2694a.log
atma_raven_titans,retrieval,synthetic,passkey,synthetic-filler,8k,0.9,nll_nats_per_token,1.224112166404724,50,/home/sagemaker-user/atma/benchmarks/logs/atma_10b/retrieval_retrieval_synthetic_atma_raven_titans_884c68b0f2.log
atma_raven_titans,retrieval,synthetic,passkey,synthetic-filler,8k,0.9,nll_nats_per_token,1.4051132202148438,2,/home/sagemaker-user/atma/benchmarks/logs/atma_10b/smoke_retrieval_synthetic_atma_raven_titans_53b1d2694a.log
atma_raven_titans,retrieval,synthetic,passkey,synthetic-filler,8k,0.9,token_accuracy,71.2,50,/home/sagemaker-user/atma/benchmarks/logs/atma_10b/retrieval_retrieval_synthetic_atma_raven_titans_884c68b0f2.log
atma_raven_titans,retrieval,synthetic,passkey,synthetic-filler,8k,0.9,token_accuracy,70.0,2,/home/sagemaker-user/atma/benchmarks/logs/atma_10b/smoke_retrieval_synthetic_atma_raven_titans_53b1d2694a.log
atma_raven_titans,serving,generation,,,128k,,decode_tokens_per_s,440.2538623420597,1,/home/sagemaker-user/atma/benchmarks/logs/atma_10b/serving_serving_generation_atma_raven_titans_69d8c1967e.log
atma_raven_titans,serving,generation,,,128k,,oom,False,1,/home/sagemaker-user/atma/benchmarks/logs/atma_10b/serving_serving_generation_atma_raven_titans_69d8c1967e.log
atma_raven_titans,serving,generation,,,128k,,peak_allocated_bytes,9254867456,1,/home/sagemaker-user/atma/benchmarks/logs/atma_10b/serving_serving_generation_atma_raven_titans_69d8c1967e.log
atma_raven_titans,serving,generation,,,128k,,peak_reserved_bytes,9957277696,1,/home/sagemaker-user/atma/benchmarks/logs/atma_10b/serving_serving_generation_atma_raven_titans_69d8c1967e.log
atma_raven_titans,serving,generation,,,128k,,prefill_tokens_per_s,131194.955233008,1,/home/sagemaker-user/atma/benchmarks/logs/atma_10b/serving_serving_generation_atma_raven_titans_69d8c1967e.log
atma_raven_titans,serving,generation,,,16k,,decode_tokens_per_s,447.100253477711,1,/home/sagemaker-user/atma/benchmarks/logs/atma_10b/serving_serving_generation_atma_raven_titans_69d8c1967e.log
atma_raven_titans,serving,generation,,,16k,,oom,False,1,/home/sagemaker-user/atma/benchmarks/logs/atma_10b/serving_serving_generation_atma_raven_titans_69d8c1967e.log
atma_raven_titans,serving,generation,,,16k,,peak_allocated_bytes,1853819392,1,/home/sagemaker-user/atma/benchmarks/logs/atma_10b/serving_serving_generation_atma_raven_titans_69d8c1967e.log
atma_raven_titans,serving,generation,,,16k,,peak_reserved_bytes,1973420032,1,/home/sagemaker-user/atma/benchmarks/logs/atma_10b/serving_serving_generation_atma_raven_titans_69d8c1967e.log
atma_raven_titans,serving,generation,,,16k,,prefill_tokens_per_s,147434.05789056953,1,/home/sagemaker-user/atma/benchmarks/logs/atma_10b/serving_serving_generation_atma_raven_titans_69d8c1967e.log
atma_raven_titans,serving,generation,,,2k,,decode_tokens_per_s,446.5796217909551,1,/home/sagemaker-user/atma/benchmarks/logs/atma_10b/serving_serving_generation_atma_raven_titans_69d8c1967e.log
atma_raven_titans,serving,generation,,,2k,,oom,False,1,/home/sagemaker-user/atma/benchmarks/logs/atma_10b/serving_serving_generation_atma_raven_titans_69d8c1967e.log
atma_raven_titans,serving,generation,,,2k,,peak_allocated_bytes,928688640,1,/home/sagemaker-user/atma/benchmarks/logs/atma_10b/serving_serving_generation_atma_raven_titans_69d8c1967e.log
atma_raven_titans,serving,generation,,,2k,,peak_reserved_bytes,952107008,1,/home/sagemaker-user/atma/benchmarks/logs/atma_10b/serving_serving_generation_atma_raven_titans_69d8c1967e.log
atma_raven_titans,serving,generation,,,2k,,prefill_tokens_per_s,10333.6240275685,1,/home/sagemaker-user/atma/benchmarks/logs/atma_10b/serving_serving_generation_atma_raven_titans_69d8c1967e.log
atma_raven_titans,serving,generation,,,32k,,decode_tokens_per_s,442.6410291412751,1,/home/sagemaker-user/atma/benchmarks/logs/atma_10b/serving_serving_generation_atma_raven_titans_69d8c1967e.log
atma_raven_titans,serving,generation,,,32k,,oom,False,1,/home/sagemaker-user/atma/benchmarks/logs/atma_10b/serving_serving_generation_atma_raven_titans_69d8c1967e.log
atma_raven_titans,serving,generation,,,32k,,peak_allocated_bytes,2911112192,1,/home/sagemaker-user/atma/benchmarks/logs/atma_10b/serving_serving_generation_atma_raven_titans_69d8c1967e.log
atma_raven_titans,serving,generation,,,32k,,peak_reserved_bytes,3118465024,1,/home/sagemaker-user/atma/benchmarks/logs/atma_10b/serving_serving_generation_atma_raven_titans_69d8c1967e.log
atma_raven_titans,serving,generation,,,32k,,prefill_tokens_per_s,132916.36052860945,1,/home/sagemaker-user/atma/benchmarks/logs/atma_10b/serving_serving_generation_atma_raven_titans_69d8c1967e.log
atma_raven_titans,serving,generation,,,4k,,decode_tokens_per_s,445.0611866000472,1,/home/sagemaker-user/atma/benchmarks/logs/atma_10b/serving_serving_generation_atma_raven_titans_69d8c1967e.log
atma_raven_titans,serving,generation,,,4k,,oom,False,1,/home/sagemaker-user/atma/benchmarks/logs/atma_10b/serving_serving_generation_atma_raven_titans_69d8c1967e.log
atma_raven_titans,serving,generation,,,4k,,peak_allocated_bytes,1060850176,1,/home/sagemaker-user/atma/benchmarks/logs/atma_10b/serving_serving_generation_atma_raven_titans_69d8c1967e.log
atma_raven_titans,serving,generation,,,4k,,peak_reserved_bytes,1138753536,1,/home/sagemaker-user/atma/benchmarks/logs/atma_10b/serving_serving_generation_atma_raven_titans_69d8c1967e.log
atma_raven_titans,serving,generation,,,4k,,prefill_tokens_per_s,100988.74485388475,1,/home/sagemaker-user/atma/benchmarks/logs/atma_10b/serving_serving_generation_atma_raven_titans_69d8c1967e.log
atma_raven_titans,serving,generation,,,64k,,decode_tokens_per_s,444.8222897761227,1,/home/sagemaker-user/atma/benchmarks/logs/atma_10b/serving_serving_generation_atma_raven_titans_69d8c1967e.log
atma_raven_titans,serving,generation,,,64k,,oom,False,1,/home/sagemaker-user/atma/benchmarks/logs/atma_10b/serving_serving_generation_atma_raven_titans_69d8c1967e.log
atma_raven_titans,serving,generation,,,64k,,peak_allocated_bytes,5025697280,1,/home/sagemaker-user/atma/benchmarks/logs/atma_10b/serving_serving_generation_atma_raven_titans_69d8c1967e.log
atma_raven_titans,serving,generation,,,64k,,peak_reserved_bytes,5393874944,1,/home/sagemaker-user/atma/benchmarks/logs/atma_10b/serving_serving_generation_atma_raven_titans_69d8c1967e.log
atma_raven_titans,serving,generation,,,64k,,prefill_tokens_per_s,131463.509951236,1,/home/sagemaker-user/atma/benchmarks/logs/atma_10b/serving_serving_generation_atma_raven_titans_69d8c1967e.log
atma_raven_titans,serving,generation,,,8k,,decode_tokens_per_s,445.98833951282353,1,/home/sagemaker-user/atma/benchmarks/logs/atma_10b/serving_serving_generation_atma_raven_titans_69d8c1967e.log
atma_raven_titans,serving,generation,,,8k,,oom,False,1,/home/sagemaker-user/atma/benchmarks/logs/atma_10b/serving_serving_generation_atma_raven_titans_69d8c1967e.log
atma_raven_titans,serving,generation,,,8k,,peak_allocated_bytes,1325173248,1,/home/sagemaker-user/atma/benchmarks/logs/atma_10b/serving_serving_generation_atma_raven_titans_69d8c1967e.log
atma_raven_titans,serving,generation,,,8k,,peak_reserved_bytes,1400897536,1,/home/sagemaker-user/atma/benchmarks/logs/atma_10b/serving_serving_generation_atma_raven_titans_69d8c1967e.log
atma_raven_titans,serving,generation,,,8k,,prefill_tokens_per_s,137902.65058297466,1,/home/sagemaker-user/atma/benchmarks/logs/atma_10b/serving_serving_generation_atma_raven_titans_69d8c1967e.log
atma_raven_titans,serving,generation,,,,,max_successful_context_tokens,131072,,/home/sagemaker-user/atma/benchmarks/logs/atma_10b/serving_serving_generation_atma_raven_titans_69d8c1967e.log
nope,base,zero_shot,arc_challenge,,,,accuracy,0.2709030100334448,299,/home/sagemaker-user/atma/benchmarks/logs/atma_10b/base_base_zero_shot_nope_33cbcf4663.log
nope,base,zero_shot,arc_challenge,,,,accuracy_norm,0.32441471571906355,299,/home/sagemaker-user/atma/benchmarks/logs/atma_10b/base_base_zero_shot_nope_33cbcf4663.log
nope,base,zero_shot,arc_easy,,,,accuracy,0.5982456140350877,570,/home/sagemaker-user/atma/benchmarks/logs/atma_10b/base_base_zero_shot_nope_33cbcf4663.log
nope,base,zero_shot,arc_easy,,,,accuracy_norm,0.5052631578947369,570,/home/sagemaker-user/atma/benchmarks/logs/atma_10b/base_base_zero_shot_nope_33cbcf4663.log
nope,base,zero_shot,boolq,,,,accuracy,0.6036697247706422,3270,/home/sagemaker-user/atma/benchmarks/logs/atma_10b/base_base_zero_shot_nope_33cbcf4663.log
nope,base,zero_shot,boolq,,,,accuracy_norm,0.6036697247706422,3270,/home/sagemaker-user/atma/benchmarks/logs/atma_10b/base_base_zero_shot_nope_33cbcf4663.log
nope,base,zero_shot,hellaswag,,,,accuracy,0.3247361083449512,10042,/home/sagemaker-user/atma/benchmarks/logs/atma_10b/base_base_zero_shot_nope_33cbcf4663.log
nope,base,zero_shot,hellaswag,,,,accuracy_norm,0.37880900219079866,10042,/home/sagemaker-user/atma/benchmarks/logs/atma_10b/base_base_zero_shot_nope_33cbcf4663.log
nope,base,zero_shot,lambada,,,,accuracy,0.3015718998641568,5153,/home/sagemaker-user/atma/benchmarks/logs/atma_10b/base_base_zero_shot_nope_33cbcf4663.log
nope,base,zero_shot,lambada,,,,target_nll,3.0104031625292587,5153,/home/sagemaker-user/atma/benchmarks/logs/atma_10b/base_base_zero_shot_nope_33cbcf4663.log
nope,base,zero_shot,lambada,,,,target_perplexity,20.295580693685714,5153,/home/sagemaker-user/atma/benchmarks/logs/atma_10b/base_base_zero_shot_nope_33cbcf4663.log
nope,base,zero_shot,openbookqa,,,,accuracy,0.212,500,/home/sagemaker-user/atma/benchmarks/logs/atma_10b/base_base_zero_shot_nope_33cbcf4663.log
nope,base,zero_shot,openbookqa,,,,accuracy_norm,0.316,500,/home/sagemaker-user/atma/benchmarks/logs/atma_10b/base_base_zero_shot_nope_33cbcf4663.log
nope,base,zero_shot,piqa,,,,accuracy,0.6621327529923831,1838,/home/sagemaker-user/atma/benchmarks/logs/atma_10b/base_base_zero_shot_nope_33cbcf4663.log
nope,base,zero_shot,piqa,,,,accuracy_norm,0.6626768226332971,1838,/home/sagemaker-user/atma/benchmarks/logs/atma_10b/base_base_zero_shot_nope_33cbcf4663.log
nope,base,zero_shot,winogrande,,,,accuracy,0.5193370165745856,1267,/home/sagemaker-user/atma/benchmarks/logs/atma_10b/base_base_zero_shot_nope_33cbcf4663.log
nope,base,zero_shot,winogrande,,,,accuracy_norm,0.5169692186266772,1267,/home/sagemaker-user/atma/benchmarks/logs/atma_10b/base_base_zero_shot_nope_33cbcf4663.log
nope,longdoc,fixed_target,,codelion/finepdfs-1B,128k,,bits_per_byte,6.636936515995306,8,/home/sagemaker-user/atma/benchmarks/logs/atma_10b/longdoc_longdoc_fixed_target_nope_93e4dcb463.log
nope,longdoc,fixed_target,,codelion/finepdfs-1B,128k,,nll_nats_per_token,8.167460575699806,8,/home/sagemaker-user/atma/benchmarks/logs/atma_10b/longdoc_longdoc_fixed_target_nope_93e4dcb463.log
nope,longdoc,fixed_target,,codelion/finepdfs-1B,128k,,perplexity,3524.3826871578894,8,/home/sagemaker-user/atma/benchmarks/logs/atma_10b/longdoc_longdoc_fixed_target_nope_93e4dcb463.log
nope,longdoc,fixed_target,,codelion/finepdfs-1B,16k,,bits_per_byte,1.4729795351265353,8,/home/sagemaker-user/atma/benchmarks/logs/atma_10b/longdoc_longdoc_fixed_target_nope_93e4dcb463.log
nope,longdoc,fixed_target,,codelion/finepdfs-1B,16k,,nll_nats_per_token,1.8126589357852936,8,/home/sagemaker-user/atma/benchmarks/logs/atma_10b/longdoc_longdoc_fixed_target_nope_93e4dcb463.log
nope,longdoc,fixed_target,,codelion/finepdfs-1B,16k,,perplexity,6.126716338976475,8,/home/sagemaker-user/atma/benchmarks/logs/atma_10b/longdoc_longdoc_fixed_target_nope_93e4dcb463.log
nope,longdoc,fixed_target,,codelion/finepdfs-1B,256k,,bits_per_byte,11.665965449209645,8,/home/sagemaker-user/atma/benchmarks/logs/atma_10b/longdoc_longdoc_fixed_target_nope_93e4dcb463.log
nope,longdoc,fixed_target,,codelion/finepdfs-1B,256k,,nll_nats_per_token,14.356218814849854,8,/home/sagemaker-user/atma/benchmarks/logs/atma_10b/longdoc_longdoc_fixed_target_nope_93e4dcb463.log
nope,longdoc,fixed_target,,codelion/finepdfs-1B,256k,,perplexity,1717222.6663607184,8,/home/sagemaker-user/atma/benchmarks/logs/atma_10b/longdoc_longdoc_fixed_target_nope_93e4dcb463.log
nope,longdoc,fixed_target,,codelion/finepdfs-1B,2k,,bits_per_byte,0.9132980071630986,8,/home/sagemaker-user/atma/benchmarks/logs/atma_10b/longdoc_longdoc_fixed_target_nope_93e4dcb463.log
nope,longdoc,fixed_target,,codelion/finepdfs-1B,2k,,nll_nats_per_token,1.1239109262824059,8,/home/sagemaker-user/atma/benchmarks/logs/atma_10b/longdoc_longdoc_fixed_target_nope_93e4dcb463.log
nope,longdoc,fixed_target,,codelion/finepdfs-1B,2k,,perplexity,3.076864091734636,8,/home/sagemaker-user/atma/benchmarks/logs/atma_10b/longdoc_longdoc_fixed_target_nope_93e4dcb463.log
nope,longdoc,fixed_target,,codelion/finepdfs-1B,32k,,bits_per_byte,5.316669837318455,8,/home/sagemaker-user/atma/benchmarks/logs/atma_10b/longdoc_longdoc_fixed_target_nope_93e4dcb463.log
nope,longdoc,fixed_target,,codelion/finepdfs-1B,32k,,nll_nats_per_token,6.542731150984764,8,/home/sagemaker-user/atma/benchmarks/logs/atma_10b/longdoc_longdoc_fixed_target_nope_93e4dcb463.log
nope,longdoc,fixed_target,,codelion/finepdfs-1B,32k,,perplexity,694.1799015050753,8,/home/sagemaker-user/atma/benchmarks/logs/atma_10b/longdoc_longdoc_fixed_target_nope_93e4dcb463.log
nope,longdoc,fixed_target,,codelion/finepdfs-1B,4k,,bits_per_byte,0.8681949216412781,8,/home/sagemaker-user/atma/benchmarks/logs/atma_10b/longdoc_longdoc_fixed_target_nope_93e4dcb463.log
nope,longdoc,fixed_target,,codelion/finepdfs-1B,4k,,nll_nats_per_token,1.0684067532420158,8,/home/sagemaker-user/atma/benchmarks/logs/atma_10b/longdoc_longdoc_fixed_target_nope_93e4dcb463.log
nope,longdoc,fixed_target,,codelion/finepdfs-1B,4k,,perplexity,2.910738279327028,8,/home/sagemaker-user/atma/benchmarks/logs/atma_10b/longdoc_longdoc_fixed_target_nope_93e4dcb463.log
nope,longdoc,fixed_target,,codelion/finepdfs-1B,64k,,bits_per_byte,5.51911185755679,8,/home/sagemaker-user/atma/benchmarks/logs/atma_10b/longdoc_longdoc_fixed_target_nope_93e4dcb463.log
nope,longdoc,fixed_target,,codelion/finepdfs-1B,64k,,nll_nats_per_token,6.791857719421387,8,/home/sagemaker-user/atma/benchmarks/logs/atma_10b/longdoc_longdoc_fixed_target_nope_93e4dcb463.log
nope,longdoc,fixed_target,,codelion/finepdfs-1B,64k,,perplexity,890.5664486429906,8,/home/sagemaker-user/atma/benchmarks/logs/atma_10b/longdoc_longdoc_fixed_target_nope_93e4dcb463.log
nope,longdoc,fixed_target,,codelion/finepdfs-1B,8k,,bits_per_byte,1.3662181846981523,8,/home/sagemaker-user/atma/benchmarks/logs/atma_10b/longdoc_longdoc_fixed_target_nope_93e4dcb463.log
nope,longdoc,fixed_target,,codelion/finepdfs-1B,8k,,nll_nats_per_token,1.6812776699662209,8,/home/sagemaker-user/atma/benchmarks/logs/atma_10b/longdoc_longdoc_fixed_target_nope_93e4dcb463.log
nope,longdoc,fixed_target,,codelion/finepdfs-1B,8k,,perplexity,5.372415762179675,8,/home/sagemaker-user/atma/benchmarks/logs/atma_10b/longdoc_longdoc_fixed_target_nope_93e4dcb463.log
nope,longdoc,fixed_target,,emozilla/pg19,128k,,bits_per_byte,4.926628694407502,5,/home/sagemaker-user/atma/benchmarks/logs/atma_10b/longdoc_longdoc_fixed_target_nope_93e4dcb463.log
nope,longdoc,fixed_target,,emozilla/pg19,128k,,nll_nats_per_token,13.443417358398438,5,/home/sagemaker-user/atma/benchmarks/logs/atma_10b/longdoc_longdoc_fixed_target_nope_93e4dcb463.log
nope,longdoc,fixed_target,,emozilla/pg19,128k,,perplexity,689289.9980019394,5,/home/sagemaker-user/atma/benchmarks/logs/atma_10b/longdoc_longdoc_fixed_target_nope_93e4dcb463.log
nope,longdoc,fixed_target,,emozilla/pg19,16k,,bits_per_byte,2.4726866340167577,5,/home/sagemaker-user/atma/benchmarks/logs/atma_10b/longdoc_longdoc_fixed_target_nope_93e4dcb463.log
nope,longdoc,fixed_target,,emozilla/pg19,16k,,nll_nats_per_token,6.74728307723999,5,/home/sagemaker-user/atma/benchmarks/logs/atma_10b/longdoc_longdoc_fixed_target_nope_93e4dcb463.log
nope,longdoc,fixed_target,,emozilla/pg19,16k,,perplexity,851.7415001727112,5,/home/sagemaker-user/atma/benchmarks/logs/atma_10b/longdoc_longdoc_fixed_target_nope_93e4dcb463.log
nope,longdoc,fixed_target,,emozilla/pg19,256k,,bits_per_byte,4.902147030201729,5,/home/sagemaker-user/atma/benchmarks/logs/atma_10b/longdoc_longdoc_fixed_target_nope_93e4dcb463.log
nope,longdoc,fixed_target,,emozilla/pg19,256k,,nll_nats_per_token,13.37661361694336,5,/home/sagemaker-user/atma/benchmarks/logs/atma_10b/longdoc_longdoc_fixed_target_nope_93e4dcb463.log
nope,longdoc,fixed_target,,emozilla/pg19,256k,,perplexity,644747.2231965301,5,/home/sagemaker-user/atma/benchmarks/logs/atma_10b/longdoc_longdoc_fixed_target_nope_93e4dcb463.log
nope,longdoc,fixed_target,,emozilla/pg19,2k,,bits_per_byte,1.197469298146626,5,/home/sagemaker-user/atma/benchmarks/logs/atma_10b/longdoc_longdoc_fixed_target_nope_93e4dcb463.log
nope,longdoc,fixed_target,,emozilla/pg19,2k,,nll_nats_per_token,3.2675650119781494,5,/home/sagemaker-user/atma/benchmarks/logs/atma_10b/longdoc_longdoc_fixed_target_nope_93e4dcb463.log
nope,longdoc,fixed_target,,emozilla/pg19,2k,,perplexity,26.24734948601137,5,/home/sagemaker-user/atma/benchmarks/logs/atma_10b/longdoc_longdoc_fixed_target_nope_93e4dcb463.log
nope,longdoc,fixed_target,,emozilla/pg19,32k,,bits_per_byte,4.259484611899681,5,/home/sagemaker-user/atma/benchmarks/logs/atma_10b/longdoc_longdoc_fixed_target_nope_93e4dcb463.log
nope,longdoc,fixed_target,,emozilla/pg19,32k,,nll_nats_per_token,11.6229642868042,5,/home/sagemaker-user/atma/benchmarks/logs/atma_10b/longdoc_longdoc_fixed_target_nope_93e4dcb463.log
nope,longdoc,fixed_target,,emozilla/pg19,32k,,perplexity,111632.140726199,5,/home/sagemaker-user/atma/benchmarks/logs/atma_10b/longdoc_longdoc_fixed_target_nope_93e4dcb463.log
nope,longdoc,fixed_target,,emozilla/pg19,4k,,bits_per_byte,1.4609291954001695,5,/home/sagemaker-user/atma/benchmarks/logs/atma_10b/longdoc_longdoc_fixed_target_nope_93e4dcb463.log
nope,longdoc,fixed_target,,emozilla/pg19,4k,,nll_nats_per_token,3.9864747524261475,5,/home/sagemaker-user/atma/benchmarks/logs/atma_10b/longdoc_longdoc_fixed_target_nope_93e4dcb463.log
nope,longdoc,fixed_target,,emozilla/pg19,4k,,perplexity,53.86466798147202,5,/home/sagemaker-user/atma/benchmarks/logs/atma_10b/longdoc_longdoc_fixed_target_nope_93e4dcb463.log
nope,longdoc,fixed_target,,emozilla/pg19,64k,,bits_per_byte,4.799405878149126,5,/home/sagemaker-user/atma/benchmarks/logs/atma_10b/longdoc_longdoc_fixed_target_nope_93e4dcb463.log
nope,longdoc,fixed_target,,emozilla/pg19,64k,,nll_nats_per_token,13.09626121520996,5,/home/sagemaker-user/atma/benchmarks/logs/atma_10b/longdoc_longdoc_fixed_target_nope_93e4dcb463.log
nope,longdoc,fixed_target,,emozilla/pg19,64k,,perplexity,487117.7772411973,5,/home/sagemaker-user/atma/benchmarks/logs/atma_10b/longdoc_longdoc_fixed_target_nope_93e4dcb463.log
nope,longdoc,fixed_target,,emozilla/pg19,8k,,bits_per_byte,2.1907570055432295,5,/home/sagemaker-user/atma/benchmarks/logs/atma_10b/longdoc_longdoc_fixed_target_nope_93e4dcb463.log
nope,longdoc,fixed_target,,emozilla/pg19,8k,,nll_nats_per_token,5.977974510192871,5,/home/sagemaker-user/atma/benchmarks/logs/atma_10b/longdoc_longdoc_fixed_target_nope_93e4dcb463.log
nope,longdoc,fixed_target,,emozilla/pg19,8k,,perplexity,394.64021834150236,5,/home/sagemaker-user/atma/benchmarks/logs/atma_10b/longdoc_longdoc_fixed_target_nope_93e4dcb463.log
nope,longdoc,fixed_target,,hoskinson-center/proof-pile,128k,,bits_per_byte,7.54421163890804,5,/home/sagemaker-user/atma/benchmarks/logs/atma_10b/longdoc_longdoc_fixed_target_nope_93e4dcb463.log
nope,longdoc,fixed_target,,hoskinson-center/proof-pile,128k,,nll_nats_per_token,13.228365898132324,5,/home/sagemaker-user/atma/benchmarks/logs/atma_10b/longdoc_longdoc_fixed_target_nope_93e4dcb463.log
nope,longdoc,fixed_target,,hoskinson-center/proof-pile,128k,,perplexity,555912.3395552966,5,/home/sagemaker-user/atma/benchmarks/logs/atma_10b/longdoc_longdoc_fixed_target_nope_93e4dcb463.log
nope,longdoc,fixed_target,,hoskinson-center/proof-pile,16k,,bits_per_byte,6.177051136928681,5,/home/sagemaker-user/atma/benchmarks/logs/atma_10b/longdoc_longdoc_fixed_target_nope_93e4dcb463.log
nope,longdoc,fixed_target,,hoskinson-center/proof-pile,16k,,nll_nats_per_token,10.831124114990235,5,/home/sagemaker-user/atma/benchmarks/logs/atma_10b/longdoc_longdoc_fixed_target_nope_93e4dcb463.log
nope,longdoc,fixed_target,,hoskinson-center/proof-pile,16k,,perplexity,50570.52193142596,5,/home/sagemaker-user/atma/benchmarks/logs/atma_10b/longdoc_longdoc_fixed_target_nope_93e4dcb463.log
nope,longdoc,fixed_target,,hoskinson-center/proof-pile,256k,,bits_per_byte,7.722558440736347,5,/home/sagemaker-user/atma/benchmarks/logs/atma_10b/longdoc_longdoc_fixed_target_nope_93e4dcb463.log
nope,longdoc,fixed_target,,hoskinson-center/proof-pile,256k,,nll_nats_per_token,13.541087341308593,5,/home/sagemaker-user/atma/benchmarks/logs/atma_10b/longdoc_longdoc_fixed_target_nope_93e4dcb463.log
nope,longdoc,fixed_target,,hoskinson-center/proof-pile,256k,,perplexity,760010.3581456059,5,/home/sagemaker-user/atma/benchmarks/logs/atma_10b/longdoc_longdoc_fixed_target_nope_93e4dcb463.log
nope,longdoc,fixed_target,,hoskinson-center/proof-pile,2k,,bits_per_byte,2.185520776258783,5,/home/sagemaker-user/atma/benchmarks/logs/atma_10b/longdoc_longdoc_fixed_target_nope_93e4dcb463.log
nope,longdoc,fixed_target,,hoskinson-center/proof-pile,2k,,nll_nats_per_token,3.832192134857178,5,/home/sagemaker-user/atma/benchmarks/logs/atma_10b/longdoc_longdoc_fixed_target_nope_93e4dcb463.log
nope,longdoc,fixed_target,,hoskinson-center/proof-pile,2k,,perplexity,46.16362428653685,5,/home/sagemaker-user/atma/benchmarks/logs/atma_10b/longdoc_longdoc_fixed_target_nope_93e4dcb463.log
nope,longdoc,fixed_target,,hoskinson-center/proof-pile,32k,,bits_per_byte,7.006317138097378,5,/home/sagemaker-user/atma/benchmarks/logs/atma_10b/longdoc_longdoc_fixed_target_nope_93e4dcb463.log
nope,longdoc,fixed_target,,hoskinson-center/proof-pile,32k,,nll_nats_per_token,12.285197067260743,5,/home/sagemaker-user/atma/benchmarks/logs/atma_10b/longdoc_longdoc_fixed_target_nope_93e4dcb463.log
nope,longdoc,fixed_target,,hoskinson-center/proof-pile,32k,,perplexity,216467.796036384,5,/home/sagemaker-user/atma/benchmarks/logs/atma_10b/longdoc_longdoc_fixed_target_nope_93e4dcb463.log
nope,longdoc,fixed_target,,hoskinson-center/proof-pile,4k,,bits_per_byte,2.8207310025106858,5,/home/sagemaker-user/atma/benchmarks/logs/atma_10b/longdoc_longdoc_fixed_target_nope_93e4dcb463.log
nope,longdoc,fixed_target,,hoskinson-center/proof-pile,4k,,nll_nats_per_token,4.945998811721802,5,/home/sagemaker-user/atma/benchmarks/logs/atma_10b/longdoc_longdoc_fixed_target_nope_93e4dcb463.log
nope,longdoc,fixed_target,,hoskinson-center/proof-pile,4k,,perplexity,140.6112248757885,5,/home/sagemaker-user/atma/benchmarks/logs/atma_10b/longdoc_longdoc_fixed_target_nope_93e4dcb463.log
nope,longdoc,fixed_target,,hoskinson-center/proof-pile,64k,,bits_per_byte,7.336787286054106,5,/home/sagemaker-user/atma/benchmarks/logs/atma_10b/longdoc_longdoc_fixed_target_nope_93e4dcb463.log
nope,longdoc,fixed_target,,hoskinson-center/proof-pile,64k,,nll_nats_per_token,12.864658546447753,5,/home/sagemaker-user/atma/benchmarks/logs/atma_10b/longdoc_longdoc_fixed_target_nope_93e4dcb463.log
nope,longdoc,fixed_target,,hoskinson-center/proof-pile,64k,,perplexity,386411.6559809718,5,/home/sagemaker-user/atma/benchmarks/logs/atma_10b/longdoc_longdoc_fixed_target_nope_93e4dcb463.log
nope,longdoc,fixed_target,,hoskinson-center/proof-pile,8k,,bits_per_byte,4.410824190946669,5,/home/sagemaker-user/atma/benchmarks/logs/atma_10b/longdoc_longdoc_fixed_target_nope_93e4dcb463.log
nope,longdoc,fixed_target,,hoskinson-center/proof-pile,8k,,nll_nats_per_token,7.7341409683227536,5,/home/sagemaker-user/atma/benchmarks/logs/atma_10b/longdoc_longdoc_fixed_target_nope_93e4dcb463.log
nope,longdoc,fixed_target,,hoskinson-center/proof-pile,8k,,perplexity,2285.0449349541364,5,/home/sagemaker-user/atma/benchmarks/logs/atma_10b/longdoc_longdoc_fixed_target_nope_93e4dcb463.log
nope,retrieval,real,niah,codelion/finepdfs-1B,128k,0.1,exact_match,0.0,50,/home/sagemaker-user/atma/benchmarks/logs/atma_10b/retrieval_retrieval_real_nope_9094fc05c8.log
nope,retrieval,real,niah,codelion/finepdfs-1B,128k,0.1,nll_nats_per_token,13.23126205444336,50,/home/sagemaker-user/atma/benchmarks/logs/atma_10b/retrieval_retrieval_real_nope_9094fc05c8.log
nope,retrieval,real,niah,codelion/finepdfs-1B,128k,0.1,token_accuracy,0.0,50,/home/sagemaker-user/atma/benchmarks/logs/atma_10b/retrieval_retrieval_real_nope_9094fc05c8.log
nope,retrieval,real,niah,codelion/finepdfs-1B,128k,0.5,exact_match,0.0,50,/home/sagemaker-user/atma/benchmarks/logs/atma_10b/retrieval_retrieval_real_nope_9094fc05c8.log
nope,retrieval,real,niah,codelion/finepdfs-1B,128k,0.5,nll_nats_per_token,13.231304885864258,50,/home/sagemaker-user/atma/benchmarks/logs/atma_10b/retrieval_retrieval_real_nope_9094fc05c8.log
nope,retrieval,real,niah,codelion/finepdfs-1B,128k,0.5,token_accuracy,0.0,50,/home/sagemaker-user/atma/benchmarks/logs/atma_10b/retrieval_retrieval_real_nope_9094fc05c8.log
nope,retrieval,real,niah,codelion/finepdfs-1B,128k,0.9,exact_match,0.0,50,/home/sagemaker-user/atma/benchmarks/logs/atma_10b/retrieval_retrieval_real_nope_9094fc05c8.log
nope,retrieval,real,niah,codelion/finepdfs-1B,128k,0.9,nll_nats_per_token,13.229566650390625,50,/home/sagemaker-user/atma/benchmarks/logs/atma_10b/retrieval_retrieval_real_nope_9094fc05c8.log
nope,retrieval,real,niah,codelion/finepdfs-1B,128k,0.9,token_accuracy,0.0,50,/home/sagemaker-user/atma/benchmarks/logs/atma_10b/retrieval_retrieval_real_nope_9094fc05c8.log
nope,retrieval,real,niah,codelion/finepdfs-1B,16k,0.1,exact_match,0.0,50,/home/sagemaker-user/atma/benchmarks/logs/atma_10b/retrieval_retrieval_real_nope_9094fc05c8.log
nope,retrieval,real,niah,codelion/finepdfs-1B,16k,0.1,nll_nats_per_token,13.15722607421875,50,/home/sagemaker-user/atma/benchmarks/logs/atma_10b/retrieval_retrieval_real_nope_9094fc05c8.log
nope,retrieval,real,niah,codelion/finepdfs-1B,16k,0.1,token_accuracy,0.0,50,/home/sagemaker-user/atma/benchmarks/logs/atma_10b/retrieval_retrieval_real_nope_9094fc05c8.log
nope,retrieval,real,niah,codelion/finepdfs-1B,16k,0.5,exact_match,0.0,50,/home/sagemaker-user/atma/benchmarks/logs/atma_10b/retrieval_retrieval_real_nope_9094fc05c8.log
nope,retrieval,real,niah,codelion/finepdfs-1B,16k,0.5,nll_nats_per_token,13.08041505432129,50,/home/sagemaker-user/atma/benchmarks/logs/atma_10b/retrieval_retrieval_real_nope_9094fc05c8.log
nope,retrieval,real,niah,codelion/finepdfs-1B,16k,0.5,token_accuracy,0.0,50,/home/sagemaker-user/atma/benchmarks/logs/atma_10b/retrieval_retrieval_real_nope_9094fc05c8.log
nope,retrieval,real,niah,codelion/finepdfs-1B,16k,0.9,exact_match,0.0,50,/home/sagemaker-user/atma/benchmarks/logs/atma_10b/retrieval_retrieval_real_nope_9094fc05c8.log
nope,retrieval,real,niah,codelion/finepdfs-1B,16k,0.9,nll_nats_per_token,12.959591583251953,50,/home/sagemaker-user/atma/benchmarks/logs/atma_10b/retrieval_retrieval_real_nope_9094fc05c8.log
nope,retrieval,real,niah,codelion/finepdfs-1B,16k,0.9,token_accuracy,0.0,50,/home/sagemaker-user/atma/benchmarks/logs/atma_10b/retrieval_retrieval_real_nope_9094fc05c8.log
nope,retrieval,real,niah,codelion/finepdfs-1B,256k,0.1,exact_match,0.0,50,/home/sagemaker-user/atma/benchmarks/logs/atma_10b/retrieval_retrieval_real_nope_9094fc05c8.log
nope,retrieval,real,niah,codelion/finepdfs-1B,256k,0.1,nll_nats_per_token,12.821665618896484,50,/home/sagemaker-user/atma/benchmarks/logs/atma_10b/retrieval_retrieval_real_nope_9094fc05c8.log
nope,retrieval,real,niah,codelion/finepdfs-1B,256k,0.1,token_accuracy,0.0,50,/home/sagemaker-user/atma/benchmarks/logs/atma_10b/retrieval_retrieval_real_nope_9094fc05c8.log
nope,retrieval,real,niah,codelion/finepdfs-1B,256k,0.5,exact_match,0.0,50,/home/sagemaker-user/atma/benchmarks/logs/atma_10b/retrieval_retrieval_real_nope_9094fc05c8.log
nope,retrieval,real,niah,codelion/finepdfs-1B,256k,0.5,nll_nats_per_token,12.825851379394532,50,/home/sagemaker-user/atma/benchmarks/logs/atma_10b/retrieval_retrieval_real_nope_9094fc05c8.log
nope,retrieval,real,niah,codelion/finepdfs-1B,256k,0.5,token_accuracy,0.0,50,/home/sagemaker-user/atma/benchmarks/logs/atma_10b/retrieval_retrieval_real_nope_9094fc05c8.log
nope,retrieval,real,niah,codelion/finepdfs-1B,256k,0.9,exact_match,0.0,50,/home/sagemaker-user/atma/benchmarks/logs/atma_10b/retrieval_retrieval_real_nope_9094fc05c8.log
nope,retrieval,real,niah,codelion/finepdfs-1B,256k,0.9,nll_nats_per_token,12.820396255493163,50,/home/sagemaker-user/atma/benchmarks/logs/atma_10b/retrieval_retrieval_real_nope_9094fc05c8.log
nope,retrieval,real,niah,codelion/finepdfs-1B,256k,0.9,token_accuracy,0.0,50,/home/sagemaker-user/atma/benchmarks/logs/atma_10b/retrieval_retrieval_real_nope_9094fc05c8.log
nope,retrieval,real,niah,codelion/finepdfs-1B,2k,0.1,exact_match,98.0,50,/home/sagemaker-user/atma/benchmarks/logs/atma_10b/retrieval_retrieval_real_nope_9094fc05c8.log
nope,retrieval,real,niah,codelion/finepdfs-1B,2k,0.1,nll_nats_per_token,0.16234675455093384,50,/home/sagemaker-user/atma/benchmarks/logs/atma_10b/retrieval_retrieval_real_nope_9094fc05c8.log
nope,retrieval,real,niah,codelion/finepdfs-1B,2k,0.1,token_accuracy,99.6,50,/home/sagemaker-user/atma/benchmarks/logs/atma_10b/retrieval_retrieval_real_nope_9094fc05c8.log
nope,retrieval,real,niah,codelion/finepdfs-1B,2k,0.5,exact_match,96.0,50,/home/sagemaker-user/atma/benchmarks/logs/atma_10b/retrieval_retrieval_real_nope_9094fc05c8.log
nope,retrieval,real,niah,codelion/finepdfs-1B,2k,0.5,nll_nats_per_token,0.16975590908527374,50,/home/sagemaker-user/atma/benchmarks/logs/atma_10b/retrieval_retrieval_real_nope_9094fc05c8.log
nope,retrieval,real,niah,codelion/finepdfs-1B,2k,0.5,token_accuracy,98.8,50,/home/sagemaker-user/atma/benchmarks/logs/atma_10b/retrieval_retrieval_real_nope_9094fc05c8.log
nope,retrieval,real,niah,codelion/finepdfs-1B,2k,0.9,exact_match,94.0,50,/home/sagemaker-user/atma/benchmarks/logs/atma_10b/retrieval_retrieval_real_nope_9094fc05c8.log
nope,retrieval,real,niah,codelion/finepdfs-1B,2k,0.9,nll_nats_per_token,0.1579876401424408,50,/home/sagemaker-user/atma/benchmarks/logs/atma_10b/retrieval_retrieval_real_nope_9094fc05c8.log
nope,retrieval,real,niah,codelion/finepdfs-1B,2k,0.9,token_accuracy,98.8,50,/home/sagemaker-user/atma/benchmarks/logs/atma_10b/retrieval_retrieval_real_nope_9094fc05c8.log
nope,retrieval,real,niah,codelion/finepdfs-1B,32k,0.1,exact_match,0.0,50,/home/sagemaker-user/atma/benchmarks/logs/atma_10b/retrieval_retrieval_real_nope_9094fc05c8.log
nope,retrieval,real,niah,codelion/finepdfs-1B,32k,0.1,nll_nats_per_token,13.029588500976562,50,/home/sagemaker-user/atma/benchmarks/logs/atma_10b/retrieval_retrieval_real_nope_9094fc05c8.log
nope,retrieval,real,niah,codelion/finepdfs-1B,32k,0.1,token_accuracy,0.0,50,/home/sagemaker-user/atma/benchmarks/logs/atma_10b/retrieval_retrieval_real_nope_9094fc05c8.log
nope,retrieval,real,niah,codelion/finepdfs-1B,32k,0.5,exact_match,0.0,50,/home/sagemaker-user/atma/benchmarks/logs/atma_10b/retrieval_retrieval_real_nope_9094fc05c8.log
nope,retrieval,real,niah,codelion/finepdfs-1B,32k,0.5,nll_nats_per_token,13.031112945556641,50,/home/sagemaker-user/atma/benchmarks/logs/atma_10b/retrieval_retrieval_real_nope_9094fc05c8.log
nope,retrieval,real,niah,codelion/finepdfs-1B,32k,0.5,token_accuracy,0.0,50,/home/sagemaker-user/atma/benchmarks/logs/atma_10b/retrieval_retrieval_real_nope_9094fc05c8.log
nope,retrieval,real,niah,codelion/finepdfs-1B,32k,0.9,exact_match,0.0,50,/home/sagemaker-user/atma/benchmarks/logs/atma_10b/retrieval_retrieval_real_nope_9094fc05c8.log
nope,retrieval,real,niah,codelion/finepdfs-1B,32k,0.9,nll_nats_per_token,12.998407348632812,50,/home/sagemaker-user/atma/benchmarks/logs/atma_10b/retrieval_retrieval_real_nope_9094fc05c8.log
nope,retrieval,real,niah,codelion/finepdfs-1B,32k,0.9,token_accuracy,0.0,50,/home/sagemaker-user/atma/benchmarks/logs/atma_10b/retrieval_retrieval_real_nope_9094fc05c8.log
nope,retrieval,real,niah,codelion/finepdfs-1B,4k,0.1,exact_match,88.0,50,/home/sagemaker-user/atma/benchmarks/logs/atma_10b/retrieval_retrieval_real_nope_9094fc05c8.log
nope,retrieval,real,niah,codelion/finepdfs-1B,4k,0.1,nll_nats_per_token,0.35484815621376037,50,/home/sagemaker-user/atma/benchmarks/logs/atma_10b/retrieval_retrieval_real_nope_9094fc05c8.log
nope,retrieval,real,niah,codelion/finepdfs-1B,4k,0.1,token_accuracy,97.6,50,/home/sagemaker-user/atma/benchmarks/logs/atma_10b/retrieval_retrieval_real_nope_9094fc05c8.log
nope,retrieval,real,niah,codelion/finepdfs-1B,4k,0.5,exact_match,14.0,50,/home/sagemaker-user/atma/benchmarks/logs/atma_10b/retrieval_retrieval_real_nope_9094fc05c8.log
nope,retrieval,real,niah,codelion/finepdfs-1B,4k,0.5,nll_nats_per_token,1.661199634552002,50,/home/sagemaker-user/atma/benchmarks/logs/atma_10b/retrieval_retrieval_real_nope_9094fc05c8.log
nope,retrieval,real,niah,codelion/finepdfs-1B,4k,0.5,token_accuracy,72.4,50,/home/sagemaker-user/atma/benchmarks/logs/atma_10b/retrieval_retrieval_real_nope_9094fc05c8.log
nope,retrieval,real,niah,codelion/finepdfs-1B,4k,0.9,exact_match,0.0,50,/home/sagemaker-user/atma/benchmarks/logs/atma_10b/retrieval_retrieval_real_nope_9094fc05c8.log
nope,retrieval,real,niah,codelion/finepdfs-1B,4k,0.9,nll_nats_per_token,4.065092891693115,50,/home/sagemaker-user/atma/benchmarks/logs/atma_10b/retrieval_retrieval_real_nope_9094fc05c8.log
nope,retrieval,real,niah,codelion/finepdfs-1B,4k,0.9,token_accuracy,5.2,50,/home/sagemaker-user/atma/benchmarks/logs/atma_10b/retrieval_retrieval_real_nope_9094fc05c8.log
nope,retrieval,real,niah,codelion/finepdfs-1B,64k,0.1,exact_match,0.0,50,/home/sagemaker-user/atma/benchmarks/logs/atma_10b/retrieval_retrieval_real_nope_9094fc05c8.log
nope,retrieval,real,niah,codelion/finepdfs-1B,64k,0.1,nll_nats_per_token,13.118950637817383,50,/home/sagemaker-user/atma/benchmarks/logs/atma_10b/retrieval_retrieval_real_nope_9094fc05c8.log
nope,retrieval,real,niah,codelion/finepdfs-1B,64k,0.1,token_accuracy,0.0,50,/home/sagemaker-user/atma/benchmarks/logs/atma_10b/retrieval_retrieval_real_nope_9094fc05c8.log
nope,retrieval,real,niah,codelion/finepdfs-1B,64k,0.5,exact_match,0.0,50,/home/sagemaker-user/atma/benchmarks/logs/atma_10b/retrieval_retrieval_real_nope_9094fc05c8.log
nope,retrieval,real,niah,codelion/finepdfs-1B,64k,0.5,nll_nats_per_token,13.104165466308594,50,/home/sagemaker-user/atma/benchmarks/logs/atma_10b/retrieval_retrieval_real_nope_9094fc05c8.log
nope,retrieval,real,niah,codelion/finepdfs-1B,64k,0.5,token_accuracy,0.0,50,/home/sagemaker-user/atma/benchmarks/logs/atma_10b/retrieval_retrieval_real_nope_9094fc05c8.log
nope,retrieval,real,niah,codelion/finepdfs-1B,64k,0.9,exact_match,0.0,50,/home/sagemaker-user/atma/benchmarks/logs/atma_10b/retrieval_retrieval_real_nope_9094fc05c8.log
nope,retrieval,real,niah,codelion/finepdfs-1B,64k,0.9,nll_nats_per_token,13.109647735595702,50,/home/sagemaker-user/atma/benchmarks/logs/atma_10b/retrieval_retrieval_real_nope_9094fc05c8.log
nope,retrieval,real,niah,codelion/finepdfs-1B,64k,0.9,token_accuracy,0.0,50,/home/sagemaker-user/atma/benchmarks/logs/atma_10b/retrieval_retrieval_real_nope_9094fc05c8.log
nope,retrieval,real,niah,codelion/finepdfs-1B,8k,0.1,exact_match,0.0,50,/home/sagemaker-user/atma/benchmarks/logs/atma_10b/retrieval_retrieval_real_nope_9094fc05c8.log
nope,retrieval,real,niah,codelion/finepdfs-1B,8k,0.1,nll_nats_per_token,8.48081713104248,50,/home/sagemaker-user/atma/benchmarks/logs/atma_10b/retrieval_retrieval_real_nope_9094fc05c8.log
nope,retrieval,real,niah,codelion/finepdfs-1B,8k,0.1,token_accuracy,0.0,50,/home/sagemaker-user/atma/benchmarks/logs/atma_10b/retrieval_retrieval_real_nope_9094fc05c8.log
nope,retrieval,real,niah,codelion/finepdfs-1B,8k,0.5,exact_match,0.0,50,/home/sagemaker-user/atma/benchmarks/logs/atma_10b/retrieval_retrieval_real_nope_9094fc05c8.log
nope,retrieval,real,niah,codelion/finepdfs-1B,8k,0.5,nll_nats_per_token,8.38775813293457,50,/home/sagemaker-user/atma/benchmarks/logs/atma_10b/retrieval_retrieval_real_nope_9094fc05c8.log
nope,retrieval,real,niah,codelion/finepdfs-1B,8k,0.5,token_accuracy,0.0,50,/home/sagemaker-user/atma/benchmarks/logs/atma_10b/retrieval_retrieval_real_nope_9094fc05c8.log
nope,retrieval,real,niah,codelion/finepdfs-1B,8k,0.9,exact_match,0.0,50,/home/sagemaker-user/atma/benchmarks/logs/atma_10b/retrieval_retrieval_real_nope_9094fc05c8.log
nope,retrieval,real,niah,codelion/finepdfs-1B,8k,0.9,nll_nats_per_token,8.408516174316405,50,/home/sagemaker-user/atma/benchmarks/logs/atma_10b/retrieval_retrieval_real_nope_9094fc05c8.log
nope,retrieval,real,niah,codelion/finepdfs-1B,8k,0.9,token_accuracy,0.0,50,/home/sagemaker-user/atma/benchmarks/logs/atma_10b/retrieval_retrieval_real_nope_9094fc05c8.log
nope,retrieval,real,passkey,codelion/finepdfs-1B,128k,0.1,exact_match,0.0,50,/home/sagemaker-user/atma/benchmarks/logs/atma_10b/retrieval_retrieval_real_nope_9094fc05c8.log
nope,retrieval,real,passkey,codelion/finepdfs-1B,128k,0.1,nll_nats_per_token,12.77117041015625,50,/home/sagemaker-user/atma/benchmarks/logs/atma_10b/retrieval_retrieval_real_nope_9094fc05c8.log
nope,retrieval,real,passkey,codelion/finepdfs-1B,128k,0.1,token_accuracy,0.0,50,/home/sagemaker-user/atma/benchmarks/logs/atma_10b/retrieval_retrieval_real_nope_9094fc05c8.log
nope,retrieval,real,passkey,codelion/finepdfs-1B,128k,0.5,exact_match,0.0,50,/home/sagemaker-user/atma/benchmarks/logs/atma_10b/retrieval_retrieval_real_nope_9094fc05c8.log
nope,retrieval,real,passkey,codelion/finepdfs-1B,128k,0.5,nll_nats_per_token,12.774763778686523,50,/home/sagemaker-user/atma/benchmarks/logs/atma_10b/retrieval_retrieval_real_nope_9094fc05c8.log
nope,retrieval,real,passkey,codelion/finepdfs-1B,128k,0.5,token_accuracy,0.0,50,/home/sagemaker-user/atma/benchmarks/logs/atma_10b/retrieval_retrieval_real_nope_9094fc05c8.log
nope,retrieval,real,passkey,codelion/finepdfs-1B,128k,0.9,exact_match,0.0,50,/home/sagemaker-user/atma/benchmarks/logs/atma_10b/retrieval_retrieval_real_nope_9094fc05c8.log
nope,retrieval,real,passkey,codelion/finepdfs-1B,128k,0.9,nll_nats_per_token,12.771829696655274,50,/home/sagemaker-user/atma/benchmarks/logs/atma_10b/retrieval_retrieval_real_nope_9094fc05c8.log
nope,retrieval,real,passkey,codelion/finepdfs-1B,128k,0.9,token_accuracy,0.0,50,/home/sagemaker-user/atma/benchmarks/logs/atma_10b/retrieval_retrieval_real_nope_9094fc05c8.log
nope,retrieval,real,passkey,codelion/finepdfs-1B,16k,0.1,exact_match,0.0,50,/home/sagemaker-user/atma/benchmarks/logs/atma_10b/retrieval_retrieval_real_nope_9094fc05c8.log
nope,retrieval,real,passkey,codelion/finepdfs-1B,16k,0.1,nll_nats_per_token,12.931251602172852,50,/home/sagemaker-user/atma/benchmarks/logs/atma_10b/retrieval_retrieval_real_nope_9094fc05c8.log
nope,retrieval,real,passkey,codelion/finepdfs-1B,16k,0.1,token_accuracy,0.0,50,/home/sagemaker-user/atma/benchmarks/logs/atma_10b/retrieval_retrieval_real_nope_9094fc05c8.log
nope,retrieval,real,passkey,codelion/finepdfs-1B,16k,0.5,exact_match,0.0,50,/home/sagemaker-user/atma/benchmarks/logs/atma_10b/retrieval_retrieval_real_nope_9094fc05c8.log
nope,retrieval,real,passkey,codelion/finepdfs-1B,16k,0.5,nll_nats_per_token,12.904172622680663,50,/home/sagemaker-user/atma/benchmarks/logs/atma_10b/retrieval_retrieval_real_nope_9094fc05c8.log
nope,retrieval,real,passkey,codelion/finepdfs-1B,16k,0.5,token_accuracy,0.0,50,/home/sagemaker-user/atma/benchmarks/logs/atma_10b/retrieval_retrieval_real_nope_9094fc05c8.log
nope,retrieval,real,passkey,codelion/finepdfs-1B,16k,0.9,exact_match,0.0,50,/home/sagemaker-user/atma/benchmarks/logs/atma_10b/retrieval_retrieval_real_nope_9094fc05c8.log
nope,retrieval,real,passkey,codelion/finepdfs-1B,16k,0.9,nll_nats_per_token,12.862611267089843,50,/home/sagemaker-user/atma/benchmarks/logs/atma_10b/retrieval_retrieval_real_nope_9094fc05c8.log
nope,retrieval,real,passkey,codelion/finepdfs-1B,16k,0.9,token_accuracy,0.0,50,/home/sagemaker-user/atma/benchmarks/logs/atma_10b/retrieval_retrieval_real_nope_9094fc05c8.log
nope,retrieval,real,passkey,codelion/finepdfs-1B,256k,0.1,exact_match,0.0,50,/home/sagemaker-user/atma/benchmarks/logs/atma_10b/retrieval_retrieval_real_nope_9094fc05c8.log
nope,retrieval,real,passkey,codelion/finepdfs-1B,256k,0.1,nll_nats_per_token,12.753461318969727,50,/home/sagemaker-user/atma/benchmarks/logs/atma_10b/retrieval_retrieval_real_nope_9094fc05c8.log
nope,retrieval,real,passkey,codelion/finepdfs-1B,256k,0.1,token_accuracy,0.0,50,/home/sagemaker-user/atma/benchmarks/logs/atma_10b/retrieval_retrieval_real_nope_9094fc05c8.log
nope,retrieval,real,passkey,codelion/finepdfs-1B,256k,0.5,exact_match,0.0,50,/home/sagemaker-user/atma/benchmarks/logs/atma_10b/retrieval_retrieval_real_nope_9094fc05c8.log
nope,retrieval,real,passkey,codelion/finepdfs-1B,256k,0.5,nll_nats_per_token,12.753618560791015,50,/home/sagemaker-user/atma/benchmarks/logs/atma_10b/retrieval_retrieval_real_nope_9094fc05c8.log
nope,retrieval,real,passkey,codelion/finepdfs-1B,256k,0.5,token_accuracy,0.0,50,/home/sagemaker-user/atma/benchmarks/logs/atma_10b/retrieval_retrieval_real_nope_9094fc05c8.log
nope,retrieval,real,passkey,codelion/finepdfs-1B,256k,0.9,exact_match,0.0,50,/home/sagemaker-user/atma/benchmarks/logs/atma_10b/retrieval_retrieval_real_nope_9094fc05c8.log
nope,retrieval,real,passkey,codelion/finepdfs-1B,256k,0.9,nll_nats_per_token,12.751719421386719,50,/home/sagemaker-user/atma/benchmarks/logs/atma_10b/retrieval_retrieval_real_nope_9094fc05c8.log
nope,retrieval,real,passkey,codelion/finepdfs-1B,256k,0.9,token_accuracy,0.0,50,/home/sagemaker-user/atma/benchmarks/logs/atma_10b/retrieval_retrieval_real_nope_9094fc05c8.log
nope,retrieval,real,passkey,codelion/finepdfs-1B,2k,0.1,exact_match,96.0,50,/home/sagemaker-user/atma/benchmarks/logs/atma_10b/retrieval_retrieval_real_nope_9094fc05c8.log
nope,retrieval,real,passkey,codelion/finepdfs-1B,2k,0.1,nll_nats_per_token,0.09800067621469498,50,/home/sagemaker-user/atma/benchmarks/logs/atma_10b/retrieval_retrieval_real_nope_9094fc05c8.log
nope,retrieval,real,passkey,codelion/finepdfs-1B,2k,0.1,token_accuracy,99.2,50,/home/sagemaker-user/atma/benchmarks/logs/atma_10b/retrieval_retrieval_real_nope_9094fc05c8.log
nope,retrieval,real,passkey,codelion/finepdfs-1B,2k,0.5,exact_match,100.0,50,/home/sagemaker-user/atma/benchmarks/logs/atma_10b/retrieval_retrieval_real_nope_9094fc05c8.log
nope,retrieval,real,passkey,codelion/finepdfs-1B,2k,0.5,nll_nats_per_token,0.06852633088827133,50,/home/sagemaker-user/atma/benchmarks/logs/atma_10b/retrieval_retrieval_real_nope_9094fc05c8.log
nope,retrieval,real,passkey,codelion/finepdfs-1B,2k,0.5,token_accuracy,100.0,50,/home/sagemaker-user/atma/benchmarks/logs/atma_10b/retrieval_retrieval_real_nope_9094fc05c8.log
nope,retrieval,real,passkey,codelion/finepdfs-1B,2k,0.9,exact_match,96.0,50,/home/sagemaker-user/atma/benchmarks/logs/atma_10b/retrieval_retrieval_real_nope_9094fc05c8.log
nope,retrieval,real,passkey,codelion/finepdfs-1B,2k,0.9,nll_nats_per_token,0.15160600173473357,50,/home/sagemaker-user/atma/benchmarks/logs/atma_10b/retrieval_retrieval_real_nope_9094fc05c8.log
nope,retrieval,real,passkey,codelion/finepdfs-1B,2k,0.9,token_accuracy,99.2,50,/home/sagemaker-user/atma/benchmarks/logs/atma_10b/retrieval_retrieval_real_nope_9094fc05c8.log
nope,retrieval,real,passkey,codelion/finepdfs-1B,32k,0.1,exact_match,0.0,50,/home/sagemaker-user/atma/benchmarks/logs/atma_10b/retrieval_retrieval_real_nope_9094fc05c8.log
nope,retrieval,real,passkey,codelion/finepdfs-1B,32k,0.1,nll_nats_per_token,12.82019285583496,50,/home/sagemaker-user/atma/benchmarks/logs/atma_10b/retrieval_retrieval_real_nope_9094fc05c8.log
nope,retrieval,real,passkey,codelion/finepdfs-1B,32k,0.1,token_accuracy,0.0,50,/home/sagemaker-user/atma/benchmarks/logs/atma_10b/retrieval_retrieval_real_nope_9094fc05c8.log
nope,retrieval,real,passkey,codelion/finepdfs-1B,32k,0.5,exact_match,0.0,50,/home/sagemaker-user/atma/benchmarks/logs/atma_10b/retrieval_retrieval_real_nope_9094fc05c8.log
nope,retrieval,real,passkey,codelion/finepdfs-1B,32k,0.5,nll_nats_per_token,12.822246429443359,50,/home/sagemaker-user/atma/benchmarks/logs/atma_10b/retrieval_retrieval_real_nope_9094fc05c8.log
nope,retrieval,real,passkey,codelion/finepdfs-1B,32k,0.5,token_accuracy,0.0,50,/home/sagemaker-user/atma/benchmarks/logs/atma_10b/retrieval_retrieval_real_nope_9094fc05c8.log
nope,retrieval,real,passkey,codelion/finepdfs-1B,32k,0.9,exact_match,0.0,50,/home/sagemaker-user/atma/benchmarks/logs/atma_10b/retrieval_retrieval_real_nope_9094fc05c8.log
nope,retrieval,real,passkey,codelion/finepdfs-1B,32k,0.9,nll_nats_per_token,12.783912994384766,50,/home/sagemaker-user/atma/benchmarks/logs/atma_10b/retrieval_retrieval_real_nope_9094fc05c8.log
nope,retrieval,real,passkey,codelion/finepdfs-1B,32k,0.9,token_accuracy,0.0,50,/home/sagemaker-user/atma/benchmarks/logs/atma_10b/retrieval_retrieval_real_nope_9094fc05c8.log
nope,retrieval,real,passkey,codelion/finepdfs-1B,4k,0.1,exact_match,4.0,50,/home/sagemaker-user/atma/benchmarks/logs/atma_10b/retrieval_retrieval_real_nope_9094fc05c8.log
nope,retrieval,real,passkey,codelion/finepdfs-1B,4k,0.1,nll_nats_per_token,1.520031304359436,50,/home/sagemaker-user/atma/benchmarks/logs/atma_10b/retrieval_retrieval_real_nope_9094fc05c8.log
nope,retrieval,real,passkey,codelion/finepdfs-1B,4k,0.1,token_accuracy,77.2,50,/home/sagemaker-user/atma/benchmarks/logs/atma_10b/retrieval_retrieval_real_nope_9094fc05c8.log
nope,retrieval,real,passkey,codelion/finepdfs-1B,4k,0.5,exact_match,2.0,50,/home/sagemaker-user/atma/benchmarks/logs/atma_10b/retrieval_retrieval_real_nope_9094fc05c8.log
nope,retrieval,real,passkey,codelion/finepdfs-1B,4k,0.5,nll_nats_per_token,1.8112417488098145,50,/home/sagemaker-user/atma/benchmarks/logs/atma_10b/retrieval_retrieval_real_nope_9094fc05c8.log
nope,retrieval,real,passkey,codelion/finepdfs-1B,4k,0.5,token_accuracy,64.8,50,/home/sagemaker-user/atma/benchmarks/logs/atma_10b/retrieval_retrieval_real_nope_9094fc05c8.log
nope,retrieval,real,passkey,codelion/finepdfs-1B,4k,0.9,exact_match,0.0,50,/home/sagemaker-user/atma/benchmarks/logs/atma_10b/retrieval_retrieval_real_nope_9094fc05c8.log
nope,retrieval,real,passkey,codelion/finepdfs-1B,4k,0.9,nll_nats_per_token,4.183784851074218,50,/home/sagemaker-user/atma/benchmarks/logs/atma_10b/retrieval_retrieval_real_nope_9094fc05c8.log
nope,retrieval,real,passkey,codelion/finepdfs-1B,4k,0.9,token_accuracy,0.0,50,/home/sagemaker-user/atma/benchmarks/logs/atma_10b/retrieval_retrieval_real_nope_9094fc05c8.log
nope,retrieval,real,passkey,codelion/finepdfs-1B,64k,0.1,exact_match,0.0,50,/home/sagemaker-user/atma/benchmarks/logs/atma_10b/retrieval_retrieval_real_nope_9094fc05c8.log
nope,retrieval,real,passkey,codelion/finepdfs-1B,64k,0.1,nll_nats_per_token,12.8501600189209,50,/home/sagemaker-user/atma/benchmarks/logs/atma_10b/retrieval_retrieval_real_nope_9094fc05c8.log
nope,retrieval,real,passkey,codelion/finepdfs-1B,64k,0.1,token_accuracy,0.0,50,/home/sagemaker-user/atma/benchmarks/logs/atma_10b/retrieval_retrieval_real_nope_9094fc05c8.log
nope,retrieval,real,passkey,codelion/finepdfs-1B,64k,0.5,exact_match,0.0,50,/home/sagemaker-user/atma/benchmarks/logs/atma_10b/retrieval_retrieval_real_nope_9094fc05c8.log
nope,retrieval,real,passkey,codelion/finepdfs-1B,64k,0.5,nll_nats_per_token,12.844117813110351,50,/home/sagemaker-user/atma/benchmarks/logs/atma_10b/retrieval_retrieval_real_nope_9094fc05c8.log
nope,retrieval,real,passkey,codelion/finepdfs-1B,64k,0.5,token_accuracy,0.0,50,/home/sagemaker-user/atma/benchmarks/logs/atma_10b/retrieval_retrieval_real_nope_9094fc05c8.log
nope,retrieval,real,passkey,codelion/finepdfs-1B,64k,0.9,exact_match,0.0,50,/home/sagemaker-user/atma/benchmarks/logs/atma_10b/retrieval_retrieval_real_nope_9094fc05c8.log
nope,retrieval,real,passkey,codelion/finepdfs-1B,64k,0.9,nll_nats_per_token,12.844386627197265,50,/home/sagemaker-user/atma/benchmarks/logs/atma_10b/retrieval_retrieval_real_nope_9094fc05c8.log
nope,retrieval,real,passkey,codelion/finepdfs-1B,64k,0.9,token_accuracy,0.0,50,/home/sagemaker-user/atma/benchmarks/logs/atma_10b/retrieval_retrieval_real_nope_9094fc05c8.log
nope,retrieval,real,passkey,codelion/finepdfs-1B,8k,0.1,exact_match,0.0,50,/home/sagemaker-user/atma/benchmarks/logs/atma_10b/retrieval_retrieval_real_nope_9094fc05c8.log
nope,retrieval,real,passkey,codelion/finepdfs-1B,8k,0.1,nll_nats_per_token,8.155150741577149,50,/home/sagemaker-user/atma/benchmarks/logs/atma_10b/retrieval_retrieval_real_nope_9094fc05c8.log
nope,retrieval,real,passkey,codelion/finepdfs-1B,8k,0.1,token_accuracy,0.0,50,/home/sagemaker-user/atma/benchmarks/logs/atma_10b/retrieval_retrieval_real_nope_9094fc05c8.log
nope,retrieval,real,passkey,codelion/finepdfs-1B,8k,0.5,exact_match,0.0,50,/home/sagemaker-user/atma/benchmarks/logs/atma_10b/retrieval_retrieval_real_nope_9094fc05c8.log
nope,retrieval,real,passkey,codelion/finepdfs-1B,8k,0.5,nll_nats_per_token,7.683398544311523,50,/home/sagemaker-user/atma/benchmarks/logs/atma_10b/retrieval_retrieval_real_nope_9094fc05c8.log
nope,retrieval,real,passkey,codelion/finepdfs-1B,8k,0.5,token_accuracy,0.0,50,/home/sagemaker-user/atma/benchmarks/logs/atma_10b/retrieval_retrieval_real_nope_9094fc05c8.log
nope,retrieval,real,passkey,codelion/finepdfs-1B,8k,0.9,exact_match,0.0,50,/home/sagemaker-user/atma/benchmarks/logs/atma_10b/retrieval_retrieval_real_nope_9094fc05c8.log
nope,retrieval,real,passkey,codelion/finepdfs-1B,8k,0.9,nll_nats_per_token,7.794811203002929,50,/home/sagemaker-user/atma/benchmarks/logs/atma_10b/retrieval_retrieval_real_nope_9094fc05c8.log
nope,retrieval,real,passkey,codelion/finepdfs-1B,8k,0.9,token_accuracy,0.0,50,/home/sagemaker-user/atma/benchmarks/logs/atma_10b/retrieval_retrieval_real_nope_9094fc05c8.log
nope,retrieval,synthetic,niah,synthetic-filler,128k,0.1,exact_match,0.0,50,/home/sagemaker-user/atma/benchmarks/logs/atma_10b/retrieval_retrieval_synthetic_nope_ab5d31deb9.log
nope,retrieval,synthetic,niah,synthetic-filler,128k,0.1,nll_nats_per_token,4.100708419799805,50,/home/sagemaker-user/atma/benchmarks/logs/atma_10b/retrieval_retrieval_synthetic_nope_ab5d31deb9.log
nope,retrieval,synthetic,niah,synthetic-filler,128k,0.1,token_accuracy,0.0,50,/home/sagemaker-user/atma/benchmarks/logs/atma_10b/retrieval_retrieval_synthetic_nope_ab5d31deb9.log
nope,retrieval,synthetic,niah,synthetic-filler,128k,0.5,exact_match,0.0,50,/home/sagemaker-user/atma/benchmarks/logs/atma_10b/retrieval_retrieval_synthetic_nope_ab5d31deb9.log
nope,retrieval,synthetic,niah,synthetic-filler,128k,0.5,nll_nats_per_token,3.436110382080078,50,/home/sagemaker-user/atma/benchmarks/logs/atma_10b/retrieval_retrieval_synthetic_nope_ab5d31deb9.log
nope,retrieval,synthetic,niah,synthetic-filler,128k,0.5,token_accuracy,1.2,50,/home/sagemaker-user/atma/benchmarks/logs/atma_10b/retrieval_retrieval_synthetic_nope_ab5d31deb9.log
nope,retrieval,synthetic,niah,synthetic-filler,128k,0.9,exact_match,0.0,50,/home/sagemaker-user/atma/benchmarks/logs/atma_10b/retrieval_retrieval_synthetic_nope_ab5d31deb9.log
nope,retrieval,synthetic,niah,synthetic-filler,128k,0.9,nll_nats_per_token,3.828682941436768,50,/home/sagemaker-user/atma/benchmarks/logs/atma_10b/retrieval_retrieval_synthetic_nope_ab5d31deb9.log
nope,retrieval,synthetic,niah,synthetic-filler,128k,0.9,token_accuracy,0.0,50,/home/sagemaker-user/atma/benchmarks/logs/atma_10b/retrieval_retrieval_synthetic_nope_ab5d31deb9.log
nope,retrieval,synthetic,niah,synthetic-filler,16k,0.1,exact_match,76.0,50,/home/sagemaker-user/atma/benchmarks/logs/atma_10b/retrieval_retrieval_synthetic_nope_ab5d31deb9.log
nope,retrieval,synthetic,niah,synthetic-filler,16k,0.1,nll_nats_per_token,0.970261342048645,50,/home/sagemaker-user/atma/benchmarks/logs/atma_10b/retrieval_retrieval_synthetic_nope_ab5d31deb9.log
nope,retrieval,synthetic,niah,synthetic-filler,16k,0.1,token_accuracy,94.8,50,/home/sagemaker-user/atma/benchmarks/logs/atma_10b/retrieval_retrieval_synthetic_nope_ab5d31deb9.log
nope,retrieval,synthetic,niah,synthetic-filler,16k,0.5,exact_match,64.0,50,/home/sagemaker-user/atma/benchmarks/logs/atma_10b/retrieval_retrieval_synthetic_nope_ab5d31deb9.log
nope,retrieval,synthetic,niah,synthetic-filler,16k,0.5,nll_nats_per_token,1.0620148744583129,50,/home/sagemaker-user/atma/benchmarks/logs/atma_10b/retrieval_retrieval_synthetic_nope_ab5d31deb9.log
nope,retrieval,synthetic,niah,synthetic-filler,16k,0.5,token_accuracy,92.0,50,/home/sagemaker-user/atma/benchmarks/logs/atma_10b/retrieval_retrieval_synthetic_nope_ab5d31deb9.log
nope,retrieval,synthetic,niah,synthetic-filler,16k,0.9,exact_match,60.0,50,/home/sagemaker-user/atma/benchmarks/logs/atma_10b/retrieval_retrieval_synthetic_nope_ab5d31deb9.log
nope,retrieval,synthetic,niah,synthetic-filler,16k,0.9,nll_nats_per_token,1.024894058227539,50,/home/sagemaker-user/atma/benchmarks/logs/atma_10b/retrieval_retrieval_synthetic_nope_ab5d31deb9.log
nope,retrieval,synthetic,niah,synthetic-filler,16k,0.9,token_accuracy,89.2,50,/home/sagemaker-user/atma/benchmarks/logs/atma_10b/retrieval_retrieval_synthetic_nope_ab5d31deb9.log
nope,retrieval,synthetic,niah,synthetic-filler,256k,0.1,exact_match,0.0,50,/home/sagemaker-user/atma/benchmarks/logs/atma_10b/retrieval_retrieval_synthetic_nope_ab5d31deb9.log
nope,retrieval,synthetic,niah,synthetic-filler,256k,0.1,nll_nats_per_token,4.806794624328614,50,/home/sagemaker-user/atma/benchmarks/logs/atma_10b/retrieval_retrieval_synthetic_nope_ab5d31deb9.log
nope,retrieval,synthetic,niah,synthetic-filler,256k,0.1,token_accuracy,0.0,50,/home/sagemaker-user/atma/benchmarks/logs/atma_10b/retrieval_retrieval_synthetic_nope_ab5d31deb9.log
nope,retrieval,synthetic,niah,synthetic-filler,256k,0.5,exact_match,0.0,50,/home/sagemaker-user/atma/benchmarks/logs/atma_10b/retrieval_retrieval_synthetic_nope_ab5d31deb9.log
nope,retrieval,synthetic,niah,synthetic-filler,256k,0.5,nll_nats_per_token,4.727262840270996,50,/home/sagemaker-user/atma/benchmarks/logs/atma_10b/retrieval_retrieval_synthetic_nope_ab5d31deb9.log
nope,retrieval,synthetic,niah,synthetic-filler,256k,0.5,token_accuracy,0.0,50,/home/sagemaker-user/atma/benchmarks/logs/atma_10b/retrieval_retrieval_synthetic_nope_ab5d31deb9.log
nope,retrieval,synthetic,niah,synthetic-filler,256k,0.9,exact_match,0.0,50,/home/sagemaker-user/atma/benchmarks/logs/atma_10b/retrieval_retrieval_synthetic_nope_ab5d31deb9.log
nope,retrieval,synthetic,niah,synthetic-filler,256k,0.9,nll_nats_per_token,4.666100090026855,50,/home/sagemaker-user/atma/benchmarks/logs/atma_10b/retrieval_retrieval_synthetic_nope_ab5d31deb9.log
nope,retrieval,synthetic,niah,synthetic-filler,256k,0.9,token_accuracy,0.0,50,/home/sagemaker-user/atma/benchmarks/logs/atma_10b/retrieval_retrieval_synthetic_nope_ab5d31deb9.log
nope,retrieval,synthetic,niah,synthetic-filler,2k,0.1,exact_match,98.0,50,/home/sagemaker-user/atma/benchmarks/logs/atma_10b/retrieval_retrieval_synthetic_nope_ab5d31deb9.log
nope,retrieval,synthetic,niah,synthetic-filler,2k,0.1,exact_match,100.0,2,/home/sagemaker-user/atma/benchmarks/logs/atma_10b/smoke_retrieval_synthetic_nope_594f8ee784.log
nope,retrieval,synthetic,niah,synthetic-filler,2k,0.1,nll_nats_per_token,0.2183802704811096,50,/home/sagemaker-user/atma/benchmarks/logs/atma_10b/retrieval_retrieval_synthetic_nope_ab5d31deb9.log
nope,retrieval,synthetic,niah,synthetic-filler,2k,0.1,nll_nats_per_token,0.1857713282108307,2,/home/sagemaker-user/atma/benchmarks/logs/atma_10b/smoke_retrieval_synthetic_nope_594f8ee784.log
nope,retrieval,synthetic,niah,synthetic-filler,2k,0.1,token_accuracy,99.6,50,/home/sagemaker-user/atma/benchmarks/logs/atma_10b/retrieval_retrieval_synthetic_nope_ab5d31deb9.log
nope,retrieval,synthetic,niah,synthetic-filler,2k,0.1,token_accuracy,100.0,2,/home/sagemaker-user/atma/benchmarks/logs/atma_10b/smoke_retrieval_synthetic_nope_594f8ee784.log
nope,retrieval,synthetic,niah,synthetic-filler,2k,0.5,exact_match,94.0,50,/home/sagemaker-user/atma/benchmarks/logs/atma_10b/retrieval_retrieval_synthetic_nope_ab5d31deb9.log
nope,retrieval,synthetic,niah,synthetic-filler,2k,0.5,exact_match,100.0,2,/home/sagemaker-user/atma/benchmarks/logs/atma_10b/smoke_retrieval_synthetic_nope_594f8ee784.log
nope,retrieval,synthetic,niah,synthetic-filler,2k,0.5,nll_nats_per_token,0.28879924821853636,50,/home/sagemaker-user/atma/benchmarks/logs/atma_10b/retrieval_retrieval_synthetic_nope_ab5d31deb9.log
nope,retrieval,synthetic,niah,synthetic-filler,2k,0.5,nll_nats_per_token,0.22623014450073242,2,/home/sagemaker-user/atma/benchmarks/logs/atma_10b/smoke_retrieval_synthetic_nope_594f8ee784.log
nope,retrieval,synthetic,niah,synthetic-filler,2k,0.5,token_accuracy,98.8,50,/home/sagemaker-user/atma/benchmarks/logs/atma_10b/retrieval_retrieval_synthetic_nope_ab5d31deb9.log
nope,retrieval,synthetic,niah,synthetic-filler,2k,0.5,token_accuracy,100.0,2,/home/sagemaker-user/atma/benchmarks/logs/atma_10b/smoke_retrieval_synthetic_nope_594f8ee784.log
nope,retrieval,synthetic,niah,synthetic-filler,2k,0.9,exact_match,90.0,50,/home/sagemaker-user/atma/benchmarks/logs/atma_10b/retrieval_retrieval_synthetic_nope_ab5d31deb9.log
nope,retrieval,synthetic,niah,synthetic-filler,2k,0.9,exact_match,100.0,2,/home/sagemaker-user/atma/benchmarks/logs/atma_10b/smoke_retrieval_synthetic_nope_594f8ee784.log
nope,retrieval,synthetic,niah,synthetic-filler,2k,0.9,nll_nats_per_token,0.3592003626823425,50,/home/sagemaker-user/atma/benchmarks/logs/atma_10b/retrieval_retrieval_synthetic_nope_ab5d31deb9.log
nope,retrieval,synthetic,niah,synthetic-filler,2k,0.9,nll_nats_per_token,0.28018927574157715,2,/home/sagemaker-user/atma/benchmarks/logs/atma_10b/smoke_retrieval_synthetic_nope_594f8ee784.log
nope,retrieval,synthetic,niah,synthetic-filler,2k,0.9,token_accuracy,98.0,50,/home/sagemaker-user/atma/benchmarks/logs/atma_10b/retrieval_retrieval_synthetic_nope_ab5d31deb9.log
nope,retrieval,synthetic,niah,synthetic-filler,2k,0.9,token_accuracy,100.0,2,/home/sagemaker-user/atma/benchmarks/logs/atma_10b/smoke_retrieval_synthetic_nope_594f8ee784.log
nope,retrieval,synthetic,niah,synthetic-filler,32k,0.1,exact_match,14.0,50,/home/sagemaker-user/atma/benchmarks/logs/atma_10b/retrieval_retrieval_synthetic_nope_ab5d31deb9.log
nope,retrieval,synthetic,niah,synthetic-filler,32k,0.1,nll_nats_per_token,1.5952452850341796,50,/home/sagemaker-user/atma/benchmarks/logs/atma_10b/retrieval_retrieval_synthetic_nope_ab5d31deb9.log
nope,retrieval,synthetic,niah,synthetic-filler,32k,0.1,token_accuracy,67.2,50,/home/sagemaker-user/atma/benchmarks/logs/atma_10b/retrieval_retrieval_synthetic_nope_ab5d31deb9.log
nope,retrieval,synthetic,niah,synthetic-filler,32k,0.5,exact_match,18.0,50,/home/sagemaker-user/atma/benchmarks/logs/atma_10b/retrieval_retrieval_synthetic_nope_ab5d31deb9.log
nope,retrieval,synthetic,niah,synthetic-filler,32k,0.5,nll_nats_per_token,1.669572593688965,50,/home/sagemaker-user/atma/benchmarks/logs/atma_10b/retrieval_retrieval_synthetic_nope_ab5d31deb9.log
nope,retrieval,synthetic,niah,synthetic-filler,32k,0.5,token_accuracy,68.8,50,/home/sagemaker-user/atma/benchmarks/logs/atma_10b/retrieval_retrieval_synthetic_nope_ab5d31deb9.log
nope,retrieval,synthetic,niah,synthetic-filler,32k,0.9,exact_match,18.0,50,/home/sagemaker-user/atma/benchmarks/logs/atma_10b/retrieval_retrieval_synthetic_nope_ab5d31deb9.log
nope,retrieval,synthetic,niah,synthetic-filler,32k,0.9,nll_nats_per_token,1.6485468139648438,50,/home/sagemaker-user/atma/benchmarks/logs/atma_10b/retrieval_retrieval_synthetic_nope_ab5d31deb9.log
nope,retrieval,synthetic,niah,synthetic-filler,32k,0.9,token_accuracy,70.0,50,/home/sagemaker-user/atma/benchmarks/logs/atma_10b/retrieval_retrieval_synthetic_nope_ab5d31deb9.log
nope,retrieval,synthetic,niah,synthetic-filler,4k,0.1,exact_match,100.0,50,/home/sagemaker-user/atma/benchmarks/logs/atma_10b/retrieval_retrieval_synthetic_nope_ab5d31deb9.log
nope,retrieval,synthetic,niah,synthetic-filler,4k,0.1,nll_nats_per_token,0.23217175912857055,50,/home/sagemaker-user/atma/benchmarks/logs/atma_10b/retrieval_retrieval_synthetic_nope_ab5d31deb9.log
nope,retrieval,synthetic,niah,synthetic-filler,4k,0.1,token_accuracy,100.0,50,/home/sagemaker-user/atma/benchmarks/logs/atma_10b/retrieval_retrieval_synthetic_nope_ab5d31deb9.log
nope,retrieval,synthetic,niah,synthetic-filler,4k,0.5,exact_match,92.0,50,/home/sagemaker-user/atma/benchmarks/logs/atma_10b/retrieval_retrieval_synthetic_nope_ab5d31deb9.log
nope,retrieval,synthetic,niah,synthetic-filler,4k,0.5,nll_nats_per_token,0.31931185054779054,50,/home/sagemaker-user/atma/benchmarks/logs/atma_10b/retrieval_retrieval_synthetic_nope_ab5d31deb9.log
nope,retrieval,synthetic,niah,synthetic-filler,4k,0.5,token_accuracy,98.4,50,/home/sagemaker-user/atma/benchmarks/logs/atma_10b/retrieval_retrieval_synthetic_nope_ab5d31deb9.log
nope,retrieval,synthetic,niah,synthetic-filler,4k,0.9,exact_match,90.0,50,/home/sagemaker-user/atma/benchmarks/logs/atma_10b/retrieval_retrieval_synthetic_nope_ab5d31deb9.log
nope,retrieval,synthetic,niah,synthetic-filler,4k,0.9,nll_nats_per_token,0.40028169870376584,50,/home/sagemaker-user/atma/benchmarks/logs/atma_10b/retrieval_retrieval_synthetic_nope_ab5d31deb9.log
nope,retrieval,synthetic,niah,synthetic-filler,4k,0.9,token_accuracy,98.0,50,/home/sagemaker-user/atma/benchmarks/logs/atma_10b/retrieval_retrieval_synthetic_nope_ab5d31deb9.log
nope,retrieval,synthetic,niah,synthetic-filler,64k,0.1,exact_match,0.0,50,/home/sagemaker-user/atma/benchmarks/logs/atma_10b/retrieval_retrieval_synthetic_nope_ab5d31deb9.log
nope,retrieval,synthetic,niah,synthetic-filler,64k,0.1,nll_nats_per_token,3.0245396842956542,50,/home/sagemaker-user/atma/benchmarks/logs/atma_10b/retrieval_retrieval_synthetic_nope_ab5d31deb9.log
nope,retrieval,synthetic,niah,synthetic-filler,64k,0.1,token_accuracy,5.2,50,/home/sagemaker-user/atma/benchmarks/logs/atma_10b/retrieval_retrieval_synthetic_nope_ab5d31deb9.log
nope,retrieval,synthetic,niah,synthetic-filler,64k,0.5,exact_match,0.0,50,/home/sagemaker-user/atma/benchmarks/logs/atma_10b/retrieval_retrieval_synthetic_nope_ab5d31deb9.log
nope,retrieval,synthetic,niah,synthetic-filler,64k,0.5,nll_nats_per_token,2.871099178314209,50,/home/sagemaker-user/atma/benchmarks/logs/atma_10b/retrieval_retrieval_synthetic_nope_ab5d31deb9.log
nope,retrieval,synthetic,niah,synthetic-filler,64k,0.5,token_accuracy,3.6,50,/home/sagemaker-user/atma/benchmarks/logs/atma_10b/retrieval_retrieval_synthetic_nope_ab5d31deb9.log
nope,retrieval,synthetic,niah,synthetic-filler,64k,0.9,exact_match,0.0,50,/home/sagemaker-user/atma/benchmarks/logs/atma_10b/retrieval_retrieval_synthetic_nope_ab5d31deb9.log
nope,retrieval,synthetic,niah,synthetic-filler,64k,0.9,nll_nats_per_token,2.8421294898986815,50,/home/sagemaker-user/atma/benchmarks/logs/atma_10b/retrieval_retrieval_synthetic_nope_ab5d31deb9.log
nope,retrieval,synthetic,niah,synthetic-filler,64k,0.9,token_accuracy,5.6,50,/home/sagemaker-user/atma/benchmarks/logs/atma_10b/retrieval_retrieval_synthetic_nope_ab5d31deb9.log
nope,retrieval,synthetic,niah,synthetic-filler,8k,0.1,exact_match,92.0,50,/home/sagemaker-user/atma/benchmarks/logs/atma_10b/retrieval_retrieval_synthetic_nope_ab5d31deb9.log
nope,retrieval,synthetic,niah,synthetic-filler,8k,0.1,exact_match,100.0,2,/home/sagemaker-user/atma/benchmarks/logs/atma_10b/smoke_retrieval_synthetic_nope_594f8ee784.log
nope,retrieval,synthetic,niah,synthetic-filler,8k,0.1,nll_nats_per_token,0.5013385801315308,50,/home/sagemaker-user/atma/benchmarks/logs/atma_10b/retrieval_retrieval_synthetic_nope_ab5d31deb9.log
nope,retrieval,synthetic,niah,synthetic-filler,8k,0.1,nll_nats_per_token,0.42936962842941284,2,/home/sagemaker-user/atma/benchmarks/logs/atma_10b/smoke_retrieval_synthetic_nope_594f8ee784.log
nope,retrieval,synthetic,niah,synthetic-filler,8k,0.1,token_accuracy,98.4,50,/home/sagemaker-user/atma/benchmarks/logs/atma_10b/retrieval_retrieval_synthetic_nope_ab5d31deb9.log
nope,retrieval,synthetic,niah,synthetic-filler,8k,0.1,token_accuracy,100.0,2,/home/sagemaker-user/atma/benchmarks/logs/atma_10b/smoke_retrieval_synthetic_nope_594f8ee784.log
nope,retrieval,synthetic,niah,synthetic-filler,8k,0.5,exact_match,88.0,50,/home/sagemaker-user/atma/benchmarks/logs/atma_10b/retrieval_retrieval_synthetic_nope_ab5d31deb9.log
nope,retrieval,synthetic,niah,synthetic-filler,8k,0.5,exact_match,100.0,2,/home/sagemaker-user/atma/benchmarks/logs/atma_10b/smoke_retrieval_synthetic_nope_594f8ee784.log
nope,retrieval,synthetic,niah,synthetic-filler,8k,0.5,nll_nats_per_token,0.6253144340515137,50,/home/sagemaker-user/atma/benchmarks/logs/atma_10b/retrieval_retrieval_synthetic_nope_ab5d31deb9.log
nope,retrieval,synthetic,niah,synthetic-filler,8k,0.5,nll_nats_per_token,0.5185990810394288,2,/home/sagemaker-user/atma/benchmarks/logs/atma_10b/smoke_retrieval_synthetic_nope_594f8ee784.log
nope,retrieval,synthetic,niah,synthetic-filler,8k,0.5,token_accuracy,97.6,50,/home/sagemaker-user/atma/benchmarks/logs/atma_10b/retrieval_retrieval_synthetic_nope_ab5d31deb9.log
nope,retrieval,synthetic,niah,synthetic-filler,8k,0.5,token_accuracy,100.0,2,/home/sagemaker-user/atma/benchmarks/logs/atma_10b/smoke_retrieval_synthetic_nope_594f8ee784.log
nope,retrieval,synthetic,niah,synthetic-filler,8k,0.9,exact_match,80.0,50,/home/sagemaker-user/atma/benchmarks/logs/atma_10b/retrieval_retrieval_synthetic_nope_ab5d31deb9.log
nope,retrieval,synthetic,niah,synthetic-filler,8k,0.9,exact_match,100.0,2,/home/sagemaker-user/atma/benchmarks/logs/atma_10b/smoke_retrieval_synthetic_nope_594f8ee784.log
nope,retrieval,synthetic,niah,synthetic-filler,8k,0.9,nll_nats_per_token,0.6866617984771729,50,/home/sagemaker-user/atma/benchmarks/logs/atma_10b/retrieval_retrieval_synthetic_nope_ab5d31deb9.log
nope,retrieval,synthetic,niah,synthetic-filler,8k,0.9,nll_nats_per_token,0.5745191812515259,2,/home/sagemaker-user/atma/benchmarks/logs/atma_10b/smoke_retrieval_synthetic_nope_594f8ee784.log
nope,retrieval,synthetic,niah,synthetic-filler,8k,0.9,token_accuracy,96.0,50,/home/sagemaker-user/atma/benchmarks/logs/atma_10b/retrieval_retrieval_synthetic_nope_ab5d31deb9.log
nope,retrieval,synthetic,niah,synthetic-filler,8k,0.9,token_accuracy,100.0,2,/home/sagemaker-user/atma/benchmarks/logs/atma_10b/smoke_retrieval_synthetic_nope_594f8ee784.log
nope,retrieval,synthetic,passkey,synthetic-filler,128k,0.1,exact_match,0.0,50,/home/sagemaker-user/atma/benchmarks/logs/atma_10b/retrieval_retrieval_synthetic_nope_ab5d31deb9.log
nope,retrieval,synthetic,passkey,synthetic-filler,128k,0.1,nll_nats_per_token,3.35415970993042,50,/home/sagemaker-user/atma/benchmarks/logs/atma_10b/retrieval_retrieval_synthetic_nope_ab5d31deb9.log
nope,retrieval,synthetic,passkey,synthetic-filler,128k,0.1,token_accuracy,14.8,50,/home/sagemaker-user/atma/benchmarks/logs/atma_10b/retrieval_retrieval_synthetic_nope_ab5d31deb9.log
nope,retrieval,synthetic,passkey,synthetic-filler,128k,0.5,exact_match,2.0,50,/home/sagemaker-user/atma/benchmarks/logs/atma_10b/retrieval_retrieval_synthetic_nope_ab5d31deb9.log
nope,retrieval,synthetic,passkey,synthetic-filler,128k,0.5,nll_nats_per_token,2.8694650745391845,50,/home/sagemaker-user/atma/benchmarks/logs/atma_10b/retrieval_retrieval_synthetic_nope_ab5d31deb9.log
nope,retrieval,synthetic,passkey,synthetic-filler,128k,0.5,token_accuracy,21.6,50,/home/sagemaker-user/atma/benchmarks/logs/atma_10b/retrieval_retrieval_synthetic_nope_ab5d31deb9.log
nope,retrieval,synthetic,passkey,synthetic-filler,128k,0.9,exact_match,2.0,50,/home/sagemaker-user/atma/benchmarks/logs/atma_10b/retrieval_retrieval_synthetic_nope_ab5d31deb9.log
nope,retrieval,synthetic,passkey,synthetic-filler,128k,0.9,nll_nats_per_token,2.7477340240478516,50,/home/sagemaker-user/atma/benchmarks/logs/atma_10b/retrieval_retrieval_synthetic_nope_ab5d31deb9.log
nope,retrieval,synthetic,passkey,synthetic-filler,128k,0.9,token_accuracy,23.6,50,/home/sagemaker-user/atma/benchmarks/logs/atma_10b/retrieval_retrieval_synthetic_nope_ab5d31deb9.log
nope,retrieval,synthetic,passkey,synthetic-filler,16k,0.1,exact_match,92.0,50,/home/sagemaker-user/atma/benchmarks/logs/atma_10b/retrieval_retrieval_synthetic_nope_ab5d31deb9.log
nope,retrieval,synthetic,passkey,synthetic-filler,16k,0.1,nll_nats_per_token,0.622396619796753,50,/home/sagemaker-user/atma/benchmarks/logs/atma_10b/retrieval_retrieval_synthetic_nope_ab5d31deb9.log
nope,retrieval,synthetic,passkey,synthetic-filler,16k,0.1,token_accuracy,98.4,50,/home/sagemaker-user/atma/benchmarks/logs/atma_10b/retrieval_retrieval_synthetic_nope_ab5d31deb9.log
nope,retrieval,synthetic,passkey,synthetic-filler,16k,0.5,exact_match,90.0,50,/home/sagemaker-user/atma/benchmarks/logs/atma_10b/retrieval_retrieval_synthetic_nope_ab5d31deb9.log
nope,retrieval,synthetic,passkey,synthetic-filler,16k,0.5,nll_nats_per_token,0.7262902150154114,50,/home/sagemaker-user/atma/benchmarks/logs/atma_10b/retrieval_retrieval_synthetic_nope_ab5d31deb9.log
nope,retrieval,synthetic,passkey,synthetic-filler,16k,0.5,token_accuracy,98.0,50,/home/sagemaker-user/atma/benchmarks/logs/atma_10b/retrieval_retrieval_synthetic_nope_ab5d31deb9.log
nope,retrieval,synthetic,passkey,synthetic-filler,16k,0.9,exact_match,86.0,50,/home/sagemaker-user/atma/benchmarks/logs/atma_10b/retrieval_retrieval_synthetic_nope_ab5d31deb9.log
nope,retrieval,synthetic,passkey,synthetic-filler,16k,0.9,nll_nats_per_token,0.7070595297813416,50,/home/sagemaker-user/atma/benchmarks/logs/atma_10b/retrieval_retrieval_synthetic_nope_ab5d31deb9.log
nope,retrieval,synthetic,passkey,synthetic-filler,16k,0.9,token_accuracy,97.2,50,/home/sagemaker-user/atma/benchmarks/logs/atma_10b/retrieval_retrieval_synthetic_nope_ab5d31deb9.log
nope,retrieval,synthetic,passkey,synthetic-filler,256k,0.1,exact_match,0.0,50,/home/sagemaker-user/atma/benchmarks/logs/atma_10b/retrieval_retrieval_synthetic_nope_ab5d31deb9.log
nope,retrieval,synthetic,passkey,synthetic-filler,256k,0.1,nll_nats_per_token,4.987803413391113,50,/home/sagemaker-user/atma/benchmarks/logs/atma_10b/retrieval_retrieval_synthetic_nope_ab5d31deb9.log
nope,retrieval,synthetic,passkey,synthetic-filler,256k,0.1,token_accuracy,1.2,50,/home/sagemaker-user/atma/benchmarks/logs/atma_10b/retrieval_retrieval_synthetic_nope_ab5d31deb9.log
nope,retrieval,synthetic,passkey,synthetic-filler,256k,0.5,exact_match,0.0,50,/home/sagemaker-user/atma/benchmarks/logs/atma_10b/retrieval_retrieval_synthetic_nope_ab5d31deb9.log
nope,retrieval,synthetic,passkey,synthetic-filler,256k,0.5,nll_nats_per_token,4.518420642852783,50,/home/sagemaker-user/atma/benchmarks/logs/atma_10b/retrieval_retrieval_synthetic_nope_ab5d31deb9.log
nope,retrieval,synthetic,passkey,synthetic-filler,256k,0.5,token_accuracy,3.2,50,/home/sagemaker-user/atma/benchmarks/logs/atma_10b/retrieval_retrieval_synthetic_nope_ab5d31deb9.log
nope,retrieval,synthetic,passkey,synthetic-filler,256k,0.9,exact_match,0.0,50,/home/sagemaker-user/atma/benchmarks/logs/atma_10b/retrieval_retrieval_synthetic_nope_ab5d31deb9.log
nope,retrieval,synthetic,passkey,synthetic-filler,256k,0.9,nll_nats_per_token,4.287005416870117,50,/home/sagemaker-user/atma/benchmarks/logs/atma_10b/retrieval_retrieval_synthetic_nope_ab5d31deb9.log
nope,retrieval,synthetic,passkey,synthetic-filler,256k,0.9,token_accuracy,2.8,50,/home/sagemaker-user/atma/benchmarks/logs/atma_10b/retrieval_retrieval_synthetic_nope_ab5d31deb9.log
nope,retrieval,synthetic,passkey,synthetic-filler,2k,0.1,exact_match,100.0,50,/home/sagemaker-user/atma/benchmarks/logs/atma_10b/retrieval_retrieval_synthetic_nope_ab5d31deb9.log
nope,retrieval,synthetic,passkey,synthetic-filler,2k,0.1,exact_match,100.0,2,/home/sagemaker-user/atma/benchmarks/logs/atma_10b/smoke_retrieval_synthetic_nope_594f8ee784.log
nope,retrieval,synthetic,passkey,synthetic-filler,2k,0.1,nll_nats_per_token,0.11888313245773316,50,/home/sagemaker-user/atma/benchmarks/logs/atma_10b/retrieval_retrieval_synthetic_nope_ab5d31deb9.log
nope,retrieval,synthetic,passkey,synthetic-filler,2k,0.1,nll_nats_per_token,0.09665588140487671,2,/home/sagemaker-user/atma/benchmarks/logs/atma_10b/smoke_retrieval_synthetic_nope_594f8ee784.log
nope,retrieval,synthetic,passkey,synthetic-filler,2k,0.1,token_accuracy,100.0,50,/home/sagemaker-user/atma/benchmarks/logs/atma_10b/retrieval_retrieval_synthetic_nope_ab5d31deb9.log
nope,retrieval,synthetic,passkey,synthetic-filler,2k,0.1,token_accuracy,100.0,2,/home/sagemaker-user/atma/benchmarks/logs/atma_10b/smoke_retrieval_synthetic_nope_594f8ee784.log
nope,retrieval,synthetic,passkey,synthetic-filler,2k,0.5,exact_match,94.0,50,/home/sagemaker-user/atma/benchmarks/logs/atma_10b/retrieval_retrieval_synthetic_nope_ab5d31deb9.log
nope,retrieval,synthetic,passkey,synthetic-filler,2k,0.5,exact_match,100.0,2,/home/sagemaker-user/atma/benchmarks/logs/atma_10b/smoke_retrieval_synthetic_nope_594f8ee784.log
nope,retrieval,synthetic,passkey,synthetic-filler,2k,0.5,nll_nats_per_token,0.1919787765741348,50,/home/sagemaker-user/atma/benchmarks/logs/atma_10b/retrieval_retrieval_synthetic_nope_ab5d31deb9.log
nope,retrieval,synthetic,passkey,synthetic-filler,2k,0.5,nll_nats_per_token,0.15630563497543334,2,/home/sagemaker-user/atma/benchmarks/logs/atma_10b/smoke_retrieval_synthetic_nope_594f8ee784.log
nope,retrieval,synthetic,passkey,synthetic-filler,2k,0.5,token_accuracy,98.8,50,/home/sagemaker-user/atma/benchmarks/logs/atma_10b/retrieval_retrieval_synthetic_nope_ab5d31deb9.log
nope,retrieval,synthetic,passkey,synthetic-filler,2k,0.5,token_accuracy,100.0,2,/home/sagemaker-user/atma/benchmarks/logs/atma_10b/smoke_retrieval_synthetic_nope_594f8ee784.log
nope,retrieval,synthetic,passkey,synthetic-filler,2k,0.9,exact_match,96.0,50,/home/sagemaker-user/atma/benchmarks/logs/atma_10b/retrieval_retrieval_synthetic_nope_ab5d31deb9.log
nope,retrieval,synthetic,passkey,synthetic-filler,2k,0.9,exact_match,100.0,2,/home/sagemaker-user/atma/benchmarks/logs/atma_10b/smoke_retrieval_synthetic_nope_594f8ee784.log
nope,retrieval,synthetic,passkey,synthetic-filler,2k,0.9,nll_nats_per_token,0.27715075135231015,50,/home/sagemaker-user/atma/benchmarks/logs/atma_10b/retrieval_retrieval_synthetic_nope_ab5d31deb9.log
nope,retrieval,synthetic,passkey,synthetic-filler,2k,0.9,nll_nats_per_token,0.3487744092941284,2,/home/sagemaker-user/atma/benchmarks/logs/atma_10b/smoke_retrieval_synthetic_nope_594f8ee784.log
nope,retrieval,synthetic,passkey,synthetic-filler,2k,0.9,token_accuracy,99.2,50,/home/sagemaker-user/atma/benchmarks/logs/atma_10b/retrieval_retrieval_synthetic_nope_ab5d31deb9.log
nope,retrieval,synthetic,passkey,synthetic-filler,2k,0.9,token_accuracy,100.0,2,/home/sagemaker-user/atma/benchmarks/logs/atma_10b/smoke_retrieval_synthetic_nope_594f8ee784.log
nope,retrieval,synthetic,passkey,synthetic-filler,32k,0.1,exact_match,30.0,50,/home/sagemaker-user/atma/benchmarks/logs/atma_10b/retrieval_retrieval_synthetic_nope_ab5d31deb9.log
nope,retrieval,synthetic,passkey,synthetic-filler,32k,0.1,nll_nats_per_token,1.5187098951339721,50,/home/sagemaker-user/atma/benchmarks/logs/atma_10b/retrieval_retrieval_synthetic_nope_ab5d31deb9.log
nope,retrieval,synthetic,passkey,synthetic-filler,32k,0.1,token_accuracy,70.0,50,/home/sagemaker-user/atma/benchmarks/logs/atma_10b/retrieval_retrieval_synthetic_nope_ab5d31deb9.log
nope,retrieval,synthetic,passkey,synthetic-filler,32k,0.5,exact_match,22.0,50,/home/sagemaker-user/atma/benchmarks/logs/atma_10b/retrieval_retrieval_synthetic_nope_ab5d31deb9.log
nope,retrieval,synthetic,passkey,synthetic-filler,32k,0.5,nll_nats_per_token,1.5153522090911866,50,/home/sagemaker-user/atma/benchmarks/logs/atma_10b/retrieval_retrieval_synthetic_nope_ab5d31deb9.log
nope,retrieval,synthetic,passkey,synthetic-filler,32k,0.5,token_accuracy,68.0,50,/home/sagemaker-user/atma/benchmarks/logs/atma_10b/retrieval_retrieval_synthetic_nope_ab5d31deb9.log
nope,retrieval,synthetic,passkey,synthetic-filler,32k,0.9,exact_match,40.0,50,/home/sagemaker-user/atma/benchmarks/logs/atma_10b/retrieval_retrieval_synthetic_nope_ab5d31deb9.log
nope,retrieval,synthetic,passkey,synthetic-filler,32k,0.9,nll_nats_per_token,1.362572564125061,50,/home/sagemaker-user/atma/benchmarks/logs/atma_10b/retrieval_retrieval_synthetic_nope_ab5d31deb9.log
nope,retrieval,synthetic,passkey,synthetic-filler,32k,0.9,token_accuracy,78.0,50,/home/sagemaker-user/atma/benchmarks/logs/atma_10b/retrieval_retrieval_synthetic_nope_ab5d31deb9.log
nope,retrieval,synthetic,passkey,synthetic-filler,4k,0.1,exact_match,98.0,50,/home/sagemaker-user/atma/benchmarks/logs/atma_10b/retrieval_retrieval_synthetic_nope_ab5d31deb9.log
nope,retrieval,synthetic,passkey,synthetic-filler,4k,0.1,nll_nats_per_token,0.1426732031106949,50,/home/sagemaker-user/atma/benchmarks/logs/atma_10b/retrieval_retrieval_synthetic_nope_ab5d31deb9.log
nope,retrieval,synthetic,passkey,synthetic-filler,4k,0.1,token_accuracy,99.6,50,/home/sagemaker-user/atma/benchmarks/logs/atma_10b/retrieval_retrieval_synthetic_nope_ab5d31deb9.log
nope,retrieval,synthetic,passkey,synthetic-filler,4k,0.5,exact_match,94.0,50,/home/sagemaker-user/atma/benchmarks/logs/atma_10b/retrieval_retrieval_synthetic_nope_ab5d31deb9.log
nope,retrieval,synthetic,passkey,synthetic-filler,4k,0.5,nll_nats_per_token,0.31325254440307615,50,/home/sagemaker-user/atma/benchmarks/logs/atma_10b/retrieval_retrieval_synthetic_nope_ab5d31deb9.log
nope,retrieval,synthetic,passkey,synthetic-filler,4k,0.5,token_accuracy,98.8,50,/home/sagemaker-user/atma/benchmarks/logs/atma_10b/retrieval_retrieval_synthetic_nope_ab5d31deb9.log
nope,retrieval,synthetic,passkey,synthetic-filler,4k,0.9,exact_match,88.0,50,/home/sagemaker-user/atma/benchmarks/logs/atma_10b/retrieval_retrieval_synthetic_nope_ab5d31deb9.log
nope,retrieval,synthetic,passkey,synthetic-filler,4k,0.9,nll_nats_per_token,0.3566783878803253,50,/home/sagemaker-user/atma/benchmarks/logs/atma_10b/retrieval_retrieval_synthetic_nope_ab5d31deb9.log
nope,retrieval,synthetic,passkey,synthetic-filler,4k,0.9,token_accuracy,97.6,50,/home/sagemaker-user/atma/benchmarks/logs/atma_10b/retrieval_retrieval_synthetic_nope_ab5d31deb9.log
nope,retrieval,synthetic,passkey,synthetic-filler,64k,0.1,exact_match,6.0,50,/home/sagemaker-user/atma/benchmarks/logs/atma_10b/retrieval_retrieval_synthetic_nope_ab5d31deb9.log
nope,retrieval,synthetic,passkey,synthetic-filler,64k,0.1,nll_nats_per_token,2.1864183540344237,50,/home/sagemaker-user/atma/benchmarks/logs/atma_10b/retrieval_retrieval_synthetic_nope_ab5d31deb9.log
nope,retrieval,synthetic,passkey,synthetic-filler,64k,0.1,token_accuracy,40.8,50,/home/sagemaker-user/atma/benchmarks/logs/atma_10b/retrieval_retrieval_synthetic_nope_ab5d31deb9.log
nope,retrieval,synthetic,passkey,synthetic-filler,64k,0.5,exact_match,12.0,50,/home/sagemaker-user/atma/benchmarks/logs/atma_10b/retrieval_retrieval_synthetic_nope_ab5d31deb9.log
nope,retrieval,synthetic,passkey,synthetic-filler,64k,0.5,nll_nats_per_token,1.9705019645690918,50,/home/sagemaker-user/atma/benchmarks/logs/atma_10b/retrieval_retrieval_synthetic_nope_ab5d31deb9.log
nope,retrieval,synthetic,passkey,synthetic-filler,64k,0.5,token_accuracy,50.8,50,/home/sagemaker-user/atma/benchmarks/logs/atma_10b/retrieval_retrieval_synthetic_nope_ab5d31deb9.log
nope,retrieval,synthetic,passkey,synthetic-filler,64k,0.9,exact_match,10.0,50,/home/sagemaker-user/atma/benchmarks/logs/atma_10b/retrieval_retrieval_synthetic_nope_ab5d31deb9.log
nope,retrieval,synthetic,passkey,synthetic-filler,64k,0.9,nll_nats_per_token,1.9147789249420166,50,/home/sagemaker-user/atma/benchmarks/logs/atma_10b/retrieval_retrieval_synthetic_nope_ab5d31deb9.log
nope,retrieval,synthetic,passkey,synthetic-filler,64k,0.9,token_accuracy,52.8,50,/home/sagemaker-user/atma/benchmarks/logs/atma_10b/retrieval_retrieval_synthetic_nope_ab5d31deb9.log
nope,retrieval,synthetic,passkey,synthetic-filler,8k,0.1,exact_match,94.0,50,/home/sagemaker-user/atma/benchmarks/logs/atma_10b/retrieval_retrieval_synthetic_nope_ab5d31deb9.log
nope,retrieval,synthetic,passkey,synthetic-filler,8k,0.1,exact_match,100.0,2,/home/sagemaker-user/atma/benchmarks/logs/atma_10b/smoke_retrieval_synthetic_nope_594f8ee784.log
nope,retrieval,synthetic,passkey,synthetic-filler,8k,0.1,nll_nats_per_token,0.3522091245651245,50,/home/sagemaker-user/atma/benchmarks/logs/atma_10b/retrieval_retrieval_synthetic_nope_ab5d31deb9.log
nope,retrieval,synthetic,passkey,synthetic-filler,8k,0.1,nll_nats_per_token,0.28102835416793825,2,/home/sagemaker-user/atma/benchmarks/logs/atma_10b/smoke_retrieval_synthetic_nope_594f8ee784.log
nope,retrieval,synthetic,passkey,synthetic-filler,8k,0.1,token_accuracy,98.8,50,/home/sagemaker-user/atma/benchmarks/logs/atma_10b/retrieval_retrieval_synthetic_nope_ab5d31deb9.log
nope,retrieval,synthetic,passkey,synthetic-filler,8k,0.1,token_accuracy,100.0,2,/home/sagemaker-user/atma/benchmarks/logs/atma_10b/smoke_retrieval_synthetic_nope_594f8ee784.log
nope,retrieval,synthetic,passkey,synthetic-filler,8k,0.5,exact_match,86.0,50,/home/sagemaker-user/atma/benchmarks/logs/atma_10b/retrieval_retrieval_synthetic_nope_ab5d31deb9.log
nope,retrieval,synthetic,passkey,synthetic-filler,8k,0.5,exact_match,100.0,2,/home/sagemaker-user/atma/benchmarks/logs/atma_10b/smoke_retrieval_synthetic_nope_594f8ee784.log
nope,retrieval,synthetic,passkey,synthetic-filler,8k,0.5,nll_nats_per_token,0.5024851088523865,50,/home/sagemaker-user/atma/benchmarks/logs/atma_10b/retrieval_retrieval_synthetic_nope_ab5d31deb9.log
nope,retrieval,synthetic,passkey,synthetic-filler,8k,0.5,nll_nats_per_token,0.5803455352783203,2,/home/sagemaker-user/atma/benchmarks/logs/atma_10b/smoke_retrieval_synthetic_nope_594f8ee784.log
nope,retrieval,synthetic,passkey,synthetic-filler,8k,0.5,token_accuracy,97.2,50,/home/sagemaker-user/atma/benchmarks/logs/atma_10b/retrieval_retrieval_synthetic_nope_ab5d31deb9.log
nope,retrieval,synthetic,passkey,synthetic-filler,8k,0.5,token_accuracy,100.0,2,/home/sagemaker-user/atma/benchmarks/logs/atma_10b/smoke_retrieval_synthetic_nope_594f8ee784.log
nope,retrieval,synthetic,passkey,synthetic-filler,8k,0.9,exact_match,92.0,50,/home/sagemaker-user/atma/benchmarks/logs/atma_10b/retrieval_retrieval_synthetic_nope_ab5d31deb9.log
nope,retrieval,synthetic,passkey,synthetic-filler,8k,0.9,exact_match,100.0,2,/home/sagemaker-user/atma/benchmarks/logs/atma_10b/smoke_retrieval_synthetic_nope_594f8ee784.log
nope,retrieval,synthetic,passkey,synthetic-filler,8k,0.9,nll_nats_per_token,0.5469827923774719,50,/home/sagemaker-user/atma/benchmarks/logs/atma_10b/retrieval_retrieval_synthetic_nope_ab5d31deb9.log
nope,retrieval,synthetic,passkey,synthetic-filler,8k,0.9,nll_nats_per_token,0.6265782833099365,2,/home/sagemaker-user/atma/benchmarks/logs/atma_10b/smoke_retrieval_synthetic_nope_594f8ee784.log
nope,retrieval,synthetic,passkey,synthetic-filler,8k,0.9,token_accuracy,98.4,50,/home/sagemaker-user/atma/benchmarks/logs/atma_10b/retrieval_retrieval_synthetic_nope_ab5d31deb9.log
nope,retrieval,synthetic,passkey,synthetic-filler,8k,0.9,token_accuracy,100.0,2,/home/sagemaker-user/atma/benchmarks/logs/atma_10b/smoke_retrieval_synthetic_nope_594f8ee784.log
nope,serving,generation,,,128k,,decode_tokens_per_s,60.980745217198134,1,/home/sagemaker-user/atma/benchmarks/logs/atma_10b/serving_serving_generation_nope_697dc56e85.log
nope,serving,generation,,,128k,,oom,False,1,/home/sagemaker-user/atma/benchmarks/logs/atma_10b/serving_serving_generation_nope_697dc56e85.log
nope,serving,generation,,,128k,,peak_allocated_bytes,42310739968,1,/home/sagemaker-user/atma/benchmarks/logs/atma_10b/serving_serving_generation_nope_697dc56e85.log
nope,serving,generation,,,128k,,peak_reserved_bytes,42454745088,1,/home/sagemaker-user/atma/benchmarks/logs/atma_10b/serving_serving_generation_nope_697dc56e85.log
nope,serving,generation,,,128k,,prefill_tokens_per_s,89013.05092555212,1,/home/sagemaker-user/atma/benchmarks/logs/atma_10b/serving_serving_generation_nope_697dc56e85.log
nope,serving,generation,,,16k,,decode_tokens_per_s,271.7403510697163,1,/home/sagemaker-user/atma/benchmarks/logs/atma_10b/serving_serving_generation_nope_697dc56e85.log
nope,serving,generation,,,16k,,oom,False,1,/home/sagemaker-user/atma/benchmarks/logs/atma_10b/serving_serving_generation_nope_697dc56e85.log
nope,serving,generation,,,16k,,peak_allocated_bytes,42312114176,1,/home/sagemaker-user/atma/benchmarks/logs/atma_10b/serving_serving_generation_nope_697dc56e85.log
nope,serving,generation,,,16k,,peak_reserved_bytes,42366664704,1,/home/sagemaker-user/atma/benchmarks/logs/atma_10b/serving_serving_generation_nope_697dc56e85.log
nope,serving,generation,,,16k,,prefill_tokens_per_s,168510.0761553641,1,/home/sagemaker-user/atma/benchmarks/logs/atma_10b/serving_serving_generation_nope_697dc56e85.log
nope,serving,generation,,,2k,,decode_tokens_per_s,450.076261029105,1,/home/sagemaker-user/atma/benchmarks/logs/atma_10b/serving_serving_generation_nope_697dc56e85.log
nope,serving,generation,,,2k,,oom,False,1,/home/sagemaker-user/atma/benchmarks/logs/atma_10b/serving_serving_generation_nope_697dc56e85.log
nope,serving,generation,,,2k,,peak_allocated_bytes,42329587712,1,/home/sagemaker-user/atma/benchmarks/logs/atma_10b/serving_serving_generation_nope_697dc56e85.log
nope,serving,generation,,,2k,,peak_reserved_bytes,42366664704,1,/home/sagemaker-user/atma/benchmarks/logs/atma_10b/serving_serving_generation_nope_697dc56e85.log
nope,serving,generation,,,2k,,prefill_tokens_per_s,13069.516652425502,1,/home/sagemaker-user/atma/benchmarks/logs/atma_10b/serving_serving_generation_nope_697dc56e85.log
nope,serving,generation,,,32k,,decode_tokens_per_s,177.83272591056013,1,/home/sagemaker-user/atma/benchmarks/logs/atma_10b/serving_serving_generation_nope_697dc56e85.log
nope,serving,generation,,,32k,,oom,False,1,/home/sagemaker-user/atma/benchmarks/logs/atma_10b/serving_serving_generation_nope_697dc56e85.log
nope,serving,generation,,,32k,,peak_allocated_bytes,42307723776,1,/home/sagemaker-user/atma/benchmarks/logs/atma_10b/serving_serving_generation_nope_697dc56e85.log
nope,serving,generation,,,32k,,peak_reserved_bytes,42379247616,1,/home/sagemaker-user/atma/benchmarks/logs/atma_10b/serving_serving_generation_nope_697dc56e85.log
nope,serving,generation,,,32k,,prefill_tokens_per_s,142318.83638438082,1,/home/sagemaker-user/atma/benchmarks/logs/atma_10b/serving_serving_generation_nope_697dc56e85.log
nope,serving,generation,,,4k,,decode_tokens_per_s,408.82807042367,1,/home/sagemaker-user/atma/benchmarks/logs/atma_10b/serving_serving_generation_nope_697dc56e85.log
nope,serving,generation,,,4k,,oom,False,1,/home/sagemaker-user/atma/benchmarks/logs/atma_10b/serving_serving_generation_nope_697dc56e85.log
nope,serving,generation,,,4k,,peak_allocated_bytes,42313310208,1,/home/sagemaker-user/atma/benchmarks/logs/atma_10b/serving_serving_generation_nope_697dc56e85.log
nope,serving,generation,,,4k,,peak_reserved_bytes,42349887488,1,/home/sagemaker-user/atma/benchmarks/logs/atma_10b/serving_serving_generation_nope_697dc56e85.log
nope,serving,generation,,,4k,,prefill_tokens_per_s,146567.79615844076,1,/home/sagemaker-user/atma/benchmarks/logs/atma_10b/serving_serving_generation_nope_697dc56e85.log
nope,serving,generation,,,64k,,decode_tokens_per_s,108.4489897477784,1,/home/sagemaker-user/atma/benchmarks/logs/atma_10b/serving_serving_generation_nope_697dc56e85.log
nope,serving,generation,,,64k,,oom,False,1,/home/sagemaker-user/atma/benchmarks/logs/atma_10b/serving_serving_generation_nope_697dc56e85.log
nope,serving,generation,,,64k,,peak_allocated_bytes,42313622528,1,/home/sagemaker-user/atma/benchmarks/logs/atma_10b/serving_serving_generation_nope_697dc56e85.log
nope,serving,generation,,,64k,,peak_reserved_bytes,42404413440,1,/home/sagemaker-user/atma/benchmarks/logs/atma_10b/serving_serving_generation_nope_697dc56e85.log
nope,serving,generation,,,64k,,prefill_tokens_per_s,113809.88077615378,1,/home/sagemaker-user/atma/benchmarks/logs/atma_10b/serving_serving_generation_nope_697dc56e85.log
nope,serving,generation,,,8k,,decode_tokens_per_s,352.9780392631333,1,/home/sagemaker-user/atma/benchmarks/logs/atma_10b/serving_serving_generation_nope_697dc56e85.log
nope,serving,generation,,,8k,,oom,False,1,/home/sagemaker-user/atma/benchmarks/logs/atma_10b/serving_serving_generation_nope_697dc56e85.log
nope,serving,generation,,,8k,,peak_allocated_bytes,42312212480,1,/home/sagemaker-user/atma/benchmarks/logs/atma_10b/serving_serving_generation_nope_697dc56e85.log
nope,serving,generation,,,8k,,peak_reserved_bytes,42341498880,1,/home/sagemaker-user/atma/benchmarks/logs/atma_10b/serving_serving_generation_nope_697dc56e85.log
nope,serving,generation,,,8k,,prefill_tokens_per_s,166503.84299223212,1,/home/sagemaker-user/atma/benchmarks/logs/atma_10b/serving_serving_generation_nope_697dc56e85.log
nope,serving,generation,,,,,max_successful_context_tokens,131072,,/home/sagemaker-user/atma/benchmarks/logs/atma_10b/serving_serving_generation_nope_697dc56e85.log
polar,base,zero_shot,arc_challenge,,,,accuracy,0.23076923076923078,299,/home/sagemaker-user/atma/benchmarks/logs/atma_10b/base_base_zero_shot_polar_0c3025300d.log
polar,base,zero_shot,arc_challenge,,,,accuracy_norm,0.2608695652173913,299,/home/sagemaker-user/atma/benchmarks/logs/atma_10b/base_base_zero_shot_polar_0c3025300d.log
polar,base,zero_shot,arc_easy,,,,accuracy,0.5666666666666667,570,/home/sagemaker-user/atma/benchmarks/logs/atma_10b/base_base_zero_shot_polar_0c3025300d.log
polar,base,zero_shot,arc_easy,,,,accuracy_norm,0.49122807017543857,570,/home/sagemaker-user/atma/benchmarks/logs/atma_10b/base_base_zero_shot_polar_0c3025300d.log
polar,base,zero_shot,boolq,,,,accuracy,0.5620795107033639,3270,/home/sagemaker-user/atma/benchmarks/logs/atma_10b/base_base_zero_shot_polar_0c3025300d.log
polar,base,zero_shot,boolq,,,,accuracy_norm,0.5620795107033639,3270,/home/sagemaker-user/atma/benchmarks/logs/atma_10b/base_base_zero_shot_polar_0c3025300d.log
polar,base,zero_shot,hellaswag,,,,accuracy,0.3169687313284206,10042,/home/sagemaker-user/atma/benchmarks/logs/atma_10b/base_base_zero_shot_polar_0c3025300d.log
polar,base,zero_shot,hellaswag,,,,accuracy_norm,0.36188010356502687,10042,/home/sagemaker-user/atma/benchmarks/logs/atma_10b/base_base_zero_shot_polar_0c3025300d.log
polar,base,zero_shot,lambada,,,,accuracy,0.284688530952843,5153,/home/sagemaker-user/atma/benchmarks/logs/atma_10b/base_base_zero_shot_polar_0c3025300d.log
polar,base,zero_shot,lambada,,,,target_nll,3.1783979109615585,5153,/home/sagemaker-user/atma/benchmarks/logs/atma_10b/base_base_zero_shot_polar_0c3025300d.log
polar,base,zero_shot,lambada,,,,target_perplexity,24.008259355587292,5153,/home/sagemaker-user/atma/benchmarks/logs/atma_10b/base_base_zero_shot_polar_0c3025300d.log
polar,base,zero_shot,openbookqa,,,,accuracy,0.218,500,/home/sagemaker-user/atma/benchmarks/logs/atma_10b/base_base_zero_shot_polar_0c3025300d.log
polar,base,zero_shot,openbookqa,,,,accuracy_norm,0.318,500,/home/sagemaker-user/atma/benchmarks/logs/atma_10b/base_base_zero_shot_polar_0c3025300d.log
polar,base,zero_shot,piqa,,,,accuracy,0.6643090315560392,1838,/home/sagemaker-user/atma/benchmarks/logs/atma_10b/base_base_zero_shot_polar_0c3025300d.log
polar,base,zero_shot,piqa,,,,accuracy_norm,0.6686615886833515,1838,/home/sagemaker-user/atma/benchmarks/logs/atma_10b/base_base_zero_shot_polar_0c3025300d.log
polar,base,zero_shot,winogrande,,,,accuracy,0.516179952644041,1267,/home/sagemaker-user/atma/benchmarks/logs/atma_10b/base_base_zero_shot_polar_0c3025300d.log
polar,base,zero_shot,winogrande,,,,accuracy_norm,0.516179952644041,1267,/home/sagemaker-user/atma/benchmarks/logs/atma_10b/base_base_zero_shot_polar_0c3025300d.log
polar,longdoc,fixed_target,,codelion/finepdfs-1B,128k,,bits_per_byte,1.2515630599053678,8,/home/sagemaker-user/atma/benchmarks/logs/atma_10b/longdoc_longdoc_fixed_target_polar_179465a695.log
polar,longdoc,fixed_target,,codelion/finepdfs-1B,128k,,nll_nats_per_token,1.5401822701096535,8,/home/sagemaker-user/atma/benchmarks/logs/atma_10b/longdoc_longdoc_fixed_target_polar_179465a695.log
polar,longdoc,fixed_target,,codelion/finepdfs-1B,128k,,perplexity,4.665440563857441,8,/home/sagemaker-user/atma/benchmarks/logs/atma_10b/longdoc_longdoc_fixed_target_polar_179465a695.log
polar,longdoc,fixed_target,,codelion/finepdfs-1B,16k,,bits_per_byte,0.9383923593925758,8,/home/sagemaker-user/atma/benchmarks/logs/atma_10b/longdoc_longdoc_fixed_target_polar_179465a695.log
polar,longdoc,fixed_target,,codelion/finepdfs-1B,16k,,nll_nats_per_token,1.1547922119498253,8,/home/sagemaker-user/atma/benchmarks/logs/atma_10b/longdoc_longdoc_fixed_target_polar_179465a695.log
polar,longdoc,fixed_target,,codelion/finepdfs-1B,16k,,perplexity,3.1733639619063347,8,/home/sagemaker-user/atma/benchmarks/logs/atma_10b/longdoc_longdoc_fixed_target_polar_179465a695.log
polar,longdoc,fixed_target,,codelion/finepdfs-1B,256k,,bits_per_byte,1.4189996534367544,8,/home/sagemaker-user/atma/benchmarks/logs/atma_10b/longdoc_longdoc_fixed_target_polar_179465a695.log
polar,longdoc,fixed_target,,codelion/finepdfs-1B,256k,,nll_nats_per_token,1.7462309151887894,8,/home/sagemaker-user/atma/benchmarks/logs/atma_10b/longdoc_longdoc_fixed_target_polar_179465a695.log
polar,longdoc,fixed_target,,codelion/finepdfs-1B,256k,,perplexity,5.732953914103399,8,/home/sagemaker-user/atma/benchmarks/logs/atma_10b/longdoc_longdoc_fixed_target_polar_179465a695.log
polar,longdoc,fixed_target,,codelion/finepdfs-1B,2k,,bits_per_byte,0.9458586450524804,8,/home/sagemaker-user/atma/benchmarks/logs/atma_10b/longdoc_longdoc_fixed_target_polar_179465a695.log
polar,longdoc,fixed_target,,codelion/finepdfs-1B,2k,,nll_nats_per_token,1.1639802753925323,8,/home/sagemaker-user/atma/benchmarks/logs/atma_10b/longdoc_longdoc_fixed_target_polar_179465a695.log
polar,longdoc,fixed_target,,codelion/finepdfs-1B,2k,,perplexity,3.202655391003408,8,/home/sagemaker-user/atma/benchmarks/logs/atma_10b/longdoc_longdoc_fixed_target_polar_179465a695.log
polar,longdoc,fixed_target,,codelion/finepdfs-1B,32k,,bits_per_byte,1.0323591874631102,8,/home/sagemaker-user/atma/benchmarks/logs/atma_10b/longdoc_longdoc_fixed_target_polar_179465a695.log
polar,longdoc,fixed_target,,codelion/finepdfs-1B,32k,,nll_nats_per_token,1.2704284489154816,8,/home/sagemaker-user/atma/benchmarks/logs/atma_10b/longdoc_longdoc_fixed_target_polar_179465a695.log
polar,longdoc,fixed_target,,codelion/finepdfs-1B,32k,,perplexity,3.5623785326508672,8,/home/sagemaker-user/atma/benchmarks/logs/atma_10b/longdoc_longdoc_fixed_target_polar_179465a695.log
polar,longdoc,fixed_target,,codelion/finepdfs-1B,4k,,bits_per_byte,0.9129323096114186,8,/home/sagemaker-user/atma/benchmarks/logs/atma_10b/longdoc_longdoc_fixed_target_polar_179465a695.log
polar,longdoc,fixed_target,,codelion/finepdfs-1B,4k,,nll_nats_per_token,1.1234608963131905,8,/home/sagemaker-user/atma/benchmarks/logs/atma_10b/longdoc_longdoc_fixed_target_polar_179465a695.log
polar,longdoc,fixed_target,,codelion/finepdfs-1B,4k,,perplexity,3.0754797222094044,8,/home/sagemaker-user/atma/benchmarks/logs/atma_10b/longdoc_longdoc_fixed_target_polar_179465a695.log
polar,longdoc,fixed_target,,codelion/finepdfs-1B,64k,,bits_per_byte,1.1126141978816413,8,/home/sagemaker-user/atma/benchmarks/logs/atma_10b/longdoc_longdoc_fixed_target_polar_179465a695.log
polar,longdoc,fixed_target,,codelion/finepdfs-1B,64k,,nll_nats_per_token,1.369190827012062,8,/home/sagemaker-user/atma/benchmarks/logs/atma_10b/longdoc_longdoc_fixed_target_polar_179465a695.log
polar,longdoc,fixed_target,,codelion/finepdfs-1B,64k,,perplexity,3.932167603999134,8,/home/sagemaker-user/atma/benchmarks/logs/atma_10b/longdoc_longdoc_fixed_target_polar_179465a695.log
polar,longdoc,fixed_target,,codelion/finepdfs-1B,8k,,bits_per_byte,0.9292498418934393,8,/home/sagemaker-user/atma/benchmarks/logs/atma_10b/longdoc_longdoc_fixed_target_polar_179465a695.log
polar,longdoc,fixed_target,,codelion/finepdfs-1B,8k,,nll_nats_per_token,1.1435413658618927,8,/home/sagemaker-user/atma/benchmarks/logs/atma_10b/longdoc_longdoc_fixed_target_polar_179465a695.log
polar,longdoc,fixed_target,,codelion/finepdfs-1B,8k,,perplexity,3.1378610259246966,8,/home/sagemaker-user/atma/benchmarks/logs/atma_10b/longdoc_longdoc_fixed_target_polar_179465a695.log
polar,longdoc,fixed_target,,emozilla/pg19,128k,,bits_per_byte,1.331145948126017,5,/home/sagemaker-user/atma/benchmarks/logs/atma_10b/longdoc_longdoc_fixed_target_polar_179465a695.log
polar,longdoc,fixed_target,,emozilla/pg19,128k,,nll_nats_per_token,3.632331895828247,5,/home/sagemaker-user/atma/benchmarks/logs/atma_10b/longdoc_longdoc_fixed_target_polar_179465a695.log
polar,longdoc,fixed_target,,emozilla/pg19,128k,,perplexity,37.80086159288144,5,/home/sagemaker-user/atma/benchmarks/logs/atma_10b/longdoc_longdoc_fixed_target_polar_179465a695.log
polar,longdoc,fixed_target,,emozilla/pg19,16k,,bits_per_byte,1.2294163028022136,5,/home/sagemaker-user/atma/benchmarks/logs/atma_10b/longdoc_longdoc_fixed_target_polar_179465a695.log
polar,longdoc,fixed_target,,emozilla/pg19,16k,,nll_nats_per_token,3.354739618301392,5,/home/sagemaker-user/atma/benchmarks/logs/atma_10b/longdoc_longdoc_fixed_target_polar_179465a695.log
polar,longdoc,fixed_target,,emozilla/pg19,16k,,perplexity,28.638146370611846,5,/home/sagemaker-user/atma/benchmarks/logs/atma_10b/longdoc_longdoc_fixed_target_polar_179465a695.log
polar,longdoc,fixed_target,,emozilla/pg19,256k,,bits_per_byte,1.3743568606278131,5,/home/sagemaker-user/atma/benchmarks/logs/atma_10b/longdoc_longdoc_fixed_target_polar_179465a695.log
polar,longdoc,fixed_target,,emozilla/pg19,256k,,nll_nats_per_token,3.7502426147460937,5,/home/sagemaker-user/atma/benchmarks/logs/atma_10b/longdoc_longdoc_fixed_target_polar_179465a695.log
polar,longdoc,fixed_target,,emozilla/pg19,256k,,perplexity,42.53139949311323,5,/home/sagemaker-user/atma/benchmarks/logs/atma_10b/longdoc_longdoc_fixed_target_polar_179465a695.log
polar,longdoc,fixed_target,,emozilla/pg19,2k,,bits_per_byte,1.225613611371752,5,/home/sagemaker-user/atma/benchmarks/logs/atma_10b/longdoc_longdoc_fixed_target_polar_179465a695.log
polar,longdoc,fixed_target,,emozilla/pg19,2k,,nll_nats_per_token,3.3443631172180175,5,/home/sagemaker-user/atma/benchmarks/logs/atma_10b/longdoc_longdoc_fixed_target_polar_179465a695.log
polar,longdoc,fixed_target,,emozilla/pg19,2k,,perplexity,28.342519054907257,5,/home/sagemaker-user/atma/benchmarks/logs/atma_10b/longdoc_longdoc_fixed_target_polar_179465a695.log
polar,longdoc,fixed_target,,emozilla/pg19,32k,,bits_per_byte,1.2593287606845878,5,/home/sagemaker-user/atma/benchmarks/logs/atma_10b/longdoc_longdoc_fixed_target_polar_179465a695.log
polar,longdoc,fixed_target,,emozilla/pg19,32k,,nll_nats_per_token,3.4363625049591064,5,/home/sagemaker-user/atma/benchmarks/logs/atma_10b/longdoc_longdoc_fixed_target_polar_179465a695.log
polar,longdoc,fixed_target,,emozilla/pg19,32k,,perplexity,31.073721835786642,5,/home/sagemaker-user/atma/benchmarks/logs/atma_10b/longdoc_longdoc_fixed_target_polar_179465a695.log
polar,longdoc,fixed_target,,emozilla/pg19,4k,,bits_per_byte,1.2240017780905166,5,/home/sagemaker-user/atma/benchmarks/logs/atma_10b/longdoc_longdoc_fixed_target_polar_179465a695.log
polar,longdoc,fixed_target,,emozilla/pg19,4k,,nll_nats_per_token,3.3399648666381836,5,/home/sagemaker-user/atma/benchmarks/logs/atma_10b/longdoc_longdoc_fixed_target_polar_179465a695.log
polar,longdoc,fixed_target,,emozilla/pg19,4k,,perplexity,28.218135290035907,5,/home/sagemaker-user/atma/benchmarks/logs/atma_10b/longdoc_longdoc_fixed_target_polar_179465a695.log
polar,longdoc,fixed_target,,emozilla/pg19,64k,,bits_per_byte,1.28671963385514,5,/home/sagemaker-user/atma/benchmarks/logs/atma_10b/longdoc_longdoc_fixed_target_polar_179465a695.log
polar,longdoc,fixed_target,,emozilla/pg19,64k,,nll_nats_per_token,3.511104679107666,5,/home/sagemaker-user/atma/benchmarks/logs/atma_10b/longdoc_longdoc_fixed_target_polar_179465a695.log
polar,longdoc,fixed_target,,emozilla/pg19,64k,,perplexity,33.485237802797585,5,/home/sagemaker-user/atma/benchmarks/logs/atma_10b/longdoc_longdoc_fixed_target_polar_179465a695.log
polar,longdoc,fixed_target,,emozilla/pg19,8k,,bits_per_byte,1.2206580427226144,5,/home/sagemaker-user/atma/benchmarks/logs/atma_10b/longdoc_longdoc_fixed_target_polar_179465a695.log
polar,longdoc,fixed_target,,emozilla/pg19,8k,,nll_nats_per_token,3.330840730667114,5,/home/sagemaker-user/atma/benchmarks/logs/atma_10b/longdoc_longdoc_fixed_target_polar_179465a695.log
polar,longdoc,fixed_target,,emozilla/pg19,8k,,perplexity,27.96184020046424,5,/home/sagemaker-user/atma/benchmarks/logs/atma_10b/longdoc_longdoc_fixed_target_polar_179465a695.log
polar,longdoc,fixed_target,,hoskinson-center/proof-pile,128k,,bits_per_byte,2.486917996219509,5,/home/sagemaker-user/atma/benchmarks/logs/atma_10b/longdoc_longdoc_fixed_target_polar_179465a695.log
polar,longdoc,fixed_target,,hoskinson-center/proof-pile,128k,,nll_nats_per_token,4.360675811767578,5,/home/sagemaker-user/atma/benchmarks/logs/atma_10b/longdoc_longdoc_fixed_target_polar_179465a695.log
polar,longdoc,fixed_target,,hoskinson-center/proof-pile,128k,,perplexity,78.31003939031045,5,/home/sagemaker-user/atma/benchmarks/logs/atma_10b/longdoc_longdoc_fixed_target_polar_179465a695.log
polar,longdoc,fixed_target,,hoskinson-center/proof-pile,16k,,bits_per_byte,2.084318116284622,5,/home/sagemaker-user/atma/benchmarks/logs/atma_10b/longdoc_longdoc_fixed_target_polar_179465a695.log
polar,longdoc,fixed_target,,hoskinson-center/proof-pile,16k,,nll_nats_per_token,3.654738759994507,5,/home/sagemaker-user/atma/benchmarks/logs/atma_10b/longdoc_longdoc_fixed_target_polar_179465a695.log
polar,longdoc,fixed_target,,hoskinson-center/proof-pile,16k,,perplexity,38.65742093107637,5,/home/sagemaker-user/atma/benchmarks/logs/atma_10b/longdoc_longdoc_fixed_target_polar_179465a695.log
polar,longdoc,fixed_target,,hoskinson-center/proof-pile,256k,,bits_per_byte,2.6830472271181485,5,/home/sagemaker-user/atma/benchmarks/logs/atma_10b/longdoc_longdoc_fixed_target_polar_179465a695.log
polar,longdoc,fixed_target,,hoskinson-center/proof-pile,256k,,nll_nats_per_token,4.704577779769897,5,/home/sagemaker-user/atma/benchmarks/logs/atma_10b/longdoc_longdoc_fixed_target_polar_179465a695.log
polar,longdoc,fixed_target,,hoskinson-center/proof-pile,256k,,perplexity,110.45164018404975,5,/home/sagemaker-user/atma/benchmarks/logs/atma_10b/longdoc_longdoc_fixed_target_polar_179465a695.log
polar,longdoc,fixed_target,,hoskinson-center/proof-pile,2k,,bits_per_byte,2.1809809611654107,5,/home/sagemaker-user/atma/benchmarks/logs/atma_10b/longdoc_longdoc_fixed_target_polar_179465a695.log
polar,longdoc,fixed_target,,hoskinson-center/proof-pile,2k,,nll_nats_per_token,3.824231815338135,5,/home/sagemaker-user/atma/benchmarks/logs/atma_10b/longdoc_longdoc_fixed_target_polar_179465a695.log
polar,longdoc,fixed_target,,hoskinson-center/proof-pile,2k,,perplexity,45.797605831763256,5,/home/sagemaker-user/atma/benchmarks/logs/atma_10b/longdoc_longdoc_fixed_target_polar_179465a695.log
polar,longdoc,fixed_target,,hoskinson-center/proof-pile,32k,,bits_per_byte,2.208186429940872,5,/home/sagemaker-user/atma/benchmarks/logs/atma_10b/longdoc_longdoc_fixed_target_polar_179465a695.log
polar,longdoc,fixed_target,,hoskinson-center/proof-pile,32k,,nll_nats_per_token,3.8719351291656494,5,/home/sagemaker-user/atma/benchmarks/logs/atma_10b/longdoc_longdoc_fixed_target_polar_179465a695.log
polar,longdoc,fixed_target,,hoskinson-center/proof-pile,32k,,perplexity,48.03525061384889,5,/home/sagemaker-user/atma/benchmarks/logs/atma_10b/longdoc_longdoc_fixed_target_polar_179465a695.log
polar,longdoc,fixed_target,,hoskinson-center/proof-pile,4k,,bits_per_byte,2.1901249058525494,5,/home/sagemaker-user/atma/benchmarks/logs/atma_10b/longdoc_longdoc_fixed_target_polar_179465a695.log
polar,longdoc,fixed_target,,hoskinson-center/proof-pile,4k,,nll_nats_per_token,3.840265226364136,5,/home/sagemaker-user/atma/benchmarks/logs/atma_10b/longdoc_longdoc_fixed_target_polar_179465a695.log
polar,longdoc,fixed_target,,hoskinson-center/proof-pile,4k,,perplexity,46.53781585877707,5,/home/sagemaker-user/atma/benchmarks/logs/atma_10b/longdoc_longdoc_fixed_target_polar_179465a695.log
polar,longdoc,fixed_target,,hoskinson-center/proof-pile,64k,,bits_per_byte,2.307895470625538,5,/home/sagemaker-user/atma/benchmarks/logs/atma_10b/longdoc_longdoc_fixed_target_polar_179465a695.log
polar,longdoc,fixed_target,,hoskinson-center/proof-pile,64k,,nll_nats_per_token,4.046769523620606,5,/home/sagemaker-user/atma/benchmarks/logs/atma_10b/longdoc_longdoc_fixed_target_polar_179465a695.log
polar,longdoc,fixed_target,,hoskinson-center/proof-pile,64k,,perplexity,57.21233509326453,5,/home/sagemaker-user/atma/benchmarks/logs/atma_10b/longdoc_longdoc_fixed_target_polar_179465a695.log
polar,longdoc,fixed_target,,hoskinson-center/proof-pile,8k,,bits_per_byte,2.067041419461153,5,/home/sagemaker-user/atma/benchmarks/logs/atma_10b/longdoc_longdoc_fixed_target_polar_179465a695.log
polar,longdoc,fixed_target,,hoskinson-center/proof-pile,8k,,nll_nats_per_token,3.624445009231567,5,/home/sagemaker-user/atma/benchmarks/logs/atma_10b/longdoc_longdoc_fixed_target_polar_179465a695.log
polar,longdoc,fixed_target,,hoskinson-center/proof-pile,8k,,perplexity,37.50390306267463,5,/home/sagemaker-user/atma/benchmarks/logs/atma_10b/longdoc_longdoc_fixed_target_polar_179465a695.log
polar,retrieval,real,niah,codelion/finepdfs-1B,128k,0.1,exact_match,0.0,50,/home/sagemaker-user/atma/benchmarks/logs/atma_10b/retrieval_retrieval_real_polar_fe9a46fcef.log
polar,retrieval,real,niah,codelion/finepdfs-1B,128k,0.1,nll_nats_per_token,4.625592086791992,50,/home/sagemaker-user/atma/benchmarks/logs/atma_10b/retrieval_retrieval_real_polar_fe9a46fcef.log
polar,retrieval,real,niah,codelion/finepdfs-1B,128k,0.1,token_accuracy,0.8,50,/home/sagemaker-user/atma/benchmarks/logs/atma_10b/retrieval_retrieval_real_polar_fe9a46fcef.log
polar,retrieval,real,niah,codelion/finepdfs-1B,128k,0.5,exact_match,0.0,50,/home/sagemaker-user/atma/benchmarks/logs/atma_10b/retrieval_retrieval_real_polar_fe9a46fcef.log
polar,retrieval,real,niah,codelion/finepdfs-1B,128k,0.5,nll_nats_per_token,4.317883583068848,50,/home/sagemaker-user/atma/benchmarks/logs/atma_10b/retrieval_retrieval_real_polar_fe9a46fcef.log
polar,retrieval,real,niah,codelion/finepdfs-1B,128k,0.5,token_accuracy,2.8,50,/home/sagemaker-user/atma/benchmarks/logs/atma_10b/retrieval_retrieval_real_polar_fe9a46fcef.log
polar,retrieval,real,niah,codelion/finepdfs-1B,128k,0.9,exact_match,0.0,50,/home/sagemaker-user/atma/benchmarks/logs/atma_10b/retrieval_retrieval_real_polar_fe9a46fcef.log
polar,retrieval,real,niah,codelion/finepdfs-1B,128k,0.9,nll_nats_per_token,4.429444747924805,50,/home/sagemaker-user/atma/benchmarks/logs/atma_10b/retrieval_retrieval_real_polar_fe9a46fcef.log
polar,retrieval,real,niah,codelion/finepdfs-1B,128k,0.9,token_accuracy,0.4,50,/home/sagemaker-user/atma/benchmarks/logs/atma_10b/retrieval_retrieval_real_polar_fe9a46fcef.log
polar,retrieval,real,niah,codelion/finepdfs-1B,16k,0.1,exact_match,0.0,50,/home/sagemaker-user/atma/benchmarks/logs/atma_10b/retrieval_retrieval_real_polar_fe9a46fcef.log
polar,retrieval,real,niah,codelion/finepdfs-1B,16k,0.1,nll_nats_per_token,4.313977615356445,50,/home/sagemaker-user/atma/benchmarks/logs/atma_10b/retrieval_retrieval_real_polar_fe9a46fcef.log
polar,retrieval,real,niah,codelion/finepdfs-1B,16k,0.1,token_accuracy,8.0,50,/home/sagemaker-user/atma/benchmarks/logs/atma_10b/retrieval_retrieval_real_polar_fe9a46fcef.log
polar,retrieval,real,niah,codelion/finepdfs-1B,16k,0.5,exact_match,12.0,50,/home/sagemaker-user/atma/benchmarks/logs/atma_10b/retrieval_retrieval_real_polar_fe9a46fcef.log
polar,retrieval,real,niah,codelion/finepdfs-1B,16k,0.5,nll_nats_per_token,1.8271906452178954,50,/home/sagemaker-user/atma/benchmarks/logs/atma_10b/retrieval_retrieval_real_polar_fe9a46fcef.log
polar,retrieval,real,niah,codelion/finepdfs-1B,16k,0.5,token_accuracy,62.4,50,/home/sagemaker-user/atma/benchmarks/logs/atma_10b/retrieval_retrieval_real_polar_fe9a46fcef.log
polar,retrieval,real,niah,codelion/finepdfs-1B,16k,0.9,exact_match,16.0,50,/home/sagemaker-user/atma/benchmarks/logs/atma_10b/retrieval_retrieval_real_polar_fe9a46fcef.log
polar,retrieval,real,niah,codelion/finepdfs-1B,16k,0.9,nll_nats_per_token,1.6086784782409669,50,/home/sagemaker-user/atma/benchmarks/logs/atma_10b/retrieval_retrieval_real_polar_fe9a46fcef.log
polar,retrieval,real,niah,codelion/finepdfs-1B,16k,0.9,token_accuracy,72.4,50,/home/sagemaker-user/atma/benchmarks/logs/atma_10b/retrieval_retrieval_real_polar_fe9a46fcef.log
polar,retrieval,real,niah,codelion/finepdfs-1B,256k,0.1,exact_match,0.0,50,/home/sagemaker-user/atma/benchmarks/logs/atma_10b/retrieval_retrieval_real_polar_fe9a46fcef.log
polar,retrieval,real,niah,codelion/finepdfs-1B,256k,0.1,nll_nats_per_token,5.064063537597656,50,/home/sagemaker-user/atma/benchmarks/logs/atma_10b/retrieval_retrieval_real_polar_fe9a46fcef.log
polar,retrieval,real,niah,codelion/finepdfs-1B,256k,0.1,token_accuracy,0.0,50,/home/sagemaker-user/atma/benchmarks/logs/atma_10b/retrieval_retrieval_real_polar_fe9a46fcef.log
polar,retrieval,real,niah,codelion/finepdfs-1B,256k,0.5,exact_match,0.0,50,/home/sagemaker-user/atma/benchmarks/logs/atma_10b/retrieval_retrieval_real_polar_fe9a46fcef.log
polar,retrieval,real,niah,codelion/finepdfs-1B,256k,0.5,nll_nats_per_token,4.768917633056641,50,/home/sagemaker-user/atma/benchmarks/logs/atma_10b/retrieval_retrieval_real_polar_fe9a46fcef.log
polar,retrieval,real,niah,codelion/finepdfs-1B,256k,0.5,token_accuracy,0.4,50,/home/sagemaker-user/atma/benchmarks/logs/atma_10b/retrieval_retrieval_real_polar_fe9a46fcef.log
polar,retrieval,real,niah,codelion/finepdfs-1B,256k,0.9,exact_match,0.0,50,/home/sagemaker-user/atma/benchmarks/logs/atma_10b/retrieval_retrieval_real_polar_fe9a46fcef.log
polar,retrieval,real,niah,codelion/finepdfs-1B,256k,0.9,nll_nats_per_token,4.647597465515137,50,/home/sagemaker-user/atma/benchmarks/logs/atma_10b/retrieval_retrieval_real_polar_fe9a46fcef.log
polar,retrieval,real,niah,codelion/finepdfs-1B,256k,0.9,token_accuracy,1.2,50,/home/sagemaker-user/atma/benchmarks/logs/atma_10b/retrieval_retrieval_real_polar_fe9a46fcef.log
polar,retrieval,real,niah,codelion/finepdfs-1B,2k,0.1,exact_match,98.0,50,/home/sagemaker-user/atma/benchmarks/logs/atma_10b/retrieval_retrieval_real_polar_fe9a46fcef.log
polar,retrieval,real,niah,codelion/finepdfs-1B,2k,0.1,nll_nats_per_token,0.16452915620803832,50,/home/sagemaker-user/atma/benchmarks/logs/atma_10b/retrieval_retrieval_real_polar_fe9a46fcef.log
polar,retrieval,real,niah,codelion/finepdfs-1B,2k,0.1,token_accuracy,99.6,50,/home/sagemaker-user/atma/benchmarks/logs/atma_10b/retrieval_retrieval_real_polar_fe9a46fcef.log
polar,retrieval,real,niah,codelion/finepdfs-1B,2k,0.5,exact_match,98.0,50,/home/sagemaker-user/atma/benchmarks/logs/atma_10b/retrieval_retrieval_real_polar_fe9a46fcef.log
polar,retrieval,real,niah,codelion/finepdfs-1B,2k,0.5,nll_nats_per_token,0.2733003718852997,50,/home/sagemaker-user/atma/benchmarks/logs/atma_10b/retrieval_retrieval_real_polar_fe9a46fcef.log
polar,retrieval,real,niah,codelion/finepdfs-1B,2k,0.5,token_accuracy,99.6,50,/home/sagemaker-user/atma/benchmarks/logs/atma_10b/retrieval_retrieval_real_polar_fe9a46fcef.log
polar,retrieval,real,niah,codelion/finepdfs-1B,2k,0.9,exact_match,76.0,50,/home/sagemaker-user/atma/benchmarks/logs/atma_10b/retrieval_retrieval_real_polar_fe9a46fcef.log
polar,retrieval,real,niah,codelion/finepdfs-1B,2k,0.9,nll_nats_per_token,0.4687165603637695,50,/home/sagemaker-user/atma/benchmarks/logs/atma_10b/retrieval_retrieval_real_polar_fe9a46fcef.log
polar,retrieval,real,niah,codelion/finepdfs-1B,2k,0.9,token_accuracy,95.2,50,/home/sagemaker-user/atma/benchmarks/logs/atma_10b/retrieval_retrieval_real_polar_fe9a46fcef.log
polar,retrieval,real,niah,codelion/finepdfs-1B,32k,0.1,exact_match,0.0,50,/home/sagemaker-user/atma/benchmarks/logs/atma_10b/retrieval_retrieval_real_polar_fe9a46fcef.log
polar,retrieval,real,niah,codelion/finepdfs-1B,32k,0.1,nll_nats_per_token,2.7594000244140626,50,/home/sagemaker-user/atma/benchmarks/logs/atma_10b/retrieval_retrieval_real_polar_fe9a46fcef.log
polar,retrieval,real,niah,codelion/finepdfs-1B,32k,0.1,token_accuracy,31.2,50,/home/sagemaker-user/atma/benchmarks/logs/atma_10b/retrieval_retrieval_real_polar_fe9a46fcef.log
polar,retrieval,real,niah,codelion/finepdfs-1B,32k,0.5,exact_match,0.0,50,/home/sagemaker-user/atma/benchmarks/logs/atma_10b/retrieval_retrieval_real_polar_fe9a46fcef.log
polar,retrieval,real,niah,codelion/finepdfs-1B,32k,0.5,nll_nats_per_token,2.4543231658935545,50,/home/sagemaker-user/atma/benchmarks/logs/atma_10b/retrieval_retrieval_real_polar_fe9a46fcef.log
polar,retrieval,real,niah,codelion/finepdfs-1B,32k,0.5,token_accuracy,36.8,50,/home/sagemaker-user/atma/benchmarks/logs/atma_10b/retrieval_retrieval_real_polar_fe9a46fcef.log
polar,retrieval,real,niah,codelion/finepdfs-1B,32k,0.9,exact_match,0.0,50,/home/sagemaker-user/atma/benchmarks/logs/atma_10b/retrieval_retrieval_real_polar_fe9a46fcef.log
polar,retrieval,real,niah,codelion/finepdfs-1B,32k,0.9,nll_nats_per_token,2.5891499252319337,50,/home/sagemaker-user/atma/benchmarks/logs/atma_10b/retrieval_retrieval_real_polar_fe9a46fcef.log
polar,retrieval,real,niah,codelion/finepdfs-1B,32k,0.9,token_accuracy,36.4,50,/home/sagemaker-user/atma/benchmarks/logs/atma_10b/retrieval_retrieval_real_polar_fe9a46fcef.log
polar,retrieval,real,niah,codelion/finepdfs-1B,4k,0.1,exact_match,10.0,50,/home/sagemaker-user/atma/benchmarks/logs/atma_10b/retrieval_retrieval_real_polar_fe9a46fcef.log
polar,retrieval,real,niah,codelion/finepdfs-1B,4k,0.1,nll_nats_per_token,1.5550871925354004,50,/home/sagemaker-user/atma/benchmarks/logs/atma_10b/retrieval_retrieval_real_polar_fe9a46fcef.log
polar,retrieval,real,niah,codelion/finepdfs-1B,4k,0.1,token_accuracy,68.4,50,/home/sagemaker-user/atma/benchmarks/logs/atma_10b/retrieval_retrieval_real_polar_fe9a46fcef.log
polar,retrieval,real,niah,codelion/finepdfs-1B,4k,0.5,exact_match,96.0,50,/home/sagemaker-user/atma/benchmarks/logs/atma_10b/retrieval_retrieval_real_polar_fe9a46fcef.log
polar,retrieval,real,niah,codelion/finepdfs-1B,4k,0.5,nll_nats_per_token,0.5522696266174316,50,/home/sagemaker-user/atma/benchmarks/logs/atma_10b/retrieval_retrieval_real_polar_fe9a46fcef.log
polar,retrieval,real,niah,codelion/finepdfs-1B,4k,0.5,token_accuracy,99.2,50,/home/sagemaker-user/atma/benchmarks/logs/atma_10b/retrieval_retrieval_real_polar_fe9a46fcef.log
polar,retrieval,real,niah,codelion/finepdfs-1B,4k,0.9,exact_match,94.0,50,/home/sagemaker-user/atma/benchmarks/logs/atma_10b/retrieval_retrieval_real_polar_fe9a46fcef.log
polar,retrieval,real,niah,codelion/finepdfs-1B,4k,0.9,nll_nats_per_token,0.2864752044677734,50,/home/sagemaker-user/atma/benchmarks/logs/atma_10b/retrieval_retrieval_real_polar_fe9a46fcef.log
polar,retrieval,real,niah,codelion/finepdfs-1B,4k,0.9,token_accuracy,98.8,50,/home/sagemaker-user/atma/benchmarks/logs/atma_10b/retrieval_retrieval_real_polar_fe9a46fcef.log
polar,retrieval,real,niah,codelion/finepdfs-1B,64k,0.1,exact_match,0.0,50,/home/sagemaker-user/atma/benchmarks/logs/atma_10b/retrieval_retrieval_real_polar_fe9a46fcef.log
polar,retrieval,real,niah,codelion/finepdfs-1B,64k,0.1,nll_nats_per_token,3.548879367828369,50,/home/sagemaker-user/atma/benchmarks/logs/atma_10b/retrieval_retrieval_real_polar_fe9a46fcef.log
polar,retrieval,real,niah,codelion/finepdfs-1B,64k,0.1,token_accuracy,18.8,50,/home/sagemaker-user/atma/benchmarks/logs/atma_10b/retrieval_retrieval_real_polar_fe9a46fcef.log
polar,retrieval,real,niah,codelion/finepdfs-1B,64k,0.5,exact_match,0.0,50,/home/sagemaker-user/atma/benchmarks/logs/atma_10b/retrieval_retrieval_real_polar_fe9a46fcef.log
polar,retrieval,real,niah,codelion/finepdfs-1B,64k,0.5,nll_nats_per_token,4.38959986114502,50,/home/sagemaker-user/atma/benchmarks/logs/atma_10b/retrieval_retrieval_real_polar_fe9a46fcef.log
polar,retrieval,real,niah,codelion/finepdfs-1B,64k,0.5,token_accuracy,8.4,50,/home/sagemaker-user/atma/benchmarks/logs/atma_10b/retrieval_retrieval_real_polar_fe9a46fcef.log
polar,retrieval,real,niah,codelion/finepdfs-1B,64k,0.9,exact_match,0.0,50,/home/sagemaker-user/atma/benchmarks/logs/atma_10b/retrieval_retrieval_real_polar_fe9a46fcef.log
polar,retrieval,real,niah,codelion/finepdfs-1B,64k,0.9,nll_nats_per_token,3.5511427688598634,50,/home/sagemaker-user/atma/benchmarks/logs/atma_10b/retrieval_retrieval_real_polar_fe9a46fcef.log
polar,retrieval,real,niah,codelion/finepdfs-1B,64k,0.9,token_accuracy,20.8,50,/home/sagemaker-user/atma/benchmarks/logs/atma_10b/retrieval_retrieval_real_polar_fe9a46fcef.log
polar,retrieval,real,niah,codelion/finepdfs-1B,8k,0.1,exact_match,2.0,50,/home/sagemaker-user/atma/benchmarks/logs/atma_10b/retrieval_retrieval_real_polar_fe9a46fcef.log
polar,retrieval,real,niah,codelion/finepdfs-1B,8k,0.1,nll_nats_per_token,2.474571495056152,50,/home/sagemaker-user/atma/benchmarks/logs/atma_10b/retrieval_retrieval_real_polar_fe9a46fcef.log
polar,retrieval,real,niah,codelion/finepdfs-1B,8k,0.1,token_accuracy,38.8,50,/home/sagemaker-user/atma/benchmarks/logs/atma_10b/retrieval_retrieval_real_polar_fe9a46fcef.log
polar,retrieval,real,niah,codelion/finepdfs-1B,8k,0.5,exact_match,92.0,50,/home/sagemaker-user/atma/benchmarks/logs/atma_10b/retrieval_retrieval_real_polar_fe9a46fcef.log
polar,retrieval,real,niah,codelion/finepdfs-1B,8k,0.5,nll_nats_per_token,0.3302426073551178,50,/home/sagemaker-user/atma/benchmarks/logs/atma_10b/retrieval_retrieval_real_polar_fe9a46fcef.log
polar,retrieval,real,niah,codelion/finepdfs-1B,8k,0.5,token_accuracy,98.4,50,/home/sagemaker-user/atma/benchmarks/logs/atma_10b/retrieval_retrieval_real_polar_fe9a46fcef.log
polar,retrieval,real,niah,codelion/finepdfs-1B,8k,0.9,exact_match,88.0,50,/home/sagemaker-user/atma/benchmarks/logs/atma_10b/retrieval_retrieval_real_polar_fe9a46fcef.log
polar,retrieval,real,niah,codelion/finepdfs-1B,8k,0.9,nll_nats_per_token,0.4686055879592895,50,/home/sagemaker-user/atma/benchmarks/logs/atma_10b/retrieval_retrieval_real_polar_fe9a46fcef.log
polar,retrieval,real,niah,codelion/finepdfs-1B,8k,0.9,token_accuracy,97.6,50,/home/sagemaker-user/atma/benchmarks/logs/atma_10b/retrieval_retrieval_real_polar_fe9a46fcef.log
polar,retrieval,real,passkey,codelion/finepdfs-1B,128k,0.1,exact_match,0.0,50,/home/sagemaker-user/atma/benchmarks/logs/atma_10b/retrieval_retrieval_real_polar_fe9a46fcef.log
polar,retrieval,real,passkey,codelion/finepdfs-1B,128k,0.1,nll_nats_per_token,4.324148170471191,50,/home/sagemaker-user/atma/benchmarks/logs/atma_10b/retrieval_retrieval_real_polar_fe9a46fcef.log
polar,retrieval,real,passkey,codelion/finepdfs-1B,128k,0.1,token_accuracy,2.0,50,/home/sagemaker-user/atma/benchmarks/logs/atma_10b/retrieval_retrieval_real_polar_fe9a46fcef.log
polar,retrieval,real,passkey,codelion/finepdfs-1B,128k,0.5,exact_match,0.0,50,/home/sagemaker-user/atma/benchmarks/logs/atma_10b/retrieval_retrieval_real_polar_fe9a46fcef.log
polar,retrieval,real,passkey,codelion/finepdfs-1B,128k,0.5,nll_nats_per_token,4.000425453186035,50,/home/sagemaker-user/atma/benchmarks/logs/atma_10b/retrieval_retrieval_real_polar_fe9a46fcef.log
polar,retrieval,real,passkey,codelion/finepdfs-1B,128k,0.5,token_accuracy,8.8,50,/home/sagemaker-user/atma/benchmarks/logs/atma_10b/retrieval_retrieval_real_polar_fe9a46fcef.log
polar,retrieval,real,passkey,codelion/finepdfs-1B,128k,0.9,exact_match,0.0,50,/home/sagemaker-user/atma/benchmarks/logs/atma_10b/retrieval_retrieval_real_polar_fe9a46fcef.log
polar,retrieval,real,passkey,codelion/finepdfs-1B,128k,0.9,nll_nats_per_token,4.12191039276123,50,/home/sagemaker-user/atma/benchmarks/logs/atma_10b/retrieval_retrieval_real_polar_fe9a46fcef.log
polar,retrieval,real,passkey,codelion/finepdfs-1B,128k,0.9,token_accuracy,4.4,50,/home/sagemaker-user/atma/benchmarks/logs/atma_10b/retrieval_retrieval_real_polar_fe9a46fcef.log
polar,retrieval,real,passkey,codelion/finepdfs-1B,16k,0.1,exact_match,0.0,50,/home/sagemaker-user/atma/benchmarks/logs/atma_10b/retrieval_retrieval_real_polar_fe9a46fcef.log
polar,retrieval,real,passkey,codelion/finepdfs-1B,16k,0.1,nll_nats_per_token,4.36794766998291,50,/home/sagemaker-user/atma/benchmarks/logs/atma_10b/retrieval_retrieval_real_polar_fe9a46fcef.log
polar,retrieval,real,passkey,codelion/finepdfs-1B,16k,0.1,token_accuracy,3.2,50,/home/sagemaker-user/atma/benchmarks/logs/atma_10b/retrieval_retrieval_real_polar_fe9a46fcef.log
polar,retrieval,real,passkey,codelion/finepdfs-1B,16k,0.5,exact_match,22.0,50,/home/sagemaker-user/atma/benchmarks/logs/atma_10b/retrieval_retrieval_real_polar_fe9a46fcef.log
polar,retrieval,real,passkey,codelion/finepdfs-1B,16k,0.5,nll_nats_per_token,1.695267635345459,50,/home/sagemaker-user/atma/benchmarks/logs/atma_10b/retrieval_retrieval_real_polar_fe9a46fcef.log
polar,retrieval,real,passkey,codelion/finepdfs-1B,16k,0.5,token_accuracy,76.0,50,/home/sagemaker-user/atma/benchmarks/logs/atma_10b/retrieval_retrieval_real_polar_fe9a46fcef.log
polar,retrieval,real,passkey,codelion/finepdfs-1B,16k,0.9,exact_match,22.0,50,/home/sagemaker-user/atma/benchmarks/logs/atma_10b/retrieval_retrieval_real_polar_fe9a46fcef.log
polar,retrieval,real,passkey,codelion/finepdfs-1B,16k,0.9,nll_nats_per_token,1.6846135635375976,50,/home/sagemaker-user/atma/benchmarks/logs/atma_10b/retrieval_retrieval_real_polar_fe9a46fcef.log
polar,retrieval,real,passkey,codelion/finepdfs-1B,16k,0.9,token_accuracy,72.8,50,/home/sagemaker-user/atma/benchmarks/logs/atma_10b/retrieval_retrieval_real_polar_fe9a46fcef.log
polar,retrieval,real,passkey,codelion/finepdfs-1B,256k,0.1,exact_match,0.0,50,/home/sagemaker-user/atma/benchmarks/logs/atma_10b/retrieval_retrieval_real_polar_fe9a46fcef.log
polar,retrieval,real,passkey,codelion/finepdfs-1B,256k,0.1,nll_nats_per_token,5.304387329101562,50,/home/sagemaker-user/atma/benchmarks/logs/atma_10b/retrieval_retrieval_real_polar_fe9a46fcef.log
polar,retrieval,real,passkey,codelion/finepdfs-1B,256k,0.1,token_accuracy,0.0,50,/home/sagemaker-user/atma/benchmarks/logs/atma_10b/retrieval_retrieval_real_polar_fe9a46fcef.log
polar,retrieval,real,passkey,codelion/finepdfs-1B,256k,0.5,exact_match,0.0,50,/home/sagemaker-user/atma/benchmarks/logs/atma_10b/retrieval_retrieval_real_polar_fe9a46fcef.log
polar,retrieval,real,passkey,codelion/finepdfs-1B,256k,0.5,nll_nats_per_token,4.904943817138672,50,/home/sagemaker-user/atma/benchmarks/logs/atma_10b/retrieval_retrieval_real_polar_fe9a46fcef.log
polar,retrieval,real,passkey,codelion/finepdfs-1B,256k,0.5,token_accuracy,0.0,50,/home/sagemaker-user/atma/benchmarks/logs/atma_10b/retrieval_retrieval_real_polar_fe9a46fcef.log
polar,retrieval,real,passkey,codelion/finepdfs-1B,256k,0.9,exact_match,0.0,50,/home/sagemaker-user/atma/benchmarks/logs/atma_10b/retrieval_retrieval_real_polar_fe9a46fcef.log
polar,retrieval,real,passkey,codelion/finepdfs-1B,256k,0.9,nll_nats_per_token,4.871116104125977,50,/home/sagemaker-user/atma/benchmarks/logs/atma_10b/retrieval_retrieval_real_polar_fe9a46fcef.log
polar,retrieval,real,passkey,codelion/finepdfs-1B,256k,0.9,token_accuracy,0.4,50,/home/sagemaker-user/atma/benchmarks/logs/atma_10b/retrieval_retrieval_real_polar_fe9a46fcef.log
polar,retrieval,real,passkey,codelion/finepdfs-1B,2k,0.1,exact_match,98.0,50,/home/sagemaker-user/atma/benchmarks/logs/atma_10b/retrieval_retrieval_real_polar_fe9a46fcef.log
polar,retrieval,real,passkey,codelion/finepdfs-1B,2k,0.1,nll_nats_per_token,0.2036077733039856,50,/home/sagemaker-user/atma/benchmarks/logs/atma_10b/retrieval_retrieval_real_polar_fe9a46fcef.log
polar,retrieval,real,passkey,codelion/finepdfs-1B,2k,0.1,token_accuracy,99.6,50,/home/sagemaker-user/atma/benchmarks/logs/atma_10b/retrieval_retrieval_real_polar_fe9a46fcef.log
polar,retrieval,real,passkey,codelion/finepdfs-1B,2k,0.5,exact_match,100.0,50,/home/sagemaker-user/atma/benchmarks/logs/atma_10b/retrieval_retrieval_real_polar_fe9a46fcef.log
polar,retrieval,real,passkey,codelion/finepdfs-1B,2k,0.5,nll_nats_per_token,0.1560928736925125,50,/home/sagemaker-user/atma/benchmarks/logs/atma_10b/retrieval_retrieval_real_polar_fe9a46fcef.log
polar,retrieval,real,passkey,codelion/finepdfs-1B,2k,0.5,token_accuracy,100.0,50,/home/sagemaker-user/atma/benchmarks/logs/atma_10b/retrieval_retrieval_real_polar_fe9a46fcef.log
polar,retrieval,real,passkey,codelion/finepdfs-1B,2k,0.9,exact_match,88.0,50,/home/sagemaker-user/atma/benchmarks/logs/atma_10b/retrieval_retrieval_real_polar_fe9a46fcef.log
polar,retrieval,real,passkey,codelion/finepdfs-1B,2k,0.9,nll_nats_per_token,0.17975043725967407,50,/home/sagemaker-user/atma/benchmarks/logs/atma_10b/retrieval_retrieval_real_polar_fe9a46fcef.log
polar,retrieval,real,passkey,codelion/finepdfs-1B,2k,0.9,token_accuracy,97.6,50,/home/sagemaker-user/atma/benchmarks/logs/atma_10b/retrieval_retrieval_real_polar_fe9a46fcef.log
polar,retrieval,real,passkey,codelion/finepdfs-1B,32k,0.1,exact_match,0.0,50,/home/sagemaker-user/atma/benchmarks/logs/atma_10b/retrieval_retrieval_real_polar_fe9a46fcef.log
polar,retrieval,real,passkey,codelion/finepdfs-1B,32k,0.1,nll_nats_per_token,2.9177644691467286,50,/home/sagemaker-user/atma/benchmarks/logs/atma_10b/retrieval_retrieval_real_polar_fe9a46fcef.log
polar,retrieval,real,passkey,codelion/finepdfs-1B,32k,0.1,token_accuracy,40.4,50,/home/sagemaker-user/atma/benchmarks/logs/atma_10b/retrieval_retrieval_real_polar_fe9a46fcef.log
polar,retrieval,real,passkey,codelion/finepdfs-1B,32k,0.5,exact_match,0.0,50,/home/sagemaker-user/atma/benchmarks/logs/atma_10b/retrieval_retrieval_real_polar_fe9a46fcef.log
polar,retrieval,real,passkey,codelion/finepdfs-1B,32k,0.5,nll_nats_per_token,2.232216678619385,50,/home/sagemaker-user/atma/benchmarks/logs/atma_10b/retrieval_retrieval_real_polar_fe9a46fcef.log
polar,retrieval,real,passkey,codelion/finepdfs-1B,32k,0.5,token_accuracy,50.0,50,/home/sagemaker-user/atma/benchmarks/logs/atma_10b/retrieval_retrieval_real_polar_fe9a46fcef.log
polar,retrieval,real,passkey,codelion/finepdfs-1B,32k,0.9,exact_match,0.0,50,/home/sagemaker-user/atma/benchmarks/logs/atma_10b/retrieval_retrieval_real_polar_fe9a46fcef.log
polar,retrieval,real,passkey,codelion/finepdfs-1B,32k,0.9,nll_nats_per_token,2.25639951133728,50,/home/sagemaker-user/atma/benchmarks/logs/atma_10b/retrieval_retrieval_real_polar_fe9a46fcef.log
polar,retrieval,real,passkey,codelion/finepdfs-1B,32k,0.9,token_accuracy,49.2,50,/home/sagemaker-user/atma/benchmarks/logs/atma_10b/retrieval_retrieval_real_polar_fe9a46fcef.log
polar,retrieval,real,passkey,codelion/finepdfs-1B,4k,0.1,exact_match,6.0,50,/home/sagemaker-user/atma/benchmarks/logs/atma_10b/retrieval_retrieval_real_polar_fe9a46fcef.log
polar,retrieval,real,passkey,codelion/finepdfs-1B,4k,0.1,nll_nats_per_token,2.2642725677490234,50,/home/sagemaker-user/atma/benchmarks/logs/atma_10b/retrieval_retrieval_real_polar_fe9a46fcef.log
polar,retrieval,real,passkey,codelion/finepdfs-1B,4k,0.1,token_accuracy,52.0,50,/home/sagemaker-user/atma/benchmarks/logs/atma_10b/retrieval_retrieval_real_polar_fe9a46fcef.log
polar,retrieval,real,passkey,codelion/finepdfs-1B,4k,0.5,exact_match,100.0,50,/home/sagemaker-user/atma/benchmarks/logs/atma_10b/retrieval_retrieval_real_polar_fe9a46fcef.log
polar,retrieval,real,passkey,codelion/finepdfs-1B,4k,0.5,nll_nats_per_token,0.33968255162239075,50,/home/sagemaker-user/atma/benchmarks/logs/atma_10b/retrieval_retrieval_real_polar_fe9a46fcef.log
polar,retrieval,real,passkey,codelion/finepdfs-1B,4k,0.5,token_accuracy,100.0,50,/home/sagemaker-user/atma/benchmarks/logs/atma_10b/retrieval_retrieval_real_polar_fe9a46fcef.log
polar,retrieval,real,passkey,codelion/finepdfs-1B,4k,0.9,exact_match,98.0,50,/home/sagemaker-user/atma/benchmarks/logs/atma_10b/retrieval_retrieval_real_polar_fe9a46fcef.log
polar,retrieval,real,passkey,codelion/finepdfs-1B,4k,0.9,nll_nats_per_token,0.21465006494522096,50,/home/sagemaker-user/atma/benchmarks/logs/atma_10b/retrieval_retrieval_real_polar_fe9a46fcef.log
polar,retrieval,real,passkey,codelion/finepdfs-1B,4k,0.9,token_accuracy,99.6,50,/home/sagemaker-user/atma/benchmarks/logs/atma_10b/retrieval_retrieval_real_polar_fe9a46fcef.log
polar,retrieval,real,passkey,codelion/finepdfs-1B,64k,0.1,exact_match,0.0,50,/home/sagemaker-user/atma/benchmarks/logs/atma_10b/retrieval_retrieval_real_polar_fe9a46fcef.log
polar,retrieval,real,passkey,codelion/finepdfs-1B,64k,0.1,nll_nats_per_token,3.6056730613708496,50,/home/sagemaker-user/atma/benchmarks/logs/atma_10b/retrieval_retrieval_real_polar_fe9a46fcef.log
polar,retrieval,real,passkey,codelion/finepdfs-1B,64k,0.1,token_accuracy,20.4,50,/home/sagemaker-user/atma/benchmarks/logs/atma_10b/retrieval_retrieval_real_polar_fe9a46fcef.log
polar,retrieval,real,passkey,codelion/finepdfs-1B,64k,0.5,exact_match,0.0,50,/home/sagemaker-user/atma/benchmarks/logs/atma_10b/retrieval_retrieval_real_polar_fe9a46fcef.log
polar,retrieval,real,passkey,codelion/finepdfs-1B,64k,0.5,nll_nats_per_token,3.8910052490234377,50,/home/sagemaker-user/atma/benchmarks/logs/atma_10b/retrieval_retrieval_real_polar_fe9a46fcef.log
polar,retrieval,real,passkey,codelion/finepdfs-1B,64k,0.5,token_accuracy,9.2,50,/home/sagemaker-user/atma/benchmarks/logs/atma_10b/retrieval_retrieval_real_polar_fe9a46fcef.log
polar,retrieval,real,passkey,codelion/finepdfs-1B,64k,0.9,exact_match,0.0,50,/home/sagemaker-user/atma/benchmarks/logs/atma_10b/retrieval_retrieval_real_polar_fe9a46fcef.log
polar,retrieval,real,passkey,codelion/finepdfs-1B,64k,0.9,nll_nats_per_token,3.5257221450805662,50,/home/sagemaker-user/atma/benchmarks/logs/atma_10b/retrieval_retrieval_real_polar_fe9a46fcef.log
polar,retrieval,real,passkey,codelion/finepdfs-1B,64k,0.9,token_accuracy,20.0,50,/home/sagemaker-user/atma/benchmarks/logs/atma_10b/retrieval_retrieval_real_polar_fe9a46fcef.log
polar,retrieval,real,passkey,codelion/finepdfs-1B,8k,0.1,exact_match,0.0,50,/home/sagemaker-user/atma/benchmarks/logs/atma_10b/retrieval_retrieval_real_polar_fe9a46fcef.log
polar,retrieval,real,passkey,codelion/finepdfs-1B,8k,0.1,nll_nats_per_token,2.607208652496338,50,/home/sagemaker-user/atma/benchmarks/logs/atma_10b/retrieval_retrieval_real_polar_fe9a46fcef.log
polar,retrieval,real,passkey,codelion/finepdfs-1B,8k,0.1,token_accuracy,33.6,50,/home/sagemaker-user/atma/benchmarks/logs/atma_10b/retrieval_retrieval_real_polar_fe9a46fcef.log
polar,retrieval,real,passkey,codelion/finepdfs-1B,8k,0.5,exact_match,98.0,50,/home/sagemaker-user/atma/benchmarks/logs/atma_10b/retrieval_retrieval_real_polar_fe9a46fcef.log
polar,retrieval,real,passkey,codelion/finepdfs-1B,8k,0.5,nll_nats_per_token,0.248953777551651,50,/home/sagemaker-user/atma/benchmarks/logs/atma_10b/retrieval_retrieval_real_polar_fe9a46fcef.log
polar,retrieval,real,passkey,codelion/finepdfs-1B,8k,0.5,token_accuracy,99.6,50,/home/sagemaker-user/atma/benchmarks/logs/atma_10b/retrieval_retrieval_real_polar_fe9a46fcef.log
polar,retrieval,real,passkey,codelion/finepdfs-1B,8k,0.9,exact_match,96.0,50,/home/sagemaker-user/atma/benchmarks/logs/atma_10b/retrieval_retrieval_real_polar_fe9a46fcef.log
polar,retrieval,real,passkey,codelion/finepdfs-1B,8k,0.9,nll_nats_per_token,0.32387828636169436,50,/home/sagemaker-user/atma/benchmarks/logs/atma_10b/retrieval_retrieval_real_polar_fe9a46fcef.log
polar,retrieval,real,passkey,codelion/finepdfs-1B,8k,0.9,token_accuracy,99.2,50,/home/sagemaker-user/atma/benchmarks/logs/atma_10b/retrieval_retrieval_real_polar_fe9a46fcef.log
polar,retrieval,synthetic,niah,synthetic-filler,128k,0.1,exact_match,30.0,50,/home/sagemaker-user/atma/benchmarks/logs/atma_10b/retrieval_retrieval_synthetic_polar_226732c647.log
polar,retrieval,synthetic,niah,synthetic-filler,128k,0.1,nll_nats_per_token,1.2873180704116822,50,/home/sagemaker-user/atma/benchmarks/logs/atma_10b/retrieval_retrieval_synthetic_polar_226732c647.log
polar,retrieval,synthetic,niah,synthetic-filler,128k,0.1,token_accuracy,81.2,50,/home/sagemaker-user/atma/benchmarks/logs/atma_10b/retrieval_retrieval_synthetic_polar_226732c647.log
polar,retrieval,synthetic,niah,synthetic-filler,128k,0.5,exact_match,22.0,50,/home/sagemaker-user/atma/benchmarks/logs/atma_10b/retrieval_retrieval_synthetic_polar_226732c647.log
polar,retrieval,synthetic,niah,synthetic-filler,128k,0.5,nll_nats_per_token,1.2543273153305055,50,/home/sagemaker-user/atma/benchmarks/logs/atma_10b/retrieval_retrieval_synthetic_polar_226732c647.log
polar,retrieval,synthetic,niah,synthetic-filler,128k,0.5,token_accuracy,79.2,50,/home/sagemaker-user/atma/benchmarks/logs/atma_10b/retrieval_retrieval_synthetic_polar_226732c647.log
polar,retrieval,synthetic,niah,synthetic-filler,128k,0.9,exact_match,16.0,50,/home/sagemaker-user/atma/benchmarks/logs/atma_10b/retrieval_retrieval_synthetic_polar_226732c647.log
polar,retrieval,synthetic,niah,synthetic-filler,128k,0.9,nll_nats_per_token,1.270650806427002,50,/home/sagemaker-user/atma/benchmarks/logs/atma_10b/retrieval_retrieval_synthetic_polar_226732c647.log
polar,retrieval,synthetic,niah,synthetic-filler,128k,0.9,token_accuracy,74.8,50,/home/sagemaker-user/atma/benchmarks/logs/atma_10b/retrieval_retrieval_synthetic_polar_226732c647.log
polar,retrieval,synthetic,niah,synthetic-filler,16k,0.1,exact_match,92.0,50,/home/sagemaker-user/atma/benchmarks/logs/atma_10b/retrieval_retrieval_synthetic_polar_226732c647.log
polar,retrieval,synthetic,niah,synthetic-filler,16k,0.1,nll_nats_per_token,0.43547127151489257,50,/home/sagemaker-user/atma/benchmarks/logs/atma_10b/retrieval_retrieval_synthetic_polar_226732c647.log
polar,retrieval,synthetic,niah,synthetic-filler,16k,0.1,token_accuracy,98.0,50,/home/sagemaker-user/atma/benchmarks/logs/atma_10b/retrieval_retrieval_synthetic_polar_226732c647.log
polar,retrieval,synthetic,niah,synthetic-filler,16k,0.5,exact_match,86.0,50,/home/sagemaker-user/atma/benchmarks/logs/atma_10b/retrieval_retrieval_synthetic_polar_226732c647.log
polar,retrieval,synthetic,niah,synthetic-filler,16k,0.5,nll_nats_per_token,0.48225496244430544,50,/home/sagemaker-user/atma/benchmarks/logs/atma_10b/retrieval_retrieval_synthetic_polar_226732c647.log
polar,retrieval,synthetic,niah,synthetic-filler,16k,0.5,token_accuracy,96.8,50,/home/sagemaker-user/atma/benchmarks/logs/atma_10b/retrieval_retrieval_synthetic_polar_226732c647.log
polar,retrieval,synthetic,niah,synthetic-filler,16k,0.9,exact_match,80.0,50,/home/sagemaker-user/atma/benchmarks/logs/atma_10b/retrieval_retrieval_synthetic_polar_226732c647.log
polar,retrieval,synthetic,niah,synthetic-filler,16k,0.9,nll_nats_per_token,0.5043615417480469,50,/home/sagemaker-user/atma/benchmarks/logs/atma_10b/retrieval_retrieval_synthetic_polar_226732c647.log
polar,retrieval,synthetic,niah,synthetic-filler,16k,0.9,token_accuracy,96.0,50,/home/sagemaker-user/atma/benchmarks/logs/atma_10b/retrieval_retrieval_synthetic_polar_226732c647.log
polar,retrieval,synthetic,niah,synthetic-filler,256k,0.1,exact_match,0.0,50,/home/sagemaker-user/atma/benchmarks/logs/atma_10b/retrieval_retrieval_synthetic_polar_226732c647.log
polar,retrieval,synthetic,niah,synthetic-filler,256k,0.1,nll_nats_per_token,1.7506260242462157,50,/home/sagemaker-user/atma/benchmarks/logs/atma_10b/retrieval_retrieval_synthetic_polar_226732c647.log
polar,retrieval,synthetic,niah,synthetic-filler,256k,0.1,token_accuracy,43.2,50,/home/sagemaker-user/atma/benchmarks/logs/atma_10b/retrieval_retrieval_synthetic_polar_226732c647.log
polar,retrieval,synthetic,niah,synthetic-filler,256k,0.5,exact_match,10.0,50,/home/sagemaker-user/atma/benchmarks/logs/atma_10b/retrieval_retrieval_synthetic_polar_226732c647.log
polar,retrieval,synthetic,niah,synthetic-filler,256k,0.5,nll_nats_per_token,1.5130958862304686,50,/home/sagemaker-user/atma/benchmarks/logs/atma_10b/retrieval_retrieval_synthetic_polar_226732c647.log
polar,retrieval,synthetic,niah,synthetic-filler,256k,0.5,token_accuracy,59.2,50,/home/sagemaker-user/atma/benchmarks/logs/atma_10b/retrieval_retrieval_synthetic_polar_226732c647.log
polar,retrieval,synthetic,niah,synthetic-filler,256k,0.9,exact_match,16.0,50,/home/sagemaker-user/atma/benchmarks/logs/atma_10b/retrieval_retrieval_synthetic_polar_226732c647.log
polar,retrieval,synthetic,niah,synthetic-filler,256k,0.9,nll_nats_per_token,1.422926025390625,50,/home/sagemaker-user/atma/benchmarks/logs/atma_10b/retrieval_retrieval_synthetic_polar_226732c647.log
polar,retrieval,synthetic,niah,synthetic-filler,256k,0.9,token_accuracy,65.2,50,/home/sagemaker-user/atma/benchmarks/logs/atma_10b/retrieval_retrieval_synthetic_polar_226732c647.log
polar,retrieval,synthetic,niah,synthetic-filler,2k,0.1,exact_match,94.0,50,/home/sagemaker-user/atma/benchmarks/logs/atma_10b/retrieval_retrieval_synthetic_polar_226732c647.log
polar,retrieval,synthetic,niah,synthetic-filler,2k,0.1,exact_match,100.0,2,/home/sagemaker-user/atma/benchmarks/logs/atma_10b/smoke_retrieval_synthetic_polar_6d9c5af04d.log
polar,retrieval,synthetic,niah,synthetic-filler,2k,0.1,nll_nats_per_token,0.33952577209472656,50,/home/sagemaker-user/atma/benchmarks/logs/atma_10b/retrieval_retrieval_synthetic_polar_226732c647.log
polar,retrieval,synthetic,niah,synthetic-filler,2k,0.1,nll_nats_per_token,0.24613828659057618,2,/home/sagemaker-user/atma/benchmarks/logs/atma_10b/smoke_retrieval_synthetic_polar_6d9c5af04d.log
polar,retrieval,synthetic,niah,synthetic-filler,2k,0.1,token_accuracy,98.4,50,/home/sagemaker-user/atma/benchmarks/logs/atma_10b/retrieval_retrieval_synthetic_polar_226732c647.log
polar,retrieval,synthetic,niah,synthetic-filler,2k,0.1,token_accuracy,100.0,2,/home/sagemaker-user/atma/benchmarks/logs/atma_10b/smoke_retrieval_synthetic_polar_6d9c5af04d.log
polar,retrieval,synthetic,niah,synthetic-filler,2k,0.5,exact_match,94.0,50,/home/sagemaker-user/atma/benchmarks/logs/atma_10b/retrieval_retrieval_synthetic_polar_226732c647.log
polar,retrieval,synthetic,niah,synthetic-filler,2k,0.5,exact_match,100.0,2,/home/sagemaker-user/atma/benchmarks/logs/atma_10b/smoke_retrieval_synthetic_polar_6d9c5af04d.log
polar,retrieval,synthetic,niah,synthetic-filler,2k,0.5,nll_nats_per_token,0.3273126606941223,50,/home/sagemaker-user/atma/benchmarks/logs/atma_10b/retrieval_retrieval_synthetic_polar_226732c647.log
polar,retrieval,synthetic,niah,synthetic-filler,2k,0.5,nll_nats_per_token,0.2587600588798523,2,/home/sagemaker-user/atma/benchmarks/logs/atma_10b/smoke_retrieval_synthetic_polar_6d9c5af04d.log
polar,retrieval,synthetic,niah,synthetic-filler,2k,0.5,token_accuracy,98.4,50,/home/sagemaker-user/atma/benchmarks/logs/atma_10b/retrieval_retrieval_synthetic_polar_226732c647.log
polar,retrieval,synthetic,niah,synthetic-filler,2k,0.5,token_accuracy,100.0,2,/home/sagemaker-user/atma/benchmarks/logs/atma_10b/smoke_retrieval_synthetic_polar_6d9c5af04d.log
polar,retrieval,synthetic,niah,synthetic-filler,2k,0.9,exact_match,96.0,50,/home/sagemaker-user/atma/benchmarks/logs/atma_10b/retrieval_retrieval_synthetic_polar_226732c647.log
polar,retrieval,synthetic,niah,synthetic-filler,2k,0.9,exact_match,100.0,2,/home/sagemaker-user/atma/benchmarks/logs/atma_10b/smoke_retrieval_synthetic_polar_6d9c5af04d.log
polar,retrieval,synthetic,niah,synthetic-filler,2k,0.9,nll_nats_per_token,0.3952495975494385,50,/home/sagemaker-user/atma/benchmarks/logs/atma_10b/retrieval_retrieval_synthetic_polar_226732c647.log
polar,retrieval,synthetic,niah,synthetic-filler,2k,0.9,nll_nats_per_token,0.3704148530960083,2,/home/sagemaker-user/atma/benchmarks/logs/atma_10b/smoke_retrieval_synthetic_polar_6d9c5af04d.log
polar,retrieval,synthetic,niah,synthetic-filler,2k,0.9,token_accuracy,99.2,50,/home/sagemaker-user/atma/benchmarks/logs/atma_10b/retrieval_retrieval_synthetic_polar_226732c647.log
polar,retrieval,synthetic,niah,synthetic-filler,2k,0.9,token_accuracy,100.0,2,/home/sagemaker-user/atma/benchmarks/logs/atma_10b/smoke_retrieval_synthetic_polar_6d9c5af04d.log
polar,retrieval,synthetic,niah,synthetic-filler,32k,0.1,exact_match,78.0,50,/home/sagemaker-user/atma/benchmarks/logs/atma_10b/retrieval_retrieval_synthetic_polar_226732c647.log
polar,retrieval,synthetic,niah,synthetic-filler,32k,0.1,nll_nats_per_token,0.7064742641448974,50,/home/sagemaker-user/atma/benchmarks/logs/atma_10b/retrieval_retrieval_synthetic_polar_226732c647.log
polar,retrieval,synthetic,niah,synthetic-filler,32k,0.1,token_accuracy,95.2,50,/home/sagemaker-user/atma/benchmarks/logs/atma_10b/retrieval_retrieval_synthetic_polar_226732c647.log
polar,retrieval,synthetic,niah,synthetic-filler,32k,0.5,exact_match,70.0,50,/home/sagemaker-user/atma/benchmarks/logs/atma_10b/retrieval_retrieval_synthetic_polar_226732c647.log
polar,retrieval,synthetic,niah,synthetic-filler,32k,0.5,nll_nats_per_token,0.7190762467384338,50,/home/sagemaker-user/atma/benchmarks/logs/atma_10b/retrieval_retrieval_synthetic_polar_226732c647.log
polar,retrieval,synthetic,niah,synthetic-filler,32k,0.5,token_accuracy,93.6,50,/home/sagemaker-user/atma/benchmarks/logs/atma_10b/retrieval_retrieval_synthetic_polar_226732c647.log
polar,retrieval,synthetic,niah,synthetic-filler,32k,0.9,exact_match,68.0,50,/home/sagemaker-user/atma/benchmarks/logs/atma_10b/retrieval_retrieval_synthetic_polar_226732c647.log
polar,retrieval,synthetic,niah,synthetic-filler,32k,0.9,nll_nats_per_token,0.726376175403595,50,/home/sagemaker-user/atma/benchmarks/logs/atma_10b/retrieval_retrieval_synthetic_polar_226732c647.log
polar,retrieval,synthetic,niah,synthetic-filler,32k,0.9,token_accuracy,93.2,50,/home/sagemaker-user/atma/benchmarks/logs/atma_10b/retrieval_retrieval_synthetic_polar_226732c647.log
polar,retrieval,synthetic,niah,synthetic-filler,4k,0.1,exact_match,92.0,50,/home/sagemaker-user/atma/benchmarks/logs/atma_10b/retrieval_retrieval_synthetic_polar_226732c647.log
polar,retrieval,synthetic,niah,synthetic-filler,4k,0.1,nll_nats_per_token,0.3134442868232727,50,/home/sagemaker-user/atma/benchmarks/logs/atma_10b/retrieval_retrieval_synthetic_polar_226732c647.log
polar,retrieval,synthetic,niah,synthetic-filler,4k,0.1,token_accuracy,98.4,50,/home/sagemaker-user/atma/benchmarks/logs/atma_10b/retrieval_retrieval_synthetic_polar_226732c647.log
polar,retrieval,synthetic,niah,synthetic-filler,4k,0.5,exact_match,96.0,50,/home/sagemaker-user/atma/benchmarks/logs/atma_10b/retrieval_retrieval_synthetic_polar_226732c647.log
polar,retrieval,synthetic,niah,synthetic-filler,4k,0.5,nll_nats_per_token,0.3068534300327301,50,/home/sagemaker-user/atma/benchmarks/logs/atma_10b/retrieval_retrieval_synthetic_polar_226732c647.log
polar,retrieval,synthetic,niah,synthetic-filler,4k,0.5,token_accuracy,99.2,50,/home/sagemaker-user/atma/benchmarks/logs/atma_10b/retrieval_retrieval_synthetic_polar_226732c647.log
polar,retrieval,synthetic,niah,synthetic-filler,4k,0.9,exact_match,90.0,50,/home/sagemaker-user/atma/benchmarks/logs/atma_10b/retrieval_retrieval_synthetic_polar_226732c647.log
polar,retrieval,synthetic,niah,synthetic-filler,4k,0.9,nll_nats_per_token,0.37915251302719116,50,/home/sagemaker-user/atma/benchmarks/logs/atma_10b/retrieval_retrieval_synthetic_polar_226732c647.log
polar,retrieval,synthetic,niah,synthetic-filler,4k,0.9,token_accuracy,97.6,50,/home/sagemaker-user/atma/benchmarks/logs/atma_10b/retrieval_retrieval_synthetic_polar_226732c647.log
polar,retrieval,synthetic,niah,synthetic-filler,64k,0.1,exact_match,72.0,50,/home/sagemaker-user/atma/benchmarks/logs/atma_10b/retrieval_retrieval_synthetic_polar_226732c647.log
polar,retrieval,synthetic,niah,synthetic-filler,64k,0.1,nll_nats_per_token,0.9239860248565673,50,/home/sagemaker-user/atma/benchmarks/logs/atma_10b/retrieval_retrieval_synthetic_polar_226732c647.log
polar,retrieval,synthetic,niah,synthetic-filler,64k,0.1,token_accuracy,93.6,50,/home/sagemaker-user/atma/benchmarks/logs/atma_10b/retrieval_retrieval_synthetic_polar_226732c647.log
polar,retrieval,synthetic,niah,synthetic-filler,64k,0.5,exact_match,38.0,50,/home/sagemaker-user/atma/benchmarks/logs/atma_10b/retrieval_retrieval_synthetic_polar_226732c647.log
polar,retrieval,synthetic,niah,synthetic-filler,64k,0.5,nll_nats_per_token,1.0355054912567139,50,/home/sagemaker-user/atma/benchmarks/logs/atma_10b/retrieval_retrieval_synthetic_polar_226732c647.log
polar,retrieval,synthetic,niah,synthetic-filler,64k,0.5,token_accuracy,85.2,50,/home/sagemaker-user/atma/benchmarks/logs/atma_10b/retrieval_retrieval_synthetic_polar_226732c647.log
polar,retrieval,synthetic,niah,synthetic-filler,64k,0.9,exact_match,52.0,50,/home/sagemaker-user/atma/benchmarks/logs/atma_10b/retrieval_retrieval_synthetic_polar_226732c647.log
polar,retrieval,synthetic,niah,synthetic-filler,64k,0.9,nll_nats_per_token,0.9943134365081787,50,/home/sagemaker-user/atma/benchmarks/logs/atma_10b/retrieval_retrieval_synthetic_polar_226732c647.log
polar,retrieval,synthetic,niah,synthetic-filler,64k,0.9,token_accuracy,89.6,50,/home/sagemaker-user/atma/benchmarks/logs/atma_10b/retrieval_retrieval_synthetic_polar_226732c647.log
polar,retrieval,synthetic,niah,synthetic-filler,8k,0.1,exact_match,90.0,50,/home/sagemaker-user/atma/benchmarks/logs/atma_10b/retrieval_retrieval_synthetic_polar_226732c647.log
polar,retrieval,synthetic,niah,synthetic-filler,8k,0.1,exact_match,100.0,2,/home/sagemaker-user/atma/benchmarks/logs/atma_10b/smoke_retrieval_synthetic_polar_6d9c5af04d.log
polar,retrieval,synthetic,niah,synthetic-filler,8k,0.1,nll_nats_per_token,0.36838972330093384,50,/home/sagemaker-user/atma/benchmarks/logs/atma_10b/retrieval_retrieval_synthetic_polar_226732c647.log
polar,retrieval,synthetic,niah,synthetic-filler,8k,0.1,nll_nats_per_token,0.35580015182495117,2,/home/sagemaker-user/atma/benchmarks/logs/atma_10b/smoke_retrieval_synthetic_polar_6d9c5af04d.log
polar,retrieval,synthetic,niah,synthetic-filler,8k,0.1,token_accuracy,97.6,50,/home/sagemaker-user/atma/benchmarks/logs/atma_10b/retrieval_retrieval_synthetic_polar_226732c647.log
polar,retrieval,synthetic,niah,synthetic-filler,8k,0.1,token_accuracy,100.0,2,/home/sagemaker-user/atma/benchmarks/logs/atma_10b/smoke_retrieval_synthetic_polar_6d9c5af04d.log
polar,retrieval,synthetic,niah,synthetic-filler,8k,0.5,exact_match,88.0,50,/home/sagemaker-user/atma/benchmarks/logs/atma_10b/retrieval_retrieval_synthetic_polar_226732c647.log
polar,retrieval,synthetic,niah,synthetic-filler,8k,0.5,exact_match,100.0,2,/home/sagemaker-user/atma/benchmarks/logs/atma_10b/smoke_retrieval_synthetic_polar_6d9c5af04d.log
polar,retrieval,synthetic,niah,synthetic-filler,8k,0.5,nll_nats_per_token,0.36654454994201663,50,/home/sagemaker-user/atma/benchmarks/logs/atma_10b/retrieval_retrieval_synthetic_polar_226732c647.log
polar,retrieval,synthetic,niah,synthetic-filler,8k,0.5,nll_nats_per_token,0.40301295518875124,2,/home/sagemaker-user/atma/benchmarks/logs/atma_10b/smoke_retrieval_synthetic_polar_6d9c5af04d.log
polar,retrieval,synthetic,niah,synthetic-filler,8k,0.5,token_accuracy,97.6,50,/home/sagemaker-user/atma/benchmarks/logs/atma_10b/retrieval_retrieval_synthetic_polar_226732c647.log
polar,retrieval,synthetic,niah,synthetic-filler,8k,0.5,token_accuracy,100.0,2,/home/sagemaker-user/atma/benchmarks/logs/atma_10b/smoke_retrieval_synthetic_polar_6d9c5af04d.log
polar,retrieval,synthetic,niah,synthetic-filler,8k,0.9,exact_match,82.0,50,/home/sagemaker-user/atma/benchmarks/logs/atma_10b/retrieval_retrieval_synthetic_polar_226732c647.log
polar,retrieval,synthetic,niah,synthetic-filler,8k,0.9,exact_match,100.0,2,/home/sagemaker-user/atma/benchmarks/logs/atma_10b/smoke_retrieval_synthetic_polar_6d9c5af04d.log
polar,retrieval,synthetic,niah,synthetic-filler,8k,0.9,nll_nats_per_token,0.39785751152038573,50,/home/sagemaker-user/atma/benchmarks/logs/atma_10b/retrieval_retrieval_synthetic_polar_226732c647.log
polar,retrieval,synthetic,niah,synthetic-filler,8k,0.9,nll_nats_per_token,0.34903407096862793,2,/home/sagemaker-user/atma/benchmarks/logs/atma_10b/smoke_retrieval_synthetic_polar_6d9c5af04d.log
polar,retrieval,synthetic,niah,synthetic-filler,8k,0.9,token_accuracy,96.0,50,/home/sagemaker-user/atma/benchmarks/logs/atma_10b/retrieval_retrieval_synthetic_polar_226732c647.log
polar,retrieval,synthetic,niah,synthetic-filler,8k,0.9,token_accuracy,100.0,2,/home/sagemaker-user/atma/benchmarks/logs/atma_10b/smoke_retrieval_synthetic_polar_6d9c5af04d.log
polar,retrieval,synthetic,passkey,synthetic-filler,128k,0.1,exact_match,20.0,50,/home/sagemaker-user/atma/benchmarks/logs/atma_10b/retrieval_retrieval_synthetic_polar_226732c647.log
polar,retrieval,synthetic,passkey,synthetic-filler,128k,0.1,nll_nats_per_token,1.2197564735412598,50,/home/sagemaker-user/atma/benchmarks/logs/atma_10b/retrieval_retrieval_synthetic_polar_226732c647.log
polar,retrieval,synthetic,passkey,synthetic-filler,128k,0.1,token_accuracy,78.8,50,/home/sagemaker-user/atma/benchmarks/logs/atma_10b/retrieval_retrieval_synthetic_polar_226732c647.log
polar,retrieval,synthetic,passkey,synthetic-filler,128k,0.5,exact_match,40.0,50,/home/sagemaker-user/atma/benchmarks/logs/atma_10b/retrieval_retrieval_synthetic_polar_226732c647.log
polar,retrieval,synthetic,passkey,synthetic-filler,128k,0.5,nll_nats_per_token,1.0328679332733155,50,/home/sagemaker-user/atma/benchmarks/logs/atma_10b/retrieval_retrieval_synthetic_polar_226732c647.log
polar,retrieval,synthetic,passkey,synthetic-filler,128k,0.5,token_accuracy,85.6,50,/home/sagemaker-user/atma/benchmarks/logs/atma_10b/retrieval_retrieval_synthetic_polar_226732c647.log
polar,retrieval,synthetic,passkey,synthetic-filler,128k,0.9,exact_match,30.0,50,/home/sagemaker-user/atma/benchmarks/logs/atma_10b/retrieval_retrieval_synthetic_polar_226732c647.log
polar,retrieval,synthetic,passkey,synthetic-filler,128k,0.9,nll_nats_per_token,0.9926575756072998,50,/home/sagemaker-user/atma/benchmarks/logs/atma_10b/retrieval_retrieval_synthetic_polar_226732c647.log
polar,retrieval,synthetic,passkey,synthetic-filler,128k,0.9,token_accuracy,82.4,50,/home/sagemaker-user/atma/benchmarks/logs/atma_10b/retrieval_retrieval_synthetic_polar_226732c647.log
polar,retrieval,synthetic,passkey,synthetic-filler,16k,0.1,exact_match,94.0,50,/home/sagemaker-user/atma/benchmarks/logs/atma_10b/retrieval_retrieval_synthetic_polar_226732c647.log
polar,retrieval,synthetic,passkey,synthetic-filler,16k,0.1,nll_nats_per_token,0.24528350603580476,50,/home/sagemaker-user/atma/benchmarks/logs/atma_10b/retrieval_retrieval_synthetic_polar_226732c647.log
polar,retrieval,synthetic,passkey,synthetic-filler,16k,0.1,token_accuracy,98.8,50,/home/sagemaker-user/atma/benchmarks/logs/atma_10b/retrieval_retrieval_synthetic_polar_226732c647.log
polar,retrieval,synthetic,passkey,synthetic-filler,16k,0.5,exact_match,80.0,50,/home/sagemaker-user/atma/benchmarks/logs/atma_10b/retrieval_retrieval_synthetic_polar_226732c647.log
polar,retrieval,synthetic,passkey,synthetic-filler,16k,0.5,nll_nats_per_token,0.29082019090652467,50,/home/sagemaker-user/atma/benchmarks/logs/atma_10b/retrieval_retrieval_synthetic_polar_226732c647.log
polar,retrieval,synthetic,passkey,synthetic-filler,16k,0.5,token_accuracy,95.6,50,/home/sagemaker-user/atma/benchmarks/logs/atma_10b/retrieval_retrieval_synthetic_polar_226732c647.log
polar,retrieval,synthetic,passkey,synthetic-filler,16k,0.9,exact_match,84.0,50,/home/sagemaker-user/atma/benchmarks/logs/atma_10b/retrieval_retrieval_synthetic_polar_226732c647.log
polar,retrieval,synthetic,passkey,synthetic-filler,16k,0.9,nll_nats_per_token,0.3057673432826996,50,/home/sagemaker-user/atma/benchmarks/logs/atma_10b/retrieval_retrieval_synthetic_polar_226732c647.log
polar,retrieval,synthetic,passkey,synthetic-filler,16k,0.9,token_accuracy,96.8,50,/home/sagemaker-user/atma/benchmarks/logs/atma_10b/retrieval_retrieval_synthetic_polar_226732c647.log
polar,retrieval,synthetic,passkey,synthetic-filler,256k,0.1,exact_match,10.0,50,/home/sagemaker-user/atma/benchmarks/logs/atma_10b/retrieval_retrieval_synthetic_polar_226732c647.log
polar,retrieval,synthetic,passkey,synthetic-filler,256k,0.1,nll_nats_per_token,1.5196729545593262,50,/home/sagemaker-user/atma/benchmarks/logs/atma_10b/retrieval_retrieval_synthetic_polar_226732c647.log
polar,retrieval,synthetic,passkey,synthetic-filler,256k,0.1,token_accuracy,74.8,50,/home/sagemaker-user/atma/benchmarks/logs/atma_10b/retrieval_retrieval_synthetic_polar_226732c647.log
polar,retrieval,synthetic,passkey,synthetic-filler,256k,0.5,exact_match,12.0,50,/home/sagemaker-user/atma/benchmarks/logs/atma_10b/retrieval_retrieval_synthetic_polar_226732c647.log
polar,retrieval,synthetic,passkey,synthetic-filler,256k,0.5,nll_nats_per_token,1.3379468412399291,50,/home/sagemaker-user/atma/benchmarks/logs/atma_10b/retrieval_retrieval_synthetic_polar_226732c647.log
polar,retrieval,synthetic,passkey,synthetic-filler,256k,0.5,token_accuracy,77.6,50,/home/sagemaker-user/atma/benchmarks/logs/atma_10b/retrieval_retrieval_synthetic_polar_226732c647.log
polar,retrieval,synthetic,passkey,synthetic-filler,256k,0.9,exact_match,60.0,50,/home/sagemaker-user/atma/benchmarks/logs/atma_10b/retrieval_retrieval_synthetic_polar_226732c647.log
polar,retrieval,synthetic,passkey,synthetic-filler,256k,0.9,nll_nats_per_token,1.1504372568130494,50,/home/sagemaker-user/atma/benchmarks/logs/atma_10b/retrieval_retrieval_synthetic_polar_226732c647.log
polar,retrieval,synthetic,passkey,synthetic-filler,256k,0.9,token_accuracy,90.4,50,/home/sagemaker-user/atma/benchmarks/logs/atma_10b/retrieval_retrieval_synthetic_polar_226732c647.log
polar,retrieval,synthetic,passkey,synthetic-filler,2k,0.1,exact_match,98.0,50,/home/sagemaker-user/atma/benchmarks/logs/atma_10b/retrieval_retrieval_synthetic_polar_226732c647.log
polar,retrieval,synthetic,passkey,synthetic-filler,2k,0.1,exact_match,100.0,2,/home/sagemaker-user/atma/benchmarks/logs/atma_10b/smoke_retrieval_synthetic_polar_6d9c5af04d.log
polar,retrieval,synthetic,passkey,synthetic-filler,2k,0.1,nll_nats_per_token,0.12194077467918396,50,/home/sagemaker-user/atma/benchmarks/logs/atma_10b/retrieval_retrieval_synthetic_polar_226732c647.log
polar,retrieval,synthetic,passkey,synthetic-filler,2k,0.1,nll_nats_per_token,0.14438787698745728,2,/home/sagemaker-user/atma/benchmarks/logs/atma_10b/smoke_retrieval_synthetic_polar_6d9c5af04d.log
polar,retrieval,synthetic,passkey,synthetic-filler,2k,0.1,token_accuracy,99.6,50,/home/sagemaker-user/atma/benchmarks/logs/atma_10b/retrieval_retrieval_synthetic_polar_226732c647.log
polar,retrieval,synthetic,passkey,synthetic-filler,2k,0.1,token_accuracy,100.0,2,/home/sagemaker-user/atma/benchmarks/logs/atma_10b/smoke_retrieval_synthetic_polar_6d9c5af04d.log
polar,retrieval,synthetic,passkey,synthetic-filler,2k,0.5,exact_match,96.0,50,/home/sagemaker-user/atma/benchmarks/logs/atma_10b/retrieval_retrieval_synthetic_polar_226732c647.log
polar,retrieval,synthetic,passkey,synthetic-filler,2k,0.5,exact_match,100.0,2,/home/sagemaker-user/atma/benchmarks/logs/atma_10b/smoke_retrieval_synthetic_polar_6d9c5af04d.log
polar,retrieval,synthetic,passkey,synthetic-filler,2k,0.5,nll_nats_per_token,0.15307508563995362,50,/home/sagemaker-user/atma/benchmarks/logs/atma_10b/retrieval_retrieval_synthetic_polar_226732c647.log
polar,retrieval,synthetic,passkey,synthetic-filler,2k,0.5,nll_nats_per_token,0.15096298456192017,2,/home/sagemaker-user/atma/benchmarks/logs/atma_10b/smoke_retrieval_synthetic_polar_6d9c5af04d.log
polar,retrieval,synthetic,passkey,synthetic-filler,2k,0.5,token_accuracy,99.2,50,/home/sagemaker-user/atma/benchmarks/logs/atma_10b/retrieval_retrieval_synthetic_polar_226732c647.log
polar,retrieval,synthetic,passkey,synthetic-filler,2k,0.5,token_accuracy,100.0,2,/home/sagemaker-user/atma/benchmarks/logs/atma_10b/smoke_retrieval_synthetic_polar_6d9c5af04d.log
polar,retrieval,synthetic,passkey,synthetic-filler,2k,0.9,exact_match,100.0,50,/home/sagemaker-user/atma/benchmarks/logs/atma_10b/retrieval_retrieval_synthetic_polar_226732c647.log
polar,retrieval,synthetic,passkey,synthetic-filler,2k,0.9,exact_match,100.0,2,/home/sagemaker-user/atma/benchmarks/logs/atma_10b/smoke_retrieval_synthetic_polar_6d9c5af04d.log
polar,retrieval,synthetic,passkey,synthetic-filler,2k,0.9,nll_nats_per_token,0.1498756490945816,50,/home/sagemaker-user/atma/benchmarks/logs/atma_10b/retrieval_retrieval_synthetic_polar_226732c647.log
polar,retrieval,synthetic,passkey,synthetic-filler,2k,0.9,nll_nats_per_token,0.16249096393585205,2,/home/sagemaker-user/atma/benchmarks/logs/atma_10b/smoke_retrieval_synthetic_polar_6d9c5af04d.log
polar,retrieval,synthetic,passkey,synthetic-filler,2k,0.9,token_accuracy,100.0,50,/home/sagemaker-user/atma/benchmarks/logs/atma_10b/retrieval_retrieval_synthetic_polar_226732c647.log
polar,retrieval,synthetic,passkey,synthetic-filler,2k,0.9,token_accuracy,100.0,2,/home/sagemaker-user/atma/benchmarks/logs/atma_10b/smoke_retrieval_synthetic_polar_6d9c5af04d.log
polar,retrieval,synthetic,passkey,synthetic-filler,32k,0.1,exact_match,86.0,50,/home/sagemaker-user/atma/benchmarks/logs/atma_10b/retrieval_retrieval_synthetic_polar_226732c647.log
polar,retrieval,synthetic,passkey,synthetic-filler,32k,0.1,nll_nats_per_token,0.45042987608909607,50,/home/sagemaker-user/atma/benchmarks/logs/atma_10b/retrieval_retrieval_synthetic_polar_226732c647.log
polar,retrieval,synthetic,passkey,synthetic-filler,32k,0.1,token_accuracy,97.2,50,/home/sagemaker-user/atma/benchmarks/logs/atma_10b/retrieval_retrieval_synthetic_polar_226732c647.log
polar,retrieval,synthetic,passkey,synthetic-filler,32k,0.5,exact_match,78.0,50,/home/sagemaker-user/atma/benchmarks/logs/atma_10b/retrieval_retrieval_synthetic_polar_226732c647.log
polar,retrieval,synthetic,passkey,synthetic-filler,32k,0.5,nll_nats_per_token,0.47071992588043216,50,/home/sagemaker-user/atma/benchmarks/logs/atma_10b/retrieval_retrieval_synthetic_polar_226732c647.log
polar,retrieval,synthetic,passkey,synthetic-filler,32k,0.5,token_accuracy,95.6,50,/home/sagemaker-user/atma/benchmarks/logs/atma_10b/retrieval_retrieval_synthetic_polar_226732c647.log
polar,retrieval,synthetic,passkey,synthetic-filler,32k,0.9,exact_match,76.0,50,/home/sagemaker-user/atma/benchmarks/logs/atma_10b/retrieval_retrieval_synthetic_polar_226732c647.log
polar,retrieval,synthetic,passkey,synthetic-filler,32k,0.9,nll_nats_per_token,0.44601205945014955,50,/home/sagemaker-user/atma/benchmarks/logs/atma_10b/retrieval_retrieval_synthetic_polar_226732c647.log
polar,retrieval,synthetic,passkey,synthetic-filler,32k,0.9,token_accuracy,94.4,50,/home/sagemaker-user/atma/benchmarks/logs/atma_10b/retrieval_retrieval_synthetic_polar_226732c647.log
polar,retrieval,synthetic,passkey,synthetic-filler,4k,0.1,exact_match,94.0,50,/home/sagemaker-user/atma/benchmarks/logs/atma_10b/retrieval_retrieval_synthetic_polar_226732c647.log
polar,retrieval,synthetic,passkey,synthetic-filler,4k,0.1,nll_nats_per_token,0.13644610238075255,50,/home/sagemaker-user/atma/benchmarks/logs/atma_10b/retrieval_retrieval_synthetic_polar_226732c647.log
polar,retrieval,synthetic,passkey,synthetic-filler,4k,0.1,token_accuracy,98.8,50,/home/sagemaker-user/atma/benchmarks/logs/atma_10b/retrieval_retrieval_synthetic_polar_226732c647.log
polar,retrieval,synthetic,passkey,synthetic-filler,4k,0.5,exact_match,92.0,50,/home/sagemaker-user/atma/benchmarks/logs/atma_10b/retrieval_retrieval_synthetic_polar_226732c647.log
polar,retrieval,synthetic,passkey,synthetic-filler,4k,0.5,nll_nats_per_token,0.1856290180683136,50,/home/sagemaker-user/atma/benchmarks/logs/atma_10b/retrieval_retrieval_synthetic_polar_226732c647.log
polar,retrieval,synthetic,passkey,synthetic-filler,4k,0.5,token_accuracy,98.4,50,/home/sagemaker-user/atma/benchmarks/logs/atma_10b/retrieval_retrieval_synthetic_polar_226732c647.log
polar,retrieval,synthetic,passkey,synthetic-filler,4k,0.9,exact_match,90.0,50,/home/sagemaker-user/atma/benchmarks/logs/atma_10b/retrieval_retrieval_synthetic_polar_226732c647.log
polar,retrieval,synthetic,passkey,synthetic-filler,4k,0.9,nll_nats_per_token,0.1601890081167221,50,/home/sagemaker-user/atma/benchmarks/logs/atma_10b/retrieval_retrieval_synthetic_polar_226732c647.log
polar,retrieval,synthetic,passkey,synthetic-filler,4k,0.9,token_accuracy,98.0,50,/home/sagemaker-user/atma/benchmarks/logs/atma_10b/retrieval_retrieval_synthetic_polar_226732c647.log
polar,retrieval,synthetic,passkey,synthetic-filler,64k,0.1,exact_match,82.0,50,/home/sagemaker-user/atma/benchmarks/logs/atma_10b/retrieval_retrieval_synthetic_polar_226732c647.log
polar,retrieval,synthetic,passkey,synthetic-filler,64k,0.1,nll_nats_per_token,0.7141688103675843,50,/home/sagemaker-user/atma/benchmarks/logs/atma_10b/retrieval_retrieval_synthetic_polar_226732c647.log
polar,retrieval,synthetic,passkey,synthetic-filler,64k,0.1,token_accuracy,96.4,50,/home/sagemaker-user/atma/benchmarks/logs/atma_10b/retrieval_retrieval_synthetic_polar_226732c647.log
polar,retrieval,synthetic,passkey,synthetic-filler,64k,0.5,exact_match,78.0,50,/home/sagemaker-user/atma/benchmarks/logs/atma_10b/retrieval_retrieval_synthetic_polar_226732c647.log
polar,retrieval,synthetic,passkey,synthetic-filler,64k,0.5,nll_nats_per_token,0.6005808753967286,50,/home/sagemaker-user/atma/benchmarks/logs/atma_10b/retrieval_retrieval_synthetic_polar_226732c647.log
polar,retrieval,synthetic,passkey,synthetic-filler,64k,0.5,token_accuracy,95.6,50,/home/sagemaker-user/atma/benchmarks/logs/atma_10b/retrieval_retrieval_synthetic_polar_226732c647.log
polar,retrieval,synthetic,passkey,synthetic-filler,64k,0.9,exact_match,72.0,50,/home/sagemaker-user/atma/benchmarks/logs/atma_10b/retrieval_retrieval_synthetic_polar_226732c647.log
polar,retrieval,synthetic,passkey,synthetic-filler,64k,0.9,nll_nats_per_token,0.6492521891593933,50,/home/sagemaker-user/atma/benchmarks/logs/atma_10b/retrieval_retrieval_synthetic_polar_226732c647.log
polar,retrieval,synthetic,passkey,synthetic-filler,64k,0.9,token_accuracy,93.6,50,/home/sagemaker-user/atma/benchmarks/logs/atma_10b/retrieval_retrieval_synthetic_polar_226732c647.log
polar,retrieval,synthetic,passkey,synthetic-filler,8k,0.1,exact_match,94.0,50,/home/sagemaker-user/atma/benchmarks/logs/atma_10b/retrieval_retrieval_synthetic_polar_226732c647.log
polar,retrieval,synthetic,passkey,synthetic-filler,8k,0.1,exact_match,100.0,2,/home/sagemaker-user/atma/benchmarks/logs/atma_10b/smoke_retrieval_synthetic_polar_6d9c5af04d.log
polar,retrieval,synthetic,passkey,synthetic-filler,8k,0.1,nll_nats_per_token,0.13686117279529572,50,/home/sagemaker-user/atma/benchmarks/logs/atma_10b/retrieval_retrieval_synthetic_polar_226732c647.log
polar,retrieval,synthetic,passkey,synthetic-filler,8k,0.1,nll_nats_per_token,0.1470746874809265,2,/home/sagemaker-user/atma/benchmarks/logs/atma_10b/smoke_retrieval_synthetic_polar_6d9c5af04d.log
polar,retrieval,synthetic,passkey,synthetic-filler,8k,0.1,token_accuracy,98.8,50,/home/sagemaker-user/atma/benchmarks/logs/atma_10b/retrieval_retrieval_synthetic_polar_226732c647.log
polar,retrieval,synthetic,passkey,synthetic-filler,8k,0.1,token_accuracy,100.0,2,/home/sagemaker-user/atma/benchmarks/logs/atma_10b/smoke_retrieval_synthetic_polar_6d9c5af04d.log
polar,retrieval,synthetic,passkey,synthetic-filler,8k,0.5,exact_match,90.0,50,/home/sagemaker-user/atma/benchmarks/logs/atma_10b/retrieval_retrieval_synthetic_polar_226732c647.log
polar,retrieval,synthetic,passkey,synthetic-filler,8k,0.5,exact_match,100.0,2,/home/sagemaker-user/atma/benchmarks/logs/atma_10b/smoke_retrieval_synthetic_polar_6d9c5af04d.log
polar,retrieval,synthetic,passkey,synthetic-filler,8k,0.5,nll_nats_per_token,0.20169565933942796,50,/home/sagemaker-user/atma/benchmarks/logs/atma_10b/retrieval_retrieval_synthetic_polar_226732c647.log
polar,retrieval,synthetic,passkey,synthetic-filler,8k,0.5,nll_nats_per_token,0.2173696994781494,2,/home/sagemaker-user/atma/benchmarks/logs/atma_10b/smoke_retrieval_synthetic_polar_6d9c5af04d.log
polar,retrieval,synthetic,passkey,synthetic-filler,8k,0.5,token_accuracy,98.0,50,/home/sagemaker-user/atma/benchmarks/logs/atma_10b/retrieval_retrieval_synthetic_polar_226732c647.log
polar,retrieval,synthetic,passkey,synthetic-filler,8k,0.5,token_accuracy,100.0,2,/home/sagemaker-user/atma/benchmarks/logs/atma_10b/smoke_retrieval_synthetic_polar_6d9c5af04d.log
polar,retrieval,synthetic,passkey,synthetic-filler,8k,0.9,exact_match,74.0,50,/home/sagemaker-user/atma/benchmarks/logs/atma_10b/retrieval_retrieval_synthetic_polar_226732c647.log
polar,retrieval,synthetic,passkey,synthetic-filler,8k,0.9,exact_match,100.0,2,/home/sagemaker-user/atma/benchmarks/logs/atma_10b/smoke_retrieval_synthetic_polar_6d9c5af04d.log
polar,retrieval,synthetic,passkey,synthetic-filler,8k,0.9,nll_nats_per_token,0.274770653128624,50,/home/sagemaker-user/atma/benchmarks/logs/atma_10b/retrieval_retrieval_synthetic_polar_226732c647.log
polar,retrieval,synthetic,passkey,synthetic-filler,8k,0.9,nll_nats_per_token,0.18192529678344727,2,/home/sagemaker-user/atma/benchmarks/logs/atma_10b/smoke_retrieval_synthetic_polar_6d9c5af04d.log
polar,retrieval,synthetic,passkey,synthetic-filler,8k,0.9,token_accuracy,94.4,50,/home/sagemaker-user/atma/benchmarks/logs/atma_10b/retrieval_retrieval_synthetic_polar_226732c647.log
polar,retrieval,synthetic,passkey,synthetic-filler,8k,0.9,token_accuracy,100.0,2,/home/sagemaker-user/atma/benchmarks/logs/atma_10b/smoke_retrieval_synthetic_polar_6d9c5af04d.log
polar,serving,generation,,,128k,,decode_tokens_per_s,61.34765762882036,1,/home/sagemaker-user/atma/benchmarks/logs/atma_10b/serving_serving_generation_polar_938271d9ca.log
polar,serving,generation,,,128k,,oom,False,1,/home/sagemaker-user/atma/benchmarks/logs/atma_10b/serving_serving_generation_polar_938271d9ca.log
polar,serving,generation,,,128k,,peak_allocated_bytes,42311354368,1,/home/sagemaker-user/atma/benchmarks/logs/atma_10b/serving_serving_generation_polar_938271d9ca.log
polar,serving,generation,,,128k,,peak_reserved_bytes,42586865664,1,/home/sagemaker-user/atma/benchmarks/logs/atma_10b/serving_serving_generation_polar_938271d9ca.log
polar,serving,generation,,,128k,,prefill_tokens_per_s,80959.44050059743,1,/home/sagemaker-user/atma/benchmarks/logs/atma_10b/serving_serving_generation_polar_938271d9ca.log
polar,serving,generation,,,16k,,decode_tokens_per_s,270.12082872890585,1,/home/sagemaker-user/atma/benchmarks/logs/atma_10b/serving_serving_generation_polar_938271d9ca.log
polar,serving,generation,,,16k,,oom,False,1,/home/sagemaker-user/atma/benchmarks/logs/atma_10b/serving_serving_generation_polar_938271d9ca.log
polar,serving,generation,,,16k,,peak_allocated_bytes,42312531968,1,/home/sagemaker-user/atma/benchmarks/logs/atma_10b/serving_serving_generation_polar_938271d9ca.log
polar,serving,generation,,,16k,,peak_reserved_bytes,42349887488,1,/home/sagemaker-user/atma/benchmarks/logs/atma_10b/serving_serving_generation_polar_938271d9ca.log
polar,serving,generation,,,16k,,prefill_tokens_per_s,161550.74003214942,1,/home/sagemaker-user/atma/benchmarks/logs/atma_10b/serving_serving_generation_polar_938271d9ca.log
polar,serving,generation,,,2k,,decode_tokens_per_s,441.1930124454313,1,/home/sagemaker-user/atma/benchmarks/logs/atma_10b/serving_serving_generation_polar_938271d9ca.log
polar,serving,generation,,,2k,,oom,False,1,/home/sagemaker-user/atma/benchmarks/logs/atma_10b/serving_serving_generation_polar_938271d9ca.log
polar,serving,generation,,,2k,,peak_allocated_bytes,42329718784,1,/home/sagemaker-user/atma/benchmarks/logs/atma_10b/serving_serving_generation_polar_938271d9ca.log
polar,serving,generation,,,2k,,peak_reserved_bytes,42368761856,1,/home/sagemaker-user/atma/benchmarks/logs/atma_10b/serving_serving_generation_polar_938271d9ca.log
polar,serving,generation,,,2k,,prefill_tokens_per_s,15640.49602956339,1,/home/sagemaker-user/atma/benchmarks/logs/atma_10b/serving_serving_generation_polar_938271d9ca.log
polar,serving,generation,,,32k,,decode_tokens_per_s,176.81636690386557,1,/home/sagemaker-user/atma/benchmarks/logs/atma_10b/serving_serving_generation_polar_938271d9ca.log
polar,serving,generation,,,32k,,oom,False,1,/home/sagemaker-user/atma/benchmarks/logs/atma_10b/serving_serving_generation_polar_938271d9ca.log
polar,serving,generation,,,32k,,peak_allocated_bytes,42308469248,1,/home/sagemaker-user/atma/benchmarks/logs/atma_10b/serving_serving_generation_polar_938271d9ca.log
polar,serving,generation,,,32k,,peak_reserved_bytes,42345693184,1,/home/sagemaker-user/atma/benchmarks/logs/atma_10b/serving_serving_generation_polar_938271d9ca.log
polar,serving,generation,,,32k,,prefill_tokens_per_s,132090.95627999018,1,/home/sagemaker-user/atma/benchmarks/logs/atma_10b/serving_serving_generation_polar_938271d9ca.log
polar,serving,generation,,,4k,,decode_tokens_per_s,402.3307139081706,1,/home/sagemaker-user/atma/benchmarks/logs/atma_10b/serving_serving_generation_polar_938271d9ca.log
polar,serving,generation,,,4k,,oom,False,1,/home/sagemaker-user/atma/benchmarks/logs/atma_10b/serving_serving_generation_polar_938271d9ca.log
polar,serving,generation,,,4k,,peak_allocated_bytes,42313482240,1,/home/sagemaker-user/atma/benchmarks/logs/atma_10b/serving_serving_generation_polar_938271d9ca.log
polar,serving,generation,,,4k,,peak_reserved_bytes,42379247616,1,/home/sagemaker-user/atma/benchmarks/logs/atma_10b/serving_serving_generation_polar_938271d9ca.log
polar,serving,generation,,,4k,,prefill_tokens_per_s,133884.07215667656,1,/home/sagemaker-user/atma/benchmarks/logs/atma_10b/serving_serving_generation_polar_938271d9ca.log
polar,serving,generation,,,64k,,decode_tokens_per_s,108.48049328974625,1,/home/sagemaker-user/atma/benchmarks/logs/atma_10b/serving_serving_generation_polar_938271d9ca.log
polar,serving,generation,,,64k,,oom,False,1,/home/sagemaker-user/atma/benchmarks/logs/atma_10b/serving_serving_generation_polar_938271d9ca.log
polar,serving,generation,,,64k,,peak_allocated_bytes,42312926208,1,/home/sagemaker-user/atma/benchmarks/logs/atma_10b/serving_serving_generation_polar_938271d9ca.log
polar,serving,generation,,,64k,,peak_reserved_bytes,42337304576,1,/home/sagemaker-user/atma/benchmarks/logs/atma_10b/serving_serving_generation_polar_938271d9ca.log
polar,serving,generation,,,64k,,prefill_tokens_per_s,109049.97517856404,1,/home/sagemaker-user/atma/benchmarks/logs/atma_10b/serving_serving_generation_polar_938271d9ca.log
polar,serving,generation,,,8k,,decode_tokens_per_s,346.6335661033824,1,/home/sagemaker-user/atma/benchmarks/logs/atma_10b/serving_serving_generation_polar_938271d9ca.log
polar,serving,generation,,,8k,,oom,False,1,/home/sagemaker-user/atma/benchmarks/logs/atma_10b/serving_serving_generation_polar_938271d9ca.log
polar,serving,generation,,,8k,,peak_allocated_bytes,42312466432,1,/home/sagemaker-user/atma/benchmarks/logs/atma_10b/serving_serving_generation_polar_938271d9ca.log
polar,serving,generation,,,8k,,peak_reserved_bytes,42349887488,1,/home/sagemaker-user/atma/benchmarks/logs/atma_10b/serving_serving_generation_polar_938271d9ca.log
polar,serving,generation,,,8k,,prefill_tokens_per_s,160145.23086853963,1,/home/sagemaker-user/atma/benchmarks/logs/atma_10b/serving_serving_generation_polar_938271d9ca.log
polar,serving,generation,,,,,max_successful_context_tokens,131072,,/home/sagemaker-user/atma/benchmarks/logs/atma_10b/serving_serving_generation_polar_938271d9ca.log
raven_native,base,zero_shot,arc_challenge,,,,accuracy,0.25418060200668896,299,/home/sagemaker-user/atma/benchmarks/logs/atma_10b/base_base_zero_shot_raven_native_f5b583bc31.log
raven_native,base,zero_shot,arc_challenge,,,,accuracy_norm,0.2709030100334448,299,/home/sagemaker-user/atma/benchmarks/logs/atma_10b/base_base_zero_shot_raven_native_f5b583bc31.log
raven_native,base,zero_shot,arc_easy,,,,accuracy,0.5701754385964912,570,/home/sagemaker-user/atma/benchmarks/logs/atma_10b/base_base_zero_shot_raven_native_f5b583bc31.log
raven_native,base,zero_shot,arc_easy,,,,accuracy_norm,0.49122807017543857,570,/home/sagemaker-user/atma/benchmarks/logs/atma_10b/base_base_zero_shot_raven_native_f5b583bc31.log
raven_native,base,zero_shot,boolq,,,,accuracy,0.6192660550458715,3270,/home/sagemaker-user/atma/benchmarks/logs/atma_10b/base_base_zero_shot_raven_native_f5b583bc31.log
raven_native,base,zero_shot,boolq,,,,accuracy_norm,0.6192660550458715,3270,/home/sagemaker-user/atma/benchmarks/logs/atma_10b/base_base_zero_shot_raven_native_f5b583bc31.log
raven_native,base,zero_shot,hellaswag,,,,accuracy,0.30830511850229037,10042,/home/sagemaker-user/atma/benchmarks/logs/atma_10b/base_base_zero_shot_raven_native_f5b583bc31.log
raven_native,base,zero_shot,hellaswag,,,,accuracy_norm,0.3355905198167696,10042,/home/sagemaker-user/atma/benchmarks/logs/atma_10b/base_base_zero_shot_raven_native_f5b583bc31.log
raven_native,base,zero_shot,lambada,,,,accuracy,0.2747913836600039,5153,/home/sagemaker-user/atma/benchmarks/logs/atma_10b/base_base_zero_shot_raven_native_f5b583bc31.log
raven_native,base,zero_shot,lambada,,,,target_nll,3.3155388860255024,5153,/home/sagemaker-user/atma/benchmarks/logs/atma_10b/base_base_zero_shot_raven_native_f5b583bc31.log
raven_native,base,zero_shot,lambada,,,,target_perplexity,27.537229415019162,5153,/home/sagemaker-user/atma/benchmarks/logs/atma_10b/base_base_zero_shot_raven_native_f5b583bc31.log
raven_native,base,zero_shot,openbookqa,,,,accuracy,0.204,500,/home/sagemaker-user/atma/benchmarks/logs/atma_10b/base_base_zero_shot_raven_native_f5b583bc31.log
raven_native,base,zero_shot,openbookqa,,,,accuracy_norm,0.288,500,/home/sagemaker-user/atma/benchmarks/logs/atma_10b/base_base_zero_shot_raven_native_f5b583bc31.log
raven_native,base,zero_shot,piqa,,,,accuracy,0.6420021762785637,1838,/home/sagemaker-user/atma/benchmarks/logs/atma_10b/base_base_zero_shot_raven_native_f5b583bc31.log
raven_native,base,zero_shot,piqa,,,,accuracy_norm,0.64689880304679,1838,/home/sagemaker-user/atma/benchmarks/logs/atma_10b/base_base_zero_shot_raven_native_f5b583bc31.log
raven_native,base,zero_shot,winogrande,,,,accuracy,0.5169692186266772,1267,/home/sagemaker-user/atma/benchmarks/logs/atma_10b/base_base_zero_shot_raven_native_f5b583bc31.log
raven_native,base,zero_shot,winogrande,,,,accuracy_norm,0.5185477505919495,1267,/home/sagemaker-user/atma/benchmarks/logs/atma_10b/base_base_zero_shot_raven_native_f5b583bc31.log
raven_native,longdoc,fixed_target,,codelion/finepdfs-1B,128k,,bits_per_byte,1.0948487813127736,8,/home/sagemaker-user/atma/benchmarks/logs/atma_10b/longdoc_longdoc_fixed_target_raven_native_1582d200f4.log
raven_native,longdoc,fixed_target,,codelion/finepdfs-1B,128k,,nll_nats_per_token,1.3473285809159279,8,/home/sagemaker-user/atma/benchmarks/logs/atma_10b/longdoc_longdoc_fixed_target_raven_native_1582d200f4.log
raven_native,longdoc,fixed_target,,codelion/finepdfs-1B,128k,,perplexity,3.8471344824903246,8,/home/sagemaker-user/atma/benchmarks/logs/atma_10b/longdoc_longdoc_fixed_target_raven_native_1582d200f4.log
raven_native,longdoc,fixed_target,,codelion/finepdfs-1B,16k,,bits_per_byte,1.0980342163488788,8,/home/sagemaker-user/atma/benchmarks/logs/atma_10b/longdoc_longdoc_fixed_target_raven_native_1582d200f4.log
raven_native,longdoc,fixed_target,,codelion/finepdfs-1B,16k,,nll_nats_per_token,1.351248599588871,8,/home/sagemaker-user/atma/benchmarks/logs/atma_10b/longdoc_longdoc_fixed_target_raven_native_1582d200f4.log
raven_native,longdoc,fixed_target,,codelion/finepdfs-1B,16k,,perplexity,3.862244918745552,8,/home/sagemaker-user/atma/benchmarks/logs/atma_10b/longdoc_longdoc_fixed_target_raven_native_1582d200f4.log
raven_native,longdoc,fixed_target,,codelion/finepdfs-1B,256k,,bits_per_byte,1.0916300713231237,8,/home/sagemaker-user/atma/benchmarks/logs/atma_10b/longdoc_longdoc_fixed_target_raven_native_1582d200f4.log
raven_native,longdoc,fixed_target,,codelion/finepdfs-1B,256k,,nll_nats_per_token,1.343367613852024,8,/home/sagemaker-user/atma/benchmarks/logs/atma_10b/longdoc_longdoc_fixed_target_raven_native_1582d200f4.log
raven_native,longdoc,fixed_target,,codelion/finepdfs-1B,256k,,perplexity,3.831926249054464,8,/home/sagemaker-user/atma/benchmarks/logs/atma_10b/longdoc_longdoc_fixed_target_raven_native_1582d200f4.log
raven_native,longdoc,fixed_target,,codelion/finepdfs-1B,2k,,bits_per_byte,1.1529216578660564,8,/home/sagemaker-user/atma/benchmarks/logs/atma_10b/longdoc_longdoc_fixed_target_raven_native_1582d200f4.log
raven_native,longdoc,fixed_target,,codelion/finepdfs-1B,2k,,nll_nats_per_token,1.4187934696674347,8,/home/sagemaker-user/atma/benchmarks/logs/atma_10b/longdoc_longdoc_fixed_target_raven_native_1582d200f4.log
raven_native,longdoc,fixed_target,,codelion/finepdfs-1B,2k,,perplexity,4.1321318889751275,8,/home/sagemaker-user/atma/benchmarks/logs/atma_10b/longdoc_longdoc_fixed_target_raven_native_1582d200f4.log
raven_native,longdoc,fixed_target,,codelion/finepdfs-1B,32k,,bits_per_byte,1.0898471671027943,8,/home/sagemaker-user/atma/benchmarks/logs/atma_10b/longdoc_longdoc_fixed_target_raven_native_1582d200f4.log
raven_native,longdoc,fixed_target,,codelion/finepdfs-1B,32k,,nll_nats_per_token,1.3411735594272614,8,/home/sagemaker-user/atma/benchmarks/logs/atma_10b/longdoc_longdoc_fixed_target_raven_native_1582d200f4.log
raven_native,longdoc,fixed_target,,codelion/finepdfs-1B,32k,,perplexity,3.8235280107772933,8,/home/sagemaker-user/atma/benchmarks/logs/atma_10b/longdoc_longdoc_fixed_target_raven_native_1582d200f4.log
raven_native,longdoc,fixed_target,,codelion/finepdfs-1B,4k,,bits_per_byte,1.1048608067683041,8,/home/sagemaker-user/atma/benchmarks/logs/atma_10b/longdoc_longdoc_fixed_target_raven_native_1582d200f4.log
raven_native,longdoc,fixed_target,,codelion/finepdfs-1B,4k,,nll_nats_per_token,1.3596494495868683,8,/home/sagemaker-user/atma/benchmarks/logs/atma_10b/longdoc_longdoc_fixed_target_raven_native_1582d200f4.log
raven_native,longdoc,fixed_target,,codelion/finepdfs-1B,4k,,perplexity,3.8948277289886692,8,/home/sagemaker-user/atma/benchmarks/logs/atma_10b/longdoc_longdoc_fixed_target_raven_native_1582d200f4.log
raven_native,longdoc,fixed_target,,codelion/finepdfs-1B,64k,,bits_per_byte,1.0964105003297069,8,/home/sagemaker-user/atma/benchmarks/logs/atma_10b/longdoc_longdoc_fixed_target_raven_native_1582d200f4.log
raven_native,longdoc,fixed_target,,codelion/finepdfs-1B,64k,,nll_nats_per_token,1.3492504432797432,8,/home/sagemaker-user/atma/benchmarks/logs/atma_10b/longdoc_longdoc_fixed_target_raven_native_1582d200f4.log
raven_native,longdoc,fixed_target,,codelion/finepdfs-1B,64k,,perplexity,3.854535254815727,8,/home/sagemaker-user/atma/benchmarks/logs/atma_10b/longdoc_longdoc_fixed_target_raven_native_1582d200f4.log
raven_native,longdoc,fixed_target,,codelion/finepdfs-1B,8k,,bits_per_byte,1.1059847264464813,8,/home/sagemaker-user/atma/benchmarks/logs/atma_10b/longdoc_longdoc_fixed_target_raven_native_1582d200f4.log
raven_native,longdoc,fixed_target,,codelion/finepdfs-1B,8k,,nll_nats_per_token,1.3610325530171394,8,/home/sagemaker-user/atma/benchmarks/logs/atma_10b/longdoc_longdoc_fixed_target_raven_native_1582d200f4.log
raven_native,longdoc,fixed_target,,codelion/finepdfs-1B,8k,,perplexity,3.9002184056532894,8,/home/sagemaker-user/atma/benchmarks/logs/atma_10b/longdoc_longdoc_fixed_target_raven_native_1582d200f4.log
raven_native,longdoc,fixed_target,,emozilla/pg19,128k,,bits_per_byte,1.260398213586988,5,/home/sagemaker-user/atma/benchmarks/logs/atma_10b/longdoc_longdoc_fixed_target_raven_native_1582d200f4.log
raven_native,longdoc,fixed_target,,emozilla/pg19,128k,,nll_nats_per_token,3.4392807483673096,5,/home/sagemaker-user/atma/benchmarks/logs/atma_10b/longdoc_longdoc_fixed_target_raven_native_1582d200f4.log
raven_native,longdoc,fixed_target,,emozilla/pg19,128k,,perplexity,31.164534962658564,5,/home/sagemaker-user/atma/benchmarks/logs/atma_10b/longdoc_longdoc_fixed_target_raven_native_1582d200f4.log
raven_native,longdoc,fixed_target,,emozilla/pg19,16k,,bits_per_byte,1.2521250692267276,5,/home/sagemaker-user/atma/benchmarks/logs/atma_10b/longdoc_longdoc_fixed_target_raven_native_1582d200f4.log
raven_native,longdoc,fixed_target,,emozilla/pg19,16k,,nll_nats_per_token,3.41670560836792,5,/home/sagemaker-user/atma/benchmarks/logs/atma_10b/longdoc_longdoc_fixed_target_raven_native_1582d200f4.log
raven_native,longdoc,fixed_target,,emozilla/pg19,16k,,perplexity,30.468873099172242,5,/home/sagemaker-user/atma/benchmarks/logs/atma_10b/longdoc_longdoc_fixed_target_raven_native_1582d200f4.log
raven_native,longdoc,fixed_target,,emozilla/pg19,256k,,bits_per_byte,1.262873000996969,5,/home/sagemaker-user/atma/benchmarks/logs/atma_10b/longdoc_longdoc_fixed_target_raven_native_1582d200f4.log
raven_native,longdoc,fixed_target,,emozilla/pg19,256k,,nll_nats_per_token,3.446033763885498,5,/home/sagemaker-user/atma/benchmarks/logs/atma_10b/longdoc_longdoc_fixed_target_raven_native_1582d200f4.log
raven_native,longdoc,fixed_target,,emozilla/pg19,256k,,perplexity,31.375701754700476,5,/home/sagemaker-user/atma/benchmarks/logs/atma_10b/longdoc_longdoc_fixed_target_raven_native_1582d200f4.log
raven_native,longdoc,fixed_target,,emozilla/pg19,2k,,bits_per_byte,1.2519097457191561,5,/home/sagemaker-user/atma/benchmarks/logs/atma_10b/longdoc_longdoc_fixed_target_raven_native_1582d200f4.log
raven_native,longdoc,fixed_target,,emozilla/pg19,2k,,nll_nats_per_token,3.416118049621582,5,/home/sagemaker-user/atma/benchmarks/logs/atma_10b/longdoc_longdoc_fixed_target_raven_native_1582d200f4.log
raven_native,longdoc,fixed_target,,emozilla/pg19,2k,,perplexity,30.45097610457449,5,/home/sagemaker-user/atma/benchmarks/logs/atma_10b/longdoc_longdoc_fixed_target_raven_native_1582d200f4.log
raven_native,longdoc,fixed_target,,emozilla/pg19,32k,,bits_per_byte,1.2522849454457483,5,/home/sagemaker-user/atma/benchmarks/logs/atma_10b/longdoc_longdoc_fixed_target_raven_native_1582d200f4.log
raven_native,longdoc,fixed_target,,emozilla/pg19,32k,,nll_nats_per_token,3.41714186668396,5,/home/sagemaker-user/atma/benchmarks/logs/atma_10b/longdoc_longdoc_fixed_target_raven_native_1582d200f4.log
raven_native,longdoc,fixed_target,,emozilla/pg19,32k,,perplexity,30.482168298301858,5,/home/sagemaker-user/atma/benchmarks/logs/atma_10b/longdoc_longdoc_fixed_target_raven_native_1582d200f4.log
raven_native,longdoc,fixed_target,,emozilla/pg19,4k,,bits_per_byte,1.253165636415931,5,/home/sagemaker-user/atma/benchmarks/logs/atma_10b/longdoc_longdoc_fixed_target_raven_native_1582d200f4.log
raven_native,longdoc,fixed_target,,emozilla/pg19,4k,,nll_nats_per_token,3.419545030593872,5,/home/sagemaker-user/atma/benchmarks/logs/atma_10b/longdoc_longdoc_fixed_target_raven_native_1582d200f4.log
raven_native,longdoc,fixed_target,,emozilla/pg19,4k,,perplexity,30.55551003586369,5,/home/sagemaker-user/atma/benchmarks/logs/atma_10b/longdoc_longdoc_fixed_target_raven_native_1582d200f4.log
raven_native,longdoc,fixed_target,,emozilla/pg19,64k,,bits_per_byte,1.2554963622290594,5,/home/sagemaker-user/atma/benchmarks/logs/atma_10b/longdoc_longdoc_fixed_target_raven_native_1582d200f4.log
raven_native,longdoc,fixed_target,,emozilla/pg19,64k,,nll_nats_per_token,3.425904941558838,5,/home/sagemaker-user/atma/benchmarks/logs/atma_10b/longdoc_longdoc_fixed_target_raven_native_1582d200f4.log
raven_native,longdoc,fixed_target,,emozilla/pg19,64k,,perplexity,30.7504596331042,5,/home/sagemaker-user/atma/benchmarks/logs/atma_10b/longdoc_longdoc_fixed_target_raven_native_1582d200f4.log
raven_native,longdoc,fixed_target,,emozilla/pg19,8k,,bits_per_byte,1.2470684792176427,5,/home/sagemaker-user/atma/benchmarks/logs/atma_10b/longdoc_longdoc_fixed_target_raven_native_1582d200f4.log
raven_native,longdoc,fixed_target,,emozilla/pg19,8k,,nll_nats_per_token,3.4029075622558596,5,/home/sagemaker-user/atma/benchmarks/logs/atma_10b/longdoc_longdoc_fixed_target_raven_native_1582d200f4.log
raven_native,longdoc,fixed_target,,emozilla/pg19,8k,,perplexity,30.051349313595743,5,/home/sagemaker-user/atma/benchmarks/logs/atma_10b/longdoc_longdoc_fixed_target_raven_native_1582d200f4.log
raven_native,longdoc,fixed_target,,hoskinson-center/proof-pile,128k,,bits_per_byte,2.4261758739834702,5,/home/sagemaker-user/atma/benchmarks/logs/atma_10b/longdoc_longdoc_fixed_target_raven_native_1582d200f4.log
raven_native,longdoc,fixed_target,,hoskinson-center/proof-pile,128k,,nll_nats_per_token,4.254167795181274,5,/home/sagemaker-user/atma/benchmarks/logs/atma_10b/longdoc_longdoc_fixed_target_raven_native_1582d200f4.log
raven_native,longdoc,fixed_target,,hoskinson-center/proof-pile,128k,,perplexity,70.39820707684751,5,/home/sagemaker-user/atma/benchmarks/logs/atma_10b/longdoc_longdoc_fixed_target_raven_native_1582d200f4.log
raven_native,longdoc,fixed_target,,hoskinson-center/proof-pile,16k,,bits_per_byte,2.389064829987025,5,/home/sagemaker-user/atma/benchmarks/logs/atma_10b/longdoc_longdoc_fixed_target_raven_native_1582d200f4.log
raven_native,longdoc,fixed_target,,hoskinson-center/proof-pile,16k,,nll_nats_per_token,4.189095592498779,5,/home/sagemaker-user/atma/benchmarks/logs/atma_10b/longdoc_longdoc_fixed_target_raven_native_1582d200f4.log
raven_native,longdoc,fixed_target,,hoskinson-center/proof-pile,16k,,perplexity,65.96310644664301,5,/home/sagemaker-user/atma/benchmarks/logs/atma_10b/longdoc_longdoc_fixed_target_raven_native_1582d200f4.log
raven_native,longdoc,fixed_target,,hoskinson-center/proof-pile,256k,,bits_per_byte,2.4367600283707707,5,/home/sagemaker-user/atma/benchmarks/logs/atma_10b/longdoc_longdoc_fixed_target_raven_native_1582d200f4.log
raven_native,longdoc,fixed_target,,hoskinson-center/proof-pile,256k,,nll_nats_per_token,4.272726535797119,5,/home/sagemaker-user/atma/benchmarks/logs/atma_10b/longdoc_longdoc_fixed_target_raven_native_1582d200f4.log
raven_native,longdoc,fixed_target,,hoskinson-center/proof-pile,256k,,perplexity,71.71690800660956,5,/home/sagemaker-user/atma/benchmarks/logs/atma_10b/longdoc_longdoc_fixed_target_raven_native_1582d200f4.log
raven_native,longdoc,fixed_target,,hoskinson-center/proof-pile,2k,,bits_per_byte,2.337389339066192,5,/home/sagemaker-user/atma/benchmarks/logs/atma_10b/longdoc_longdoc_fixed_target_raven_native_1582d200f4.log
raven_native,longdoc,fixed_target,,hoskinson-center/proof-pile,2k,,nll_nats_per_token,4.0984854221344,5,/home/sagemaker-user/atma/benchmarks/logs/atma_10b/longdoc_longdoc_fixed_target_raven_native_1582d200f4.log
raven_native,longdoc,fixed_target,,hoskinson-center/proof-pile,2k,,perplexity,60.248966707119656,5,/home/sagemaker-user/atma/benchmarks/logs/atma_10b/longdoc_longdoc_fixed_target_raven_native_1582d200f4.log
raven_native,longdoc,fixed_target,,hoskinson-center/proof-pile,32k,,bits_per_byte,2.403962651736079,5,/home/sagemaker-user/atma/benchmarks/logs/atma_10b/longdoc_longdoc_fixed_target_raven_native_1582d200f4.log
raven_native,longdoc,fixed_target,,hoskinson-center/proof-pile,32k,,nll_nats_per_token,4.215218114852905,5,/home/sagemaker-user/atma/benchmarks/logs/atma_10b/longdoc_longdoc_fixed_target_raven_native_1582d200f4.log
raven_native,longdoc,fixed_target,,hoskinson-center/proof-pile,32k,,perplexity,67.70893258432456,5,/home/sagemaker-user/atma/benchmarks/logs/atma_10b/longdoc_longdoc_fixed_target_raven_native_1582d200f4.log
raven_native,longdoc,fixed_target,,hoskinson-center/proof-pile,4k,,bits_per_byte,2.351714476221671,5,/home/sagemaker-user/atma/benchmarks/logs/atma_10b/longdoc_longdoc_fixed_target_raven_native_1582d200f4.log
raven_native,longdoc,fixed_target,,hoskinson-center/proof-pile,4k,,nll_nats_per_token,4.123603773117066,5,/home/sagemaker-user/atma/benchmarks/logs/atma_10b/longdoc_longdoc_fixed_target_raven_native_1582d200f4.log
raven_native,longdoc,fixed_target,,hoskinson-center/proof-pile,4k,,perplexity,61.78148802793317,5,/home/sagemaker-user/atma/benchmarks/logs/atma_10b/longdoc_longdoc_fixed_target_raven_native_1582d200f4.log
raven_native,longdoc,fixed_target,,hoskinson-center/proof-pile,64k,,bits_per_byte,2.4145212434889727,5,/home/sagemaker-user/atma/benchmarks/logs/atma_10b/longdoc_longdoc_fixed_target_raven_native_1582d200f4.log
raven_native,longdoc,fixed_target,,hoskinson-center/proof-pile,64k,,nll_nats_per_token,4.233732032775879,5,/home/sagemaker-user/atma/benchmarks/logs/atma_10b/longdoc_longdoc_fixed_target_raven_native_1582d200f4.log
raven_native,longdoc,fixed_target,,hoskinson-center/proof-pile,64k,,perplexity,68.97416628162641,5,/home/sagemaker-user/atma/benchmarks/logs/atma_10b/longdoc_longdoc_fixed_target_raven_native_1582d200f4.log
raven_native,longdoc,fixed_target,,hoskinson-center/proof-pile,8k,,bits_per_byte,2.364368279389948,5,/home/sagemaker-user/atma/benchmarks/logs/atma_10b/longdoc_longdoc_fixed_target_raven_native_1582d200f4.log
raven_native,longdoc,fixed_target,,hoskinson-center/proof-pile,8k,,nll_nats_per_token,4.145791530609131,5,/home/sagemaker-user/atma/benchmarks/logs/atma_10b/longdoc_longdoc_fixed_target_raven_native_1582d200f4.log
raven_native,longdoc,fixed_target,,hoskinson-center/proof-pile,8k,,perplexity,63.16760120892212,5,/home/sagemaker-user/atma/benchmarks/logs/atma_10b/longdoc_longdoc_fixed_target_raven_native_1582d200f4.log
raven_native,retrieval,real,niah,codelion/finepdfs-1B,128k,0.1,exact_match,0.0,50,/home/sagemaker-user/atma/benchmarks/logs/atma_10b/retrieval_retrieval_real_raven_native_b4a6fae9c8.log
raven_native,retrieval,real,niah,codelion/finepdfs-1B,128k,0.1,nll_nats_per_token,4.385336837768555,50,/home/sagemaker-user/atma/benchmarks/logs/atma_10b/retrieval_retrieval_real_raven_native_b4a6fae9c8.log
raven_native,retrieval,real,niah,codelion/finepdfs-1B,128k,0.1,token_accuracy,3.6,50,/home/sagemaker-user/atma/benchmarks/logs/atma_10b/retrieval_retrieval_real_raven_native_b4a6fae9c8.log
raven_native,retrieval,real,niah,codelion/finepdfs-1B,128k,0.5,exact_match,0.0,50,/home/sagemaker-user/atma/benchmarks/logs/atma_10b/retrieval_retrieval_real_raven_native_b4a6fae9c8.log
raven_native,retrieval,real,niah,codelion/finepdfs-1B,128k,0.5,nll_nats_per_token,4.382929817199707,50,/home/sagemaker-user/atma/benchmarks/logs/atma_10b/retrieval_retrieval_real_raven_native_b4a6fae9c8.log
raven_native,retrieval,real,niah,codelion/finepdfs-1B,128k,0.5,token_accuracy,4.0,50,/home/sagemaker-user/atma/benchmarks/logs/atma_10b/retrieval_retrieval_real_raven_native_b4a6fae9c8.log
raven_native,retrieval,real,niah,codelion/finepdfs-1B,128k,0.9,exact_match,0.0,50,/home/sagemaker-user/atma/benchmarks/logs/atma_10b/retrieval_retrieval_real_raven_native_b4a6fae9c8.log
raven_native,retrieval,real,niah,codelion/finepdfs-1B,128k,0.9,nll_nats_per_token,4.383940055847168,50,/home/sagemaker-user/atma/benchmarks/logs/atma_10b/retrieval_retrieval_real_raven_native_b4a6fae9c8.log
raven_native,retrieval,real,niah,codelion/finepdfs-1B,128k,0.9,token_accuracy,4.0,50,/home/sagemaker-user/atma/benchmarks/logs/atma_10b/retrieval_retrieval_real_raven_native_b4a6fae9c8.log
raven_native,retrieval,real,niah,codelion/finepdfs-1B,16k,0.1,exact_match,0.0,50,/home/sagemaker-user/atma/benchmarks/logs/atma_10b/retrieval_retrieval_real_raven_native_b4a6fae9c8.log
raven_native,retrieval,real,niah,codelion/finepdfs-1B,16k,0.1,nll_nats_per_token,4.689694664001465,50,/home/sagemaker-user/atma/benchmarks/logs/atma_10b/retrieval_retrieval_real_raven_native_b4a6fae9c8.log
raven_native,retrieval,real,niah,codelion/finepdfs-1B,16k,0.1,token_accuracy,2.8,50,/home/sagemaker-user/atma/benchmarks/logs/atma_10b/retrieval_retrieval_real_raven_native_b4a6fae9c8.log
raven_native,retrieval,real,niah,codelion/finepdfs-1B,16k,0.5,exact_match,0.0,50,/home/sagemaker-user/atma/benchmarks/logs/atma_10b/retrieval_retrieval_real_raven_native_b4a6fae9c8.log
raven_native,retrieval,real,niah,codelion/finepdfs-1B,16k,0.5,nll_nats_per_token,4.684664505004883,50,/home/sagemaker-user/atma/benchmarks/logs/atma_10b/retrieval_retrieval_real_raven_native_b4a6fae9c8.log
raven_native,retrieval,real,niah,codelion/finepdfs-1B,16k,0.5,token_accuracy,2.8,50,/home/sagemaker-user/atma/benchmarks/logs/atma_10b/retrieval_retrieval_real_raven_native_b4a6fae9c8.log
raven_native,retrieval,real,niah,codelion/finepdfs-1B,16k,0.9,exact_match,0.0,50,/home/sagemaker-user/atma/benchmarks/logs/atma_10b/retrieval_retrieval_real_raven_native_b4a6fae9c8.log
raven_native,retrieval,real,niah,codelion/finepdfs-1B,16k,0.9,nll_nats_per_token,4.638369720458984,50,/home/sagemaker-user/atma/benchmarks/logs/atma_10b/retrieval_retrieval_real_raven_native_b4a6fae9c8.log
raven_native,retrieval,real,niah,codelion/finepdfs-1B,16k,0.9,token_accuracy,2.8,50,/home/sagemaker-user/atma/benchmarks/logs/atma_10b/retrieval_retrieval_real_raven_native_b4a6fae9c8.log
raven_native,retrieval,real,niah,codelion/finepdfs-1B,256k,0.1,exact_match,0.0,50,/home/sagemaker-user/atma/benchmarks/logs/atma_10b/retrieval_retrieval_real_raven_native_b4a6fae9c8.log
raven_native,retrieval,real,niah,codelion/finepdfs-1B,256k,0.1,nll_nats_per_token,4.80387393951416,50,/home/sagemaker-user/atma/benchmarks/logs/atma_10b/retrieval_retrieval_real_raven_native_b4a6fae9c8.log
raven_native,retrieval,real,niah,codelion/finepdfs-1B,256k,0.1,token_accuracy,6.0,50,/home/sagemaker-user/atma/benchmarks/logs/atma_10b/retrieval_retrieval_real_raven_native_b4a6fae9c8.log
raven_native,retrieval,real,niah,codelion/finepdfs-1B,256k,0.5,exact_match,0.0,50,/home/sagemaker-user/atma/benchmarks/logs/atma_10b/retrieval_retrieval_real_raven_native_b4a6fae9c8.log
raven_native,retrieval,real,niah,codelion/finepdfs-1B,256k,0.5,nll_nats_per_token,4.80431810760498,50,/home/sagemaker-user/atma/benchmarks/logs/atma_10b/retrieval_retrieval_real_raven_native_b4a6fae9c8.log
raven_native,retrieval,real,niah,codelion/finepdfs-1B,256k,0.5,token_accuracy,6.0,50,/home/sagemaker-user/atma/benchmarks/logs/atma_10b/retrieval_retrieval_real_raven_native_b4a6fae9c8.log
raven_native,retrieval,real,niah,codelion/finepdfs-1B,256k,0.9,exact_match,0.0,50,/home/sagemaker-user/atma/benchmarks/logs/atma_10b/retrieval_retrieval_real_raven_native_b4a6fae9c8.log
raven_native,retrieval,real,niah,codelion/finepdfs-1B,256k,0.9,nll_nats_per_token,4.80357772064209,50,/home/sagemaker-user/atma/benchmarks/logs/atma_10b/retrieval_retrieval_real_raven_native_b4a6fae9c8.log
raven_native,retrieval,real,niah,codelion/finepdfs-1B,256k,0.9,token_accuracy,6.0,50,/home/sagemaker-user/atma/benchmarks/logs/atma_10b/retrieval_retrieval_real_raven_native_b4a6fae9c8.log
raven_native,retrieval,real,niah,codelion/finepdfs-1B,2k,0.1,exact_match,0.0,50,/home/sagemaker-user/atma/benchmarks/logs/atma_10b/retrieval_retrieval_real_raven_native_b4a6fae9c8.log
raven_native,retrieval,real,niah,codelion/finepdfs-1B,2k,0.1,nll_nats_per_token,4.266151977539063,50,/home/sagemaker-user/atma/benchmarks/logs/atma_10b/retrieval_retrieval_real_raven_native_b4a6fae9c8.log
raven_native,retrieval,real,niah,codelion/finepdfs-1B,2k,0.1,token_accuracy,5.6,50,/home/sagemaker-user/atma/benchmarks/logs/atma_10b/retrieval_retrieval_real_raven_native_b4a6fae9c8.log
raven_native,retrieval,real,niah,codelion/finepdfs-1B,2k,0.5,exact_match,0.0,50,/home/sagemaker-user/atma/benchmarks/logs/atma_10b/retrieval_retrieval_real_raven_native_b4a6fae9c8.log
raven_native,retrieval,real,niah,codelion/finepdfs-1B,2k,0.5,nll_nats_per_token,3.543039264678955,50,/home/sagemaker-user/atma/benchmarks/logs/atma_10b/retrieval_retrieval_real_raven_native_b4a6fae9c8.log
raven_native,retrieval,real,niah,codelion/finepdfs-1B,2k,0.5,token_accuracy,14.4,50,/home/sagemaker-user/atma/benchmarks/logs/atma_10b/retrieval_retrieval_real_raven_native_b4a6fae9c8.log
raven_native,retrieval,real,niah,codelion/finepdfs-1B,2k,0.9,exact_match,0.0,50,/home/sagemaker-user/atma/benchmarks/logs/atma_10b/retrieval_retrieval_real_raven_native_b4a6fae9c8.log
raven_native,retrieval,real,niah,codelion/finepdfs-1B,2k,0.9,nll_nats_per_token,2.537760274887085,50,/home/sagemaker-user/atma/benchmarks/logs/atma_10b/retrieval_retrieval_real_raven_native_b4a6fae9c8.log
raven_native,retrieval,real,niah,codelion/finepdfs-1B,2k,0.9,token_accuracy,47.2,50,/home/sagemaker-user/atma/benchmarks/logs/atma_10b/retrieval_retrieval_real_raven_native_b4a6fae9c8.log
raven_native,retrieval,real,niah,codelion/finepdfs-1B,32k,0.1,exact_match,0.0,50,/home/sagemaker-user/atma/benchmarks/logs/atma_10b/retrieval_retrieval_real_raven_native_b4a6fae9c8.log
raven_native,retrieval,real,niah,codelion/finepdfs-1B,32k,0.1,nll_nats_per_token,4.9281492462158205,50,/home/sagemaker-user/atma/benchmarks/logs/atma_10b/retrieval_retrieval_real_raven_native_b4a6fae9c8.log
raven_native,retrieval,real,niah,codelion/finepdfs-1B,32k,0.1,token_accuracy,4.4,50,/home/sagemaker-user/atma/benchmarks/logs/atma_10b/retrieval_retrieval_real_raven_native_b4a6fae9c8.log
raven_native,retrieval,real,niah,codelion/finepdfs-1B,32k,0.5,exact_match,0.0,50,/home/sagemaker-user/atma/benchmarks/logs/atma_10b/retrieval_retrieval_real_raven_native_b4a6fae9c8.log
raven_native,retrieval,real,niah,codelion/finepdfs-1B,32k,0.5,nll_nats_per_token,4.928074867248535,50,/home/sagemaker-user/atma/benchmarks/logs/atma_10b/retrieval_retrieval_real_raven_native_b4a6fae9c8.log
raven_native,retrieval,real,niah,codelion/finepdfs-1B,32k,0.5,token_accuracy,4.4,50,/home/sagemaker-user/atma/benchmarks/logs/atma_10b/retrieval_retrieval_real_raven_native_b4a6fae9c8.log
raven_native,retrieval,real,niah,codelion/finepdfs-1B,32k,0.9,exact_match,0.0,50,/home/sagemaker-user/atma/benchmarks/logs/atma_10b/retrieval_retrieval_real_raven_native_b4a6fae9c8.log
raven_native,retrieval,real,niah,codelion/finepdfs-1B,32k,0.9,nll_nats_per_token,4.216040626525879,50,/home/sagemaker-user/atma/benchmarks/logs/atma_10b/retrieval_retrieval_real_raven_native_b4a6fae9c8.log
raven_native,retrieval,real,niah,codelion/finepdfs-1B,32k,0.9,token_accuracy,7.6,50,/home/sagemaker-user/atma/benchmarks/logs/atma_10b/retrieval_retrieval_real_raven_native_b4a6fae9c8.log
raven_native,retrieval,real,niah,codelion/finepdfs-1B,4k,0.1,exact_match,0.0,50,/home/sagemaker-user/atma/benchmarks/logs/atma_10b/retrieval_retrieval_real_raven_native_b4a6fae9c8.log
raven_native,retrieval,real,niah,codelion/finepdfs-1B,4k,0.1,nll_nats_per_token,4.600875076293946,50,/home/sagemaker-user/atma/benchmarks/logs/atma_10b/retrieval_retrieval_real_raven_native_b4a6fae9c8.log
raven_native,retrieval,real,niah,codelion/finepdfs-1B,4k,0.1,token_accuracy,2.8,50,/home/sagemaker-user/atma/benchmarks/logs/atma_10b/retrieval_retrieval_real_raven_native_b4a6fae9c8.log
raven_native,retrieval,real,niah,codelion/finepdfs-1B,4k,0.5,exact_match,0.0,50,/home/sagemaker-user/atma/benchmarks/logs/atma_10b/retrieval_retrieval_real_raven_native_b4a6fae9c8.log
raven_native,retrieval,real,niah,codelion/finepdfs-1B,4k,0.5,nll_nats_per_token,3.9251022338867188,50,/home/sagemaker-user/atma/benchmarks/logs/atma_10b/retrieval_retrieval_real_raven_native_b4a6fae9c8.log
raven_native,retrieval,real,niah,codelion/finepdfs-1B,4k,0.5,token_accuracy,14.8,50,/home/sagemaker-user/atma/benchmarks/logs/atma_10b/retrieval_retrieval_real_raven_native_b4a6fae9c8.log
raven_native,retrieval,real,niah,codelion/finepdfs-1B,4k,0.9,exact_match,0.0,50,/home/sagemaker-user/atma/benchmarks/logs/atma_10b/retrieval_retrieval_real_raven_native_b4a6fae9c8.log
raven_native,retrieval,real,niah,codelion/finepdfs-1B,4k,0.9,nll_nats_per_token,3.7355108413696287,50,/home/sagemaker-user/atma/benchmarks/logs/atma_10b/retrieval_retrieval_real_raven_native_b4a6fae9c8.log
raven_native,retrieval,real,niah,codelion/finepdfs-1B,4k,0.9,token_accuracy,18.8,50,/home/sagemaker-user/atma/benchmarks/logs/atma_10b/retrieval_retrieval_real_raven_native_b4a6fae9c8.log
raven_native,retrieval,real,niah,codelion/finepdfs-1B,64k,0.1,exact_match,0.0,50,/home/sagemaker-user/atma/benchmarks/logs/atma_10b/retrieval_retrieval_real_raven_native_b4a6fae9c8.log
raven_native,retrieval,real,niah,codelion/finepdfs-1B,64k,0.1,nll_nats_per_token,5.498975593566895,50,/home/sagemaker-user/atma/benchmarks/logs/atma_10b/retrieval_retrieval_real_raven_native_b4a6fae9c8.log
raven_native,retrieval,real,niah,codelion/finepdfs-1B,64k,0.1,token_accuracy,1.6,50,/home/sagemaker-user/atma/benchmarks/logs/atma_10b/retrieval_retrieval_real_raven_native_b4a6fae9c8.log
raven_native,retrieval,real,niah,codelion/finepdfs-1B,64k,0.5,exact_match,0.0,50,/home/sagemaker-user/atma/benchmarks/logs/atma_10b/retrieval_retrieval_real_raven_native_b4a6fae9c8.log
raven_native,retrieval,real,niah,codelion/finepdfs-1B,64k,0.5,nll_nats_per_token,5.497040969848633,50,/home/sagemaker-user/atma/benchmarks/logs/atma_10b/retrieval_retrieval_real_raven_native_b4a6fae9c8.log
raven_native,retrieval,real,niah,codelion/finepdfs-1B,64k,0.5,token_accuracy,1.6,50,/home/sagemaker-user/atma/benchmarks/logs/atma_10b/retrieval_retrieval_real_raven_native_b4a6fae9c8.log
raven_native,retrieval,real,niah,codelion/finepdfs-1B,64k,0.9,exact_match,0.0,50,/home/sagemaker-user/atma/benchmarks/logs/atma_10b/retrieval_retrieval_real_raven_native_b4a6fae9c8.log
raven_native,retrieval,real,niah,codelion/finepdfs-1B,64k,0.9,nll_nats_per_token,5.380934707641601,50,/home/sagemaker-user/atma/benchmarks/logs/atma_10b/retrieval_retrieval_real_raven_native_b4a6fae9c8.log
raven_native,retrieval,real,niah,codelion/finepdfs-1B,64k,0.9,token_accuracy,1.6,50,/home/sagemaker-user/atma/benchmarks/logs/atma_10b/retrieval_retrieval_real_raven_native_b4a6fae9c8.log
raven_native,retrieval,real,niah,codelion/finepdfs-1B,8k,0.1,exact_match,0.0,50,/home/sagemaker-user/atma/benchmarks/logs/atma_10b/retrieval_retrieval_real_raven_native_b4a6fae9c8.log
raven_native,retrieval,real,niah,codelion/finepdfs-1B,8k,0.1,nll_nats_per_token,4.430176292419434,50,/home/sagemaker-user/atma/benchmarks/logs/atma_10b/retrieval_retrieval_real_raven_native_b4a6fae9c8.log
raven_native,retrieval,real,niah,codelion/finepdfs-1B,8k,0.1,token_accuracy,3.2,50,/home/sagemaker-user/atma/benchmarks/logs/atma_10b/retrieval_retrieval_real_raven_native_b4a6fae9c8.log
raven_native,retrieval,real,niah,codelion/finepdfs-1B,8k,0.5,exact_match,0.0,50,/home/sagemaker-user/atma/benchmarks/logs/atma_10b/retrieval_retrieval_real_raven_native_b4a6fae9c8.log
raven_native,retrieval,real,niah,codelion/finepdfs-1B,8k,0.5,nll_nats_per_token,4.409993370056152,50,/home/sagemaker-user/atma/benchmarks/logs/atma_10b/retrieval_retrieval_real_raven_native_b4a6fae9c8.log
raven_native,retrieval,real,niah,codelion/finepdfs-1B,8k,0.5,token_accuracy,3.2,50,/home/sagemaker-user/atma/benchmarks/logs/atma_10b/retrieval_retrieval_real_raven_native_b4a6fae9c8.log
raven_native,retrieval,real,niah,codelion/finepdfs-1B,8k,0.9,exact_match,0.0,50,/home/sagemaker-user/atma/benchmarks/logs/atma_10b/retrieval_retrieval_real_raven_native_b4a6fae9c8.log
raven_native,retrieval,real,niah,codelion/finepdfs-1B,8k,0.9,nll_nats_per_token,3.182479061126709,50,/home/sagemaker-user/atma/benchmarks/logs/atma_10b/retrieval_retrieval_real_raven_native_b4a6fae9c8.log
raven_native,retrieval,real,niah,codelion/finepdfs-1B,8k,0.9,token_accuracy,16.4,50,/home/sagemaker-user/atma/benchmarks/logs/atma_10b/retrieval_retrieval_real_raven_native_b4a6fae9c8.log
raven_native,retrieval,real,passkey,codelion/finepdfs-1B,128k,0.1,exact_match,0.0,50,/home/sagemaker-user/atma/benchmarks/logs/atma_10b/retrieval_retrieval_real_raven_native_b4a6fae9c8.log
raven_native,retrieval,real,passkey,codelion/finepdfs-1B,128k,0.1,nll_nats_per_token,5.167660453796387,50,/home/sagemaker-user/atma/benchmarks/logs/atma_10b/retrieval_retrieval_real_raven_native_b4a6fae9c8.log
raven_native,retrieval,real,passkey,codelion/finepdfs-1B,128k,0.1,token_accuracy,3.6,50,/home/sagemaker-user/atma/benchmarks/logs/atma_10b/retrieval_retrieval_real_raven_native_b4a6fae9c8.log
raven_native,retrieval,real,passkey,codelion/finepdfs-1B,128k,0.5,exact_match,0.0,50,/home/sagemaker-user/atma/benchmarks/logs/atma_10b/retrieval_retrieval_real_raven_native_b4a6fae9c8.log
raven_native,retrieval,real,passkey,codelion/finepdfs-1B,128k,0.5,nll_nats_per_token,5.167140853881836,50,/home/sagemaker-user/atma/benchmarks/logs/atma_10b/retrieval_retrieval_real_raven_native_b4a6fae9c8.log
raven_native,retrieval,real,passkey,codelion/finepdfs-1B,128k,0.5,token_accuracy,3.6,50,/home/sagemaker-user/atma/benchmarks/logs/atma_10b/retrieval_retrieval_real_raven_native_b4a6fae9c8.log
raven_native,retrieval,real,passkey,codelion/finepdfs-1B,128k,0.9,exact_match,0.0,50,/home/sagemaker-user/atma/benchmarks/logs/atma_10b/retrieval_retrieval_real_raven_native_b4a6fae9c8.log
raven_native,retrieval,real,passkey,codelion/finepdfs-1B,128k,0.9,nll_nats_per_token,5.168549705505371,50,/home/sagemaker-user/atma/benchmarks/logs/atma_10b/retrieval_retrieval_real_raven_native_b4a6fae9c8.log
raven_native,retrieval,real,passkey,codelion/finepdfs-1B,128k,0.9,token_accuracy,3.6,50,/home/sagemaker-user/atma/benchmarks/logs/atma_10b/retrieval_retrieval_real_raven_native_b4a6fae9c8.log
raven_native,retrieval,real,passkey,codelion/finepdfs-1B,16k,0.1,exact_match,0.0,50,/home/sagemaker-user/atma/benchmarks/logs/atma_10b/retrieval_retrieval_real_raven_native_b4a6fae9c8.log
raven_native,retrieval,real,passkey,codelion/finepdfs-1B,16k,0.1,nll_nats_per_token,5.27451668548584,50,/home/sagemaker-user/atma/benchmarks/logs/atma_10b/retrieval_retrieval_real_raven_native_b4a6fae9c8.log
raven_native,retrieval,real,passkey,codelion/finepdfs-1B,16k,0.1,token_accuracy,3.6,50,/home/sagemaker-user/atma/benchmarks/logs/atma_10b/retrieval_retrieval_real_raven_native_b4a6fae9c8.log
raven_native,retrieval,real,passkey,codelion/finepdfs-1B,16k,0.5,exact_match,0.0,50,/home/sagemaker-user/atma/benchmarks/logs/atma_10b/retrieval_retrieval_real_raven_native_b4a6fae9c8.log
raven_native,retrieval,real,passkey,codelion/finepdfs-1B,16k,0.5,nll_nats_per_token,5.277461982727051,50,/home/sagemaker-user/atma/benchmarks/logs/atma_10b/retrieval_retrieval_real_raven_native_b4a6fae9c8.log
raven_native,retrieval,real,passkey,codelion/finepdfs-1B,16k,0.5,token_accuracy,3.6,50,/home/sagemaker-user/atma/benchmarks/logs/atma_10b/retrieval_retrieval_real_raven_native_b4a6fae9c8.log
raven_native,retrieval,real,passkey,codelion/finepdfs-1B,16k,0.9,exact_match,0.0,50,/home/sagemaker-user/atma/benchmarks/logs/atma_10b/retrieval_retrieval_real_raven_native_b4a6fae9c8.log
raven_native,retrieval,real,passkey,codelion/finepdfs-1B,16k,0.9,nll_nats_per_token,5.1695560989379885,50,/home/sagemaker-user/atma/benchmarks/logs/atma_10b/retrieval_retrieval_real_raven_native_b4a6fae9c8.log
raven_native,retrieval,real,passkey,codelion/finepdfs-1B,16k,0.9,token_accuracy,4.0,50,/home/sagemaker-user/atma/benchmarks/logs/atma_10b/retrieval_retrieval_real_raven_native_b4a6fae9c8.log
raven_native,retrieval,real,passkey,codelion/finepdfs-1B,256k,0.1,exact_match,0.0,50,/home/sagemaker-user/atma/benchmarks/logs/atma_10b/retrieval_retrieval_real_raven_native_b4a6fae9c8.log
raven_native,retrieval,real,passkey,codelion/finepdfs-1B,256k,0.1,nll_nats_per_token,5.671344276428223,50,/home/sagemaker-user/atma/benchmarks/logs/atma_10b/retrieval_retrieval_real_raven_native_b4a6fae9c8.log
raven_native,retrieval,real,passkey,codelion/finepdfs-1B,256k,0.1,token_accuracy,4.8,50,/home/sagemaker-user/atma/benchmarks/logs/atma_10b/retrieval_retrieval_real_raven_native_b4a6fae9c8.log
raven_native,retrieval,real,passkey,codelion/finepdfs-1B,256k,0.5,exact_match,0.0,50,/home/sagemaker-user/atma/benchmarks/logs/atma_10b/retrieval_retrieval_real_raven_native_b4a6fae9c8.log
raven_native,retrieval,real,passkey,codelion/finepdfs-1B,256k,0.5,nll_nats_per_token,5.675168640136719,50,/home/sagemaker-user/atma/benchmarks/logs/atma_10b/retrieval_retrieval_real_raven_native_b4a6fae9c8.log
raven_native,retrieval,real,passkey,codelion/finepdfs-1B,256k,0.5,token_accuracy,4.8,50,/home/sagemaker-user/atma/benchmarks/logs/atma_10b/retrieval_retrieval_real_raven_native_b4a6fae9c8.log
raven_native,retrieval,real,passkey,codelion/finepdfs-1B,256k,0.9,exact_match,0.0,50,/home/sagemaker-user/atma/benchmarks/logs/atma_10b/retrieval_retrieval_real_raven_native_b4a6fae9c8.log
raven_native,retrieval,real,passkey,codelion/finepdfs-1B,256k,0.9,nll_nats_per_token,5.6785265121459965,50,/home/sagemaker-user/atma/benchmarks/logs/atma_10b/retrieval_retrieval_real_raven_native_b4a6fae9c8.log
raven_native,retrieval,real,passkey,codelion/finepdfs-1B,256k,0.9,token_accuracy,4.8,50,/home/sagemaker-user/atma/benchmarks/logs/atma_10b/retrieval_retrieval_real_raven_native_b4a6fae9c8.log
raven_native,retrieval,real,passkey,codelion/finepdfs-1B,2k,0.1,exact_match,0.0,50,/home/sagemaker-user/atma/benchmarks/logs/atma_10b/retrieval_retrieval_real_raven_native_b4a6fae9c8.log
raven_native,retrieval,real,passkey,codelion/finepdfs-1B,2k,0.1,nll_nats_per_token,4.483171592712402,50,/home/sagemaker-user/atma/benchmarks/logs/atma_10b/retrieval_retrieval_real_raven_native_b4a6fae9c8.log
raven_native,retrieval,real,passkey,codelion/finepdfs-1B,2k,0.1,token_accuracy,3.6,50,/home/sagemaker-user/atma/benchmarks/logs/atma_10b/retrieval_retrieval_real_raven_native_b4a6fae9c8.log
raven_native,retrieval,real,passkey,codelion/finepdfs-1B,2k,0.5,exact_match,0.0,50,/home/sagemaker-user/atma/benchmarks/logs/atma_10b/retrieval_retrieval_real_raven_native_b4a6fae9c8.log
raven_native,retrieval,real,passkey,codelion/finepdfs-1B,2k,0.5,nll_nats_per_token,3.712910369873047,50,/home/sagemaker-user/atma/benchmarks/logs/atma_10b/retrieval_retrieval_real_raven_native_b4a6fae9c8.log
raven_native,retrieval,real,passkey,codelion/finepdfs-1B,2k,0.5,token_accuracy,13.6,50,/home/sagemaker-user/atma/benchmarks/logs/atma_10b/retrieval_retrieval_real_raven_native_b4a6fae9c8.log
raven_native,retrieval,real,passkey,codelion/finepdfs-1B,2k,0.9,exact_match,0.0,50,/home/sagemaker-user/atma/benchmarks/logs/atma_10b/retrieval_retrieval_real_raven_native_b4a6fae9c8.log
raven_native,retrieval,real,passkey,codelion/finepdfs-1B,2k,0.9,nll_nats_per_token,1.9848758354187013,50,/home/sagemaker-user/atma/benchmarks/logs/atma_10b/retrieval_retrieval_real_raven_native_b4a6fae9c8.log
raven_native,retrieval,real,passkey,codelion/finepdfs-1B,2k,0.9,token_accuracy,48.0,50,/home/sagemaker-user/atma/benchmarks/logs/atma_10b/retrieval_retrieval_real_raven_native_b4a6fae9c8.log
raven_native,retrieval,real,passkey,codelion/finepdfs-1B,32k,0.1,exact_match,0.0,50,/home/sagemaker-user/atma/benchmarks/logs/atma_10b/retrieval_retrieval_real_raven_native_b4a6fae9c8.log
raven_native,retrieval,real,passkey,codelion/finepdfs-1B,32k,0.1,nll_nats_per_token,5.4709964370727535,50,/home/sagemaker-user/atma/benchmarks/logs/atma_10b/retrieval_retrieval_real_raven_native_b4a6fae9c8.log
raven_native,retrieval,real,passkey,codelion/finepdfs-1B,32k,0.1,token_accuracy,3.6,50,/home/sagemaker-user/atma/benchmarks/logs/atma_10b/retrieval_retrieval_real_raven_native_b4a6fae9c8.log
raven_native,retrieval,real,passkey,codelion/finepdfs-1B,32k,0.5,exact_match,0.0,50,/home/sagemaker-user/atma/benchmarks/logs/atma_10b/retrieval_retrieval_real_raven_native_b4a6fae9c8.log
raven_native,retrieval,real,passkey,codelion/finepdfs-1B,32k,0.5,nll_nats_per_token,5.466537300109863,50,/home/sagemaker-user/atma/benchmarks/logs/atma_10b/retrieval_retrieval_real_raven_native_b4a6fae9c8.log
raven_native,retrieval,real,passkey,codelion/finepdfs-1B,32k,0.5,token_accuracy,4.0,50,/home/sagemaker-user/atma/benchmarks/logs/atma_10b/retrieval_retrieval_real_raven_native_b4a6fae9c8.log
raven_native,retrieval,real,passkey,codelion/finepdfs-1B,32k,0.9,exact_match,0.0,50,/home/sagemaker-user/atma/benchmarks/logs/atma_10b/retrieval_retrieval_real_raven_native_b4a6fae9c8.log
raven_native,retrieval,real,passkey,codelion/finepdfs-1B,32k,0.9,nll_nats_per_token,4.8156461334228515,50,/home/sagemaker-user/atma/benchmarks/logs/atma_10b/retrieval_retrieval_real_raven_native_b4a6fae9c8.log
raven_native,retrieval,real,passkey,codelion/finepdfs-1B,32k,0.9,token_accuracy,8.0,50,/home/sagemaker-user/atma/benchmarks/logs/atma_10b/retrieval_retrieval_real_raven_native_b4a6fae9c8.log
raven_native,retrieval,real,passkey,codelion/finepdfs-1B,4k,0.1,exact_match,0.0,50,/home/sagemaker-user/atma/benchmarks/logs/atma_10b/retrieval_retrieval_real_raven_native_b4a6fae9c8.log
raven_native,retrieval,real,passkey,codelion/finepdfs-1B,4k,0.1,nll_nats_per_token,4.969739929199219,50,/home/sagemaker-user/atma/benchmarks/logs/atma_10b/retrieval_retrieval_real_raven_native_b4a6fae9c8.log
raven_native,retrieval,real,passkey,codelion/finepdfs-1B,4k,0.1,token_accuracy,3.2,50,/home/sagemaker-user/atma/benchmarks/logs/atma_10b/retrieval_retrieval_real_raven_native_b4a6fae9c8.log
raven_native,retrieval,real,passkey,codelion/finepdfs-1B,4k,0.5,exact_match,0.0,50,/home/sagemaker-user/atma/benchmarks/logs/atma_10b/retrieval_retrieval_real_raven_native_b4a6fae9c8.log
raven_native,retrieval,real,passkey,codelion/finepdfs-1B,4k,0.5,nll_nats_per_token,3.8830018882751465,50,/home/sagemaker-user/atma/benchmarks/logs/atma_10b/retrieval_retrieval_real_raven_native_b4a6fae9c8.log
raven_native,retrieval,real,passkey,codelion/finepdfs-1B,4k,0.5,token_accuracy,21.2,50,/home/sagemaker-user/atma/benchmarks/logs/atma_10b/retrieval_retrieval_real_raven_native_b4a6fae9c8.log
raven_native,retrieval,real,passkey,codelion/finepdfs-1B,4k,0.9,exact_match,0.0,50,/home/sagemaker-user/atma/benchmarks/logs/atma_10b/retrieval_retrieval_real_raven_native_b4a6fae9c8.log
raven_native,retrieval,real,passkey,codelion/finepdfs-1B,4k,0.9,nll_nats_per_token,2.8784088134765624,50,/home/sagemaker-user/atma/benchmarks/logs/atma_10b/retrieval_retrieval_real_raven_native_b4a6fae9c8.log
raven_native,retrieval,real,passkey,codelion/finepdfs-1B,4k,0.9,token_accuracy,31.6,50,/home/sagemaker-user/atma/benchmarks/logs/atma_10b/retrieval_retrieval_real_raven_native_b4a6fae9c8.log
raven_native,retrieval,real,passkey,codelion/finepdfs-1B,64k,0.1,exact_match,0.0,50,/home/sagemaker-user/atma/benchmarks/logs/atma_10b/retrieval_retrieval_real_raven_native_b4a6fae9c8.log
raven_native,retrieval,real,passkey,codelion/finepdfs-1B,64k,0.1,nll_nats_per_token,5.691932220458984,50,/home/sagemaker-user/atma/benchmarks/logs/atma_10b/retrieval_retrieval_real_raven_native_b4a6fae9c8.log
raven_native,retrieval,real,passkey,codelion/finepdfs-1B,64k,0.1,token_accuracy,4.0,50,/home/sagemaker-user/atma/benchmarks/logs/atma_10b/retrieval_retrieval_real_raven_native_b4a6fae9c8.log
raven_native,retrieval,real,passkey,codelion/finepdfs-1B,64k,0.5,exact_match,0.0,50,/home/sagemaker-user/atma/benchmarks/logs/atma_10b/retrieval_retrieval_real_raven_native_b4a6fae9c8.log
raven_native,retrieval,real,passkey,codelion/finepdfs-1B,64k,0.5,nll_nats_per_token,5.68757241821289,50,/home/sagemaker-user/atma/benchmarks/logs/atma_10b/retrieval_retrieval_real_raven_native_b4a6fae9c8.log
raven_native,retrieval,real,passkey,codelion/finepdfs-1B,64k,0.5,token_accuracy,4.0,50,/home/sagemaker-user/atma/benchmarks/logs/atma_10b/retrieval_retrieval_real_raven_native_b4a6fae9c8.log
raven_native,retrieval,real,passkey,codelion/finepdfs-1B,64k,0.9,exact_match,0.0,50,/home/sagemaker-user/atma/benchmarks/logs/atma_10b/retrieval_retrieval_real_raven_native_b4a6fae9c8.log
raven_native,retrieval,real,passkey,codelion/finepdfs-1B,64k,0.9,nll_nats_per_token,5.527791236877442,50,/home/sagemaker-user/atma/benchmarks/logs/atma_10b/retrieval_retrieval_real_raven_native_b4a6fae9c8.log
raven_native,retrieval,real,passkey,codelion/finepdfs-1B,64k,0.9,token_accuracy,4.4,50,/home/sagemaker-user/atma/benchmarks/logs/atma_10b/retrieval_retrieval_real_raven_native_b4a6fae9c8.log
raven_native,retrieval,real,passkey,codelion/finepdfs-1B,8k,0.1,exact_match,0.0,50,/home/sagemaker-user/atma/benchmarks/logs/atma_10b/retrieval_retrieval_real_raven_native_b4a6fae9c8.log
raven_native,retrieval,real,passkey,codelion/finepdfs-1B,8k,0.1,nll_nats_per_token,5.413025642395019,50,/home/sagemaker-user/atma/benchmarks/logs/atma_10b/retrieval_retrieval_real_raven_native_b4a6fae9c8.log
raven_native,retrieval,real,passkey,codelion/finepdfs-1B,8k,0.1,token_accuracy,3.2,50,/home/sagemaker-user/atma/benchmarks/logs/atma_10b/retrieval_retrieval_real_raven_native_b4a6fae9c8.log
raven_native,retrieval,real,passkey,codelion/finepdfs-1B,8k,0.5,exact_match,0.0,50,/home/sagemaker-user/atma/benchmarks/logs/atma_10b/retrieval_retrieval_real_raven_native_b4a6fae9c8.log
raven_native,retrieval,real,passkey,codelion/finepdfs-1B,8k,0.5,nll_nats_per_token,5.356048469543457,50,/home/sagemaker-user/atma/benchmarks/logs/atma_10b/retrieval_retrieval_real_raven_native_b4a6fae9c8.log
raven_native,retrieval,real,passkey,codelion/finepdfs-1B,8k,0.5,token_accuracy,3.2,50,/home/sagemaker-user/atma/benchmarks/logs/atma_10b/retrieval_retrieval_real_raven_native_b4a6fae9c8.log
raven_native,retrieval,real,passkey,codelion/finepdfs-1B,8k,0.9,exact_match,0.0,50,/home/sagemaker-user/atma/benchmarks/logs/atma_10b/retrieval_retrieval_real_raven_native_b4a6fae9c8.log
raven_native,retrieval,real,passkey,codelion/finepdfs-1B,8k,0.9,nll_nats_per_token,3.567619785308838,50,/home/sagemaker-user/atma/benchmarks/logs/atma_10b/retrieval_retrieval_real_raven_native_b4a6fae9c8.log
raven_native,retrieval,real,passkey,codelion/finepdfs-1B,8k,0.9,token_accuracy,20.0,50,/home/sagemaker-user/atma/benchmarks/logs/atma_10b/retrieval_retrieval_real_raven_native_b4a6fae9c8.log
raven_native,retrieval,synthetic,niah,synthetic-filler,128k,0.1,exact_match,0.0,50,/home/sagemaker-user/atma/benchmarks/logs/atma_10b/retrieval_retrieval_synthetic_raven_native_7478f50321.log
raven_native,retrieval,synthetic,niah,synthetic-filler,128k,0.1,nll_nats_per_token,2.1248821868896486,50,/home/sagemaker-user/atma/benchmarks/logs/atma_10b/retrieval_retrieval_synthetic_raven_native_7478f50321.log
raven_native,retrieval,synthetic,niah,synthetic-filler,128k,0.1,token_accuracy,41.6,50,/home/sagemaker-user/atma/benchmarks/logs/atma_10b/retrieval_retrieval_synthetic_raven_native_7478f50321.log
raven_native,retrieval,synthetic,niah,synthetic-filler,128k,0.5,exact_match,0.0,50,/home/sagemaker-user/atma/benchmarks/logs/atma_10b/retrieval_retrieval_synthetic_raven_native_7478f50321.log
raven_native,retrieval,synthetic,niah,synthetic-filler,128k,0.5,nll_nats_per_token,2.269191144943237,50,/home/sagemaker-user/atma/benchmarks/logs/atma_10b/retrieval_retrieval_synthetic_raven_native_7478f50321.log
raven_native,retrieval,synthetic,niah,synthetic-filler,128k,0.5,token_accuracy,39.2,50,/home/sagemaker-user/atma/benchmarks/logs/atma_10b/retrieval_retrieval_synthetic_raven_native_7478f50321.log
raven_native,retrieval,synthetic,niah,synthetic-filler,128k,0.9,exact_match,0.0,50,/home/sagemaker-user/atma/benchmarks/logs/atma_10b/retrieval_retrieval_synthetic_raven_native_7478f50321.log
raven_native,retrieval,synthetic,niah,synthetic-filler,128k,0.9,nll_nats_per_token,1.7929009819030761,50,/home/sagemaker-user/atma/benchmarks/logs/atma_10b/retrieval_retrieval_synthetic_raven_native_7478f50321.log
raven_native,retrieval,synthetic,niah,synthetic-filler,128k,0.9,token_accuracy,45.6,50,/home/sagemaker-user/atma/benchmarks/logs/atma_10b/retrieval_retrieval_synthetic_raven_native_7478f50321.log
raven_native,retrieval,synthetic,niah,synthetic-filler,16k,0.1,exact_match,0.0,50,/home/sagemaker-user/atma/benchmarks/logs/atma_10b/retrieval_retrieval_synthetic_raven_native_7478f50321.log
raven_native,retrieval,synthetic,niah,synthetic-filler,16k,0.1,nll_nats_per_token,1.7756151266098021,50,/home/sagemaker-user/atma/benchmarks/logs/atma_10b/retrieval_retrieval_synthetic_raven_native_7478f50321.log
raven_native,retrieval,synthetic,niah,synthetic-filler,16k,0.1,token_accuracy,48.8,50,/home/sagemaker-user/atma/benchmarks/logs/atma_10b/retrieval_retrieval_synthetic_raven_native_7478f50321.log
raven_native,retrieval,synthetic,niah,synthetic-filler,16k,0.5,exact_match,0.0,50,/home/sagemaker-user/atma/benchmarks/logs/atma_10b/retrieval_retrieval_synthetic_raven_native_7478f50321.log
raven_native,retrieval,synthetic,niah,synthetic-filler,16k,0.5,nll_nats_per_token,1.714229187965393,50,/home/sagemaker-user/atma/benchmarks/logs/atma_10b/retrieval_retrieval_synthetic_raven_native_7478f50321.log
raven_native,retrieval,synthetic,niah,synthetic-filler,16k,0.5,token_accuracy,50.0,50,/home/sagemaker-user/atma/benchmarks/logs/atma_10b/retrieval_retrieval_synthetic_raven_native_7478f50321.log
raven_native,retrieval,synthetic,niah,synthetic-filler,16k,0.9,exact_match,0.0,50,/home/sagemaker-user/atma/benchmarks/logs/atma_10b/retrieval_retrieval_synthetic_raven_native_7478f50321.log
raven_native,retrieval,synthetic,niah,synthetic-filler,16k,0.9,nll_nats_per_token,1.5447505578994751,50,/home/sagemaker-user/atma/benchmarks/logs/atma_10b/retrieval_retrieval_synthetic_raven_native_7478f50321.log
raven_native,retrieval,synthetic,niah,synthetic-filler,16k,0.9,token_accuracy,57.2,50,/home/sagemaker-user/atma/benchmarks/logs/atma_10b/retrieval_retrieval_synthetic_raven_native_7478f50321.log
raven_native,retrieval,synthetic,niah,synthetic-filler,256k,0.1,exact_match,0.0,50,/home/sagemaker-user/atma/benchmarks/logs/atma_10b/retrieval_retrieval_synthetic_raven_native_7478f50321.log
raven_native,retrieval,synthetic,niah,synthetic-filler,256k,0.1,nll_nats_per_token,2.4488678188323973,50,/home/sagemaker-user/atma/benchmarks/logs/atma_10b/retrieval_retrieval_synthetic_raven_native_7478f50321.log
raven_native,retrieval,synthetic,niah,synthetic-filler,256k,0.1,token_accuracy,38.4,50,/home/sagemaker-user/atma/benchmarks/logs/atma_10b/retrieval_retrieval_synthetic_raven_native_7478f50321.log
raven_native,retrieval,synthetic,niah,synthetic-filler,256k,0.5,exact_match,0.0,50,/home/sagemaker-user/atma/benchmarks/logs/atma_10b/retrieval_retrieval_synthetic_raven_native_7478f50321.log
raven_native,retrieval,synthetic,niah,synthetic-filler,256k,0.5,nll_nats_per_token,2.513414119720459,50,/home/sagemaker-user/atma/benchmarks/logs/atma_10b/retrieval_retrieval_synthetic_raven_native_7478f50321.log
raven_native,retrieval,synthetic,niah,synthetic-filler,256k,0.5,token_accuracy,38.0,50,/home/sagemaker-user/atma/benchmarks/logs/atma_10b/retrieval_retrieval_synthetic_raven_native_7478f50321.log
raven_native,retrieval,synthetic,niah,synthetic-filler,256k,0.9,exact_match,0.0,50,/home/sagemaker-user/atma/benchmarks/logs/atma_10b/retrieval_retrieval_synthetic_raven_native_7478f50321.log
raven_native,retrieval,synthetic,niah,synthetic-filler,256k,0.9,nll_nats_per_token,1.9804965572357178,50,/home/sagemaker-user/atma/benchmarks/logs/atma_10b/retrieval_retrieval_synthetic_raven_native_7478f50321.log
raven_native,retrieval,synthetic,niah,synthetic-filler,256k,0.9,token_accuracy,43.2,50,/home/sagemaker-user/atma/benchmarks/logs/atma_10b/retrieval_retrieval_synthetic_raven_native_7478f50321.log
raven_native,retrieval,synthetic,niah,synthetic-filler,2k,0.1,exact_match,6.0,50,/home/sagemaker-user/atma/benchmarks/logs/atma_10b/retrieval_retrieval_synthetic_raven_native_7478f50321.log
raven_native,retrieval,synthetic,niah,synthetic-filler,2k,0.1,exact_match,0.0,2,/home/sagemaker-user/atma/benchmarks/logs/atma_10b/smoke_retrieval_synthetic_raven_native_283efd1aab.log
raven_native,retrieval,synthetic,niah,synthetic-filler,2k,0.1,nll_nats_per_token,1.3063173742294312,50,/home/sagemaker-user/atma/benchmarks/logs/atma_10b/retrieval_retrieval_synthetic_raven_native_7478f50321.log
raven_native,retrieval,synthetic,niah,synthetic-filler,2k,0.1,nll_nats_per_token,1.3911402225494385,2,/home/sagemaker-user/atma/benchmarks/logs/atma_10b/smoke_retrieval_synthetic_raven_native_283efd1aab.log
raven_native,retrieval,synthetic,niah,synthetic-filler,2k,0.1,token_accuracy,63.6,50,/home/sagemaker-user/atma/benchmarks/logs/atma_10b/retrieval_retrieval_synthetic_raven_native_7478f50321.log
raven_native,retrieval,synthetic,niah,synthetic-filler,2k,0.1,token_accuracy,60.0,2,/home/sagemaker-user/atma/benchmarks/logs/atma_10b/smoke_retrieval_synthetic_raven_native_283efd1aab.log
raven_native,retrieval,synthetic,niah,synthetic-filler,2k,0.5,exact_match,0.0,50,/home/sagemaker-user/atma/benchmarks/logs/atma_10b/retrieval_retrieval_synthetic_raven_native_7478f50321.log
raven_native,retrieval,synthetic,niah,synthetic-filler,2k,0.5,exact_match,0.0,2,/home/sagemaker-user/atma/benchmarks/logs/atma_10b/smoke_retrieval_synthetic_raven_native_283efd1aab.log
raven_native,retrieval,synthetic,niah,synthetic-filler,2k,0.5,nll_nats_per_token,1.4678529014587403,50,/home/sagemaker-user/atma/benchmarks/logs/atma_10b/retrieval_retrieval_synthetic_raven_native_7478f50321.log
raven_native,retrieval,synthetic,niah,synthetic-filler,2k,0.5,nll_nats_per_token,1.4873907566070557,2,/home/sagemaker-user/atma/benchmarks/logs/atma_10b/smoke_retrieval_synthetic_raven_native_283efd1aab.log
raven_native,retrieval,synthetic,niah,synthetic-filler,2k,0.5,token_accuracy,62.4,50,/home/sagemaker-user/atma/benchmarks/logs/atma_10b/retrieval_retrieval_synthetic_raven_native_7478f50321.log
raven_native,retrieval,synthetic,niah,synthetic-filler,2k,0.5,token_accuracy,70.0,2,/home/sagemaker-user/atma/benchmarks/logs/atma_10b/smoke_retrieval_synthetic_raven_native_283efd1aab.log
raven_native,retrieval,synthetic,niah,synthetic-filler,2k,0.9,exact_match,4.0,50,/home/sagemaker-user/atma/benchmarks/logs/atma_10b/retrieval_retrieval_synthetic_raven_native_7478f50321.log
raven_native,retrieval,synthetic,niah,synthetic-filler,2k,0.9,exact_match,0.0,2,/home/sagemaker-user/atma/benchmarks/logs/atma_10b/smoke_retrieval_synthetic_raven_native_283efd1aab.log
raven_native,retrieval,synthetic,niah,synthetic-filler,2k,0.9,nll_nats_per_token,1.2647842178344726,50,/home/sagemaker-user/atma/benchmarks/logs/atma_10b/retrieval_retrieval_synthetic_raven_native_7478f50321.log
raven_native,retrieval,synthetic,niah,synthetic-filler,2k,0.9,nll_nats_per_token,1.35741868019104,2,/home/sagemaker-user/atma/benchmarks/logs/atma_10b/smoke_retrieval_synthetic_raven_native_283efd1aab.log
raven_native,retrieval,synthetic,niah,synthetic-filler,2k,0.9,token_accuracy,69.2,50,/home/sagemaker-user/atma/benchmarks/logs/atma_10b/retrieval_retrieval_synthetic_raven_native_7478f50321.log
raven_native,retrieval,synthetic,niah,synthetic-filler,2k,0.9,token_accuracy,60.0,2,/home/sagemaker-user/atma/benchmarks/logs/atma_10b/smoke_retrieval_synthetic_raven_native_283efd1aab.log
raven_native,retrieval,synthetic,niah,synthetic-filler,32k,0.1,exact_match,0.0,50,/home/sagemaker-user/atma/benchmarks/logs/atma_10b/retrieval_retrieval_synthetic_raven_native_7478f50321.log
raven_native,retrieval,synthetic,niah,synthetic-filler,32k,0.1,nll_nats_per_token,1.8591110191345215,50,/home/sagemaker-user/atma/benchmarks/logs/atma_10b/retrieval_retrieval_synthetic_raven_native_7478f50321.log
raven_native,retrieval,synthetic,niah,synthetic-filler,32k,0.1,token_accuracy,44.0,50,/home/sagemaker-user/atma/benchmarks/logs/atma_10b/retrieval_retrieval_synthetic_raven_native_7478f50321.log
raven_native,retrieval,synthetic,niah,synthetic-filler,32k,0.5,exact_match,0.0,50,/home/sagemaker-user/atma/benchmarks/logs/atma_10b/retrieval_retrieval_synthetic_raven_native_7478f50321.log
raven_native,retrieval,synthetic,niah,synthetic-filler,32k,0.5,nll_nats_per_token,1.806879482269287,50,/home/sagemaker-user/atma/benchmarks/logs/atma_10b/retrieval_retrieval_synthetic_raven_native_7478f50321.log
raven_native,retrieval,synthetic,niah,synthetic-filler,32k,0.5,token_accuracy,46.8,50,/home/sagemaker-user/atma/benchmarks/logs/atma_10b/retrieval_retrieval_synthetic_raven_native_7478f50321.log
raven_native,retrieval,synthetic,niah,synthetic-filler,32k,0.9,exact_match,0.0,50,/home/sagemaker-user/atma/benchmarks/logs/atma_10b/retrieval_retrieval_synthetic_raven_native_7478f50321.log
raven_native,retrieval,synthetic,niah,synthetic-filler,32k,0.9,nll_nats_per_token,1.6806020717620849,50,/home/sagemaker-user/atma/benchmarks/logs/atma_10b/retrieval_retrieval_synthetic_raven_native_7478f50321.log
raven_native,retrieval,synthetic,niah,synthetic-filler,32k,0.9,token_accuracy,50.8,50,/home/sagemaker-user/atma/benchmarks/logs/atma_10b/retrieval_retrieval_synthetic_raven_native_7478f50321.log
raven_native,retrieval,synthetic,niah,synthetic-filler,4k,0.1,exact_match,0.0,50,/home/sagemaker-user/atma/benchmarks/logs/atma_10b/retrieval_retrieval_synthetic_raven_native_7478f50321.log
raven_native,retrieval,synthetic,niah,synthetic-filler,4k,0.1,nll_nats_per_token,1.4600091152191161,50,/home/sagemaker-user/atma/benchmarks/logs/atma_10b/retrieval_retrieval_synthetic_raven_native_7478f50321.log
raven_native,retrieval,synthetic,niah,synthetic-filler,4k,0.1,token_accuracy,58.8,50,/home/sagemaker-user/atma/benchmarks/logs/atma_10b/retrieval_retrieval_synthetic_raven_native_7478f50321.log
raven_native,retrieval,synthetic,niah,synthetic-filler,4k,0.5,exact_match,2.0,50,/home/sagemaker-user/atma/benchmarks/logs/atma_10b/retrieval_retrieval_synthetic_raven_native_7478f50321.log
raven_native,retrieval,synthetic,niah,synthetic-filler,4k,0.5,nll_nats_per_token,1.5034387331008912,50,/home/sagemaker-user/atma/benchmarks/logs/atma_10b/retrieval_retrieval_synthetic_raven_native_7478f50321.log
raven_native,retrieval,synthetic,niah,synthetic-filler,4k,0.5,token_accuracy,57.6,50,/home/sagemaker-user/atma/benchmarks/logs/atma_10b/retrieval_retrieval_synthetic_raven_native_7478f50321.log
raven_native,retrieval,synthetic,niah,synthetic-filler,4k,0.9,exact_match,2.0,50,/home/sagemaker-user/atma/benchmarks/logs/atma_10b/retrieval_retrieval_synthetic_raven_native_7478f50321.log
raven_native,retrieval,synthetic,niah,synthetic-filler,4k,0.9,nll_nats_per_token,1.3293258619308472,50,/home/sagemaker-user/atma/benchmarks/logs/atma_10b/retrieval_retrieval_synthetic_raven_native_7478f50321.log
raven_native,retrieval,synthetic,niah,synthetic-filler,4k,0.9,token_accuracy,67.6,50,/home/sagemaker-user/atma/benchmarks/logs/atma_10b/retrieval_retrieval_synthetic_raven_native_7478f50321.log
raven_native,retrieval,synthetic,niah,synthetic-filler,64k,0.1,exact_match,0.0,50,/home/sagemaker-user/atma/benchmarks/logs/atma_10b/retrieval_retrieval_synthetic_raven_native_7478f50321.log
raven_native,retrieval,synthetic,niah,synthetic-filler,64k,0.1,nll_nats_per_token,2.0146380853652954,50,/home/sagemaker-user/atma/benchmarks/logs/atma_10b/retrieval_retrieval_synthetic_raven_native_7478f50321.log
raven_native,retrieval,synthetic,niah,synthetic-filler,64k,0.1,token_accuracy,42.8,50,/home/sagemaker-user/atma/benchmarks/logs/atma_10b/retrieval_retrieval_synthetic_raven_native_7478f50321.log
raven_native,retrieval,synthetic,niah,synthetic-filler,64k,0.5,exact_match,0.0,50,/home/sagemaker-user/atma/benchmarks/logs/atma_10b/retrieval_retrieval_synthetic_raven_native_7478f50321.log
raven_native,retrieval,synthetic,niah,synthetic-filler,64k,0.5,nll_nats_per_token,1.9614531326293945,50,/home/sagemaker-user/atma/benchmarks/logs/atma_10b/retrieval_retrieval_synthetic_raven_native_7478f50321.log
raven_native,retrieval,synthetic,niah,synthetic-filler,64k,0.5,token_accuracy,44.0,50,/home/sagemaker-user/atma/benchmarks/logs/atma_10b/retrieval_retrieval_synthetic_raven_native_7478f50321.log
raven_native,retrieval,synthetic,niah,synthetic-filler,64k,0.9,exact_match,0.0,50,/home/sagemaker-user/atma/benchmarks/logs/atma_10b/retrieval_retrieval_synthetic_raven_native_7478f50321.log
raven_native,retrieval,synthetic,niah,synthetic-filler,64k,0.9,nll_nats_per_token,1.8362683897018433,50,/home/sagemaker-user/atma/benchmarks/logs/atma_10b/retrieval_retrieval_synthetic_raven_native_7478f50321.log
raven_native,retrieval,synthetic,niah,synthetic-filler,64k,0.9,token_accuracy,44.4,50,/home/sagemaker-user/atma/benchmarks/logs/atma_10b/retrieval_retrieval_synthetic_raven_native_7478f50321.log
raven_native,retrieval,synthetic,niah,synthetic-filler,8k,0.1,exact_match,0.0,50,/home/sagemaker-user/atma/benchmarks/logs/atma_10b/retrieval_retrieval_synthetic_raven_native_7478f50321.log
raven_native,retrieval,synthetic,niah,synthetic-filler,8k,0.1,exact_match,0.0,2,/home/sagemaker-user/atma/benchmarks/logs/atma_10b/smoke_retrieval_synthetic_raven_native_283efd1aab.log
raven_native,retrieval,synthetic,niah,synthetic-filler,8k,0.1,nll_nats_per_token,1.5785376205444337,50,/home/sagemaker-user/atma/benchmarks/logs/atma_10b/retrieval_retrieval_synthetic_raven_native_7478f50321.log
raven_native,retrieval,synthetic,niah,synthetic-filler,8k,0.1,nll_nats_per_token,1.5903563499450684,2,/home/sagemaker-user/atma/benchmarks/logs/atma_10b/smoke_retrieval_synthetic_raven_native_283efd1aab.log
raven_native,retrieval,synthetic,niah,synthetic-filler,8k,0.1,token_accuracy,56.8,50,/home/sagemaker-user/atma/benchmarks/logs/atma_10b/retrieval_retrieval_synthetic_raven_native_7478f50321.log
raven_native,retrieval,synthetic,niah,synthetic-filler,8k,0.1,token_accuracy,70.0,2,/home/sagemaker-user/atma/benchmarks/logs/atma_10b/smoke_retrieval_synthetic_raven_native_283efd1aab.log
raven_native,retrieval,synthetic,niah,synthetic-filler,8k,0.5,exact_match,2.0,50,/home/sagemaker-user/atma/benchmarks/logs/atma_10b/retrieval_retrieval_synthetic_raven_native_7478f50321.log
raven_native,retrieval,synthetic,niah,synthetic-filler,8k,0.5,exact_match,0.0,2,/home/sagemaker-user/atma/benchmarks/logs/atma_10b/smoke_retrieval_synthetic_raven_native_283efd1aab.log
raven_native,retrieval,synthetic,niah,synthetic-filler,8k,0.5,nll_nats_per_token,1.629395712852478,50,/home/sagemaker-user/atma/benchmarks/logs/atma_10b/retrieval_retrieval_synthetic_raven_native_7478f50321.log
raven_native,retrieval,synthetic,niah,synthetic-filler,8k,0.5,nll_nats_per_token,1.6064509868621826,2,/home/sagemaker-user/atma/benchmarks/logs/atma_10b/smoke_retrieval_synthetic_raven_native_283efd1aab.log
raven_native,retrieval,synthetic,niah,synthetic-filler,8k,0.5,token_accuracy,56.0,50,/home/sagemaker-user/atma/benchmarks/logs/atma_10b/retrieval_retrieval_synthetic_raven_native_7478f50321.log
raven_native,retrieval,synthetic,niah,synthetic-filler,8k,0.5,token_accuracy,60.0,2,/home/sagemaker-user/atma/benchmarks/logs/atma_10b/smoke_retrieval_synthetic_raven_native_283efd1aab.log
raven_native,retrieval,synthetic,niah,synthetic-filler,8k,0.9,exact_match,0.0,50,/home/sagemaker-user/atma/benchmarks/logs/atma_10b/retrieval_retrieval_synthetic_raven_native_7478f50321.log
raven_native,retrieval,synthetic,niah,synthetic-filler,8k,0.9,exact_match,0.0,2,/home/sagemaker-user/atma/benchmarks/logs/atma_10b/smoke_retrieval_synthetic_raven_native_283efd1aab.log
raven_native,retrieval,synthetic,niah,synthetic-filler,8k,0.9,nll_nats_per_token,1.4831423091888427,50,/home/sagemaker-user/atma/benchmarks/logs/atma_10b/retrieval_retrieval_synthetic_raven_native_7478f50321.log
raven_native,retrieval,synthetic,niah,synthetic-filler,8k,0.9,nll_nats_per_token,1.5611097812652588,2,/home/sagemaker-user/atma/benchmarks/logs/atma_10b/smoke_retrieval_synthetic_raven_native_283efd1aab.log
raven_native,retrieval,synthetic,niah,synthetic-filler,8k,0.9,token_accuracy,60.4,50,/home/sagemaker-user/atma/benchmarks/logs/atma_10b/retrieval_retrieval_synthetic_raven_native_7478f50321.log
raven_native,retrieval,synthetic,niah,synthetic-filler,8k,0.9,token_accuracy,60.0,2,/home/sagemaker-user/atma/benchmarks/logs/atma_10b/smoke_retrieval_synthetic_raven_native_283efd1aab.log
raven_native,retrieval,synthetic,passkey,synthetic-filler,128k,0.1,exact_match,0.0,50,/home/sagemaker-user/atma/benchmarks/logs/atma_10b/retrieval_retrieval_synthetic_raven_native_7478f50321.log
raven_native,retrieval,synthetic,passkey,synthetic-filler,128k,0.1,nll_nats_per_token,2.581160400390625,50,/home/sagemaker-user/atma/benchmarks/logs/atma_10b/retrieval_retrieval_synthetic_raven_native_7478f50321.log
raven_native,retrieval,synthetic,passkey,synthetic-filler,128k,0.1,token_accuracy,29.6,50,/home/sagemaker-user/atma/benchmarks/logs/atma_10b/retrieval_retrieval_synthetic_raven_native_7478f50321.log
raven_native,retrieval,synthetic,passkey,synthetic-filler,128k,0.5,exact_match,0.0,50,/home/sagemaker-user/atma/benchmarks/logs/atma_10b/retrieval_retrieval_synthetic_raven_native_7478f50321.log
raven_native,retrieval,synthetic,passkey,synthetic-filler,128k,0.5,nll_nats_per_token,2.2555502853393556,50,/home/sagemaker-user/atma/benchmarks/logs/atma_10b/retrieval_retrieval_synthetic_raven_native_7478f50321.log
raven_native,retrieval,synthetic,passkey,synthetic-filler,128k,0.5,token_accuracy,34.4,50,/home/sagemaker-user/atma/benchmarks/logs/atma_10b/retrieval_retrieval_synthetic_raven_native_7478f50321.log
raven_native,retrieval,synthetic,passkey,synthetic-filler,128k,0.9,exact_match,0.0,50,/home/sagemaker-user/atma/benchmarks/logs/atma_10b/retrieval_retrieval_synthetic_raven_native_7478f50321.log
raven_native,retrieval,synthetic,passkey,synthetic-filler,128k,0.9,nll_nats_per_token,1.9231937351226807,50,/home/sagemaker-user/atma/benchmarks/logs/atma_10b/retrieval_retrieval_synthetic_raven_native_7478f50321.log
raven_native,retrieval,synthetic,passkey,synthetic-filler,128k,0.9,token_accuracy,42.8,50,/home/sagemaker-user/atma/benchmarks/logs/atma_10b/retrieval_retrieval_synthetic_raven_native_7478f50321.log
raven_native,retrieval,synthetic,passkey,synthetic-filler,16k,0.1,exact_match,0.0,50,/home/sagemaker-user/atma/benchmarks/logs/atma_10b/retrieval_retrieval_synthetic_raven_native_7478f50321.log
raven_native,retrieval,synthetic,passkey,synthetic-filler,16k,0.1,nll_nats_per_token,2.008757308959961,50,/home/sagemaker-user/atma/benchmarks/logs/atma_10b/retrieval_retrieval_synthetic_raven_native_7478f50321.log
raven_native,retrieval,synthetic,passkey,synthetic-filler,16k,0.1,token_accuracy,42.8,50,/home/sagemaker-user/atma/benchmarks/logs/atma_10b/retrieval_retrieval_synthetic_raven_native_7478f50321.log
raven_native,retrieval,synthetic,passkey,synthetic-filler,16k,0.5,exact_match,0.0,50,/home/sagemaker-user/atma/benchmarks/logs/atma_10b/retrieval_retrieval_synthetic_raven_native_7478f50321.log
raven_native,retrieval,synthetic,passkey,synthetic-filler,16k,0.5,nll_nats_per_token,2.060704475402832,50,/home/sagemaker-user/atma/benchmarks/logs/atma_10b/retrieval_retrieval_synthetic_raven_native_7478f50321.log
raven_native,retrieval,synthetic,passkey,synthetic-filler,16k,0.5,token_accuracy,40.0,50,/home/sagemaker-user/atma/benchmarks/logs/atma_10b/retrieval_retrieval_synthetic_raven_native_7478f50321.log
raven_native,retrieval,synthetic,passkey,synthetic-filler,16k,0.9,exact_match,0.0,50,/home/sagemaker-user/atma/benchmarks/logs/atma_10b/retrieval_retrieval_synthetic_raven_native_7478f50321.log
raven_native,retrieval,synthetic,passkey,synthetic-filler,16k,0.9,nll_nats_per_token,1.7094523906707764,50,/home/sagemaker-user/atma/benchmarks/logs/atma_10b/retrieval_retrieval_synthetic_raven_native_7478f50321.log
raven_native,retrieval,synthetic,passkey,synthetic-filler,16k,0.9,token_accuracy,51.2,50,/home/sagemaker-user/atma/benchmarks/logs/atma_10b/retrieval_retrieval_synthetic_raven_native_7478f50321.log
raven_native,retrieval,synthetic,passkey,synthetic-filler,256k,0.1,exact_match,0.0,50,/home/sagemaker-user/atma/benchmarks/logs/atma_10b/retrieval_retrieval_synthetic_raven_native_7478f50321.log
raven_native,retrieval,synthetic,passkey,synthetic-filler,256k,0.1,nll_nats_per_token,2.719253490447998,50,/home/sagemaker-user/atma/benchmarks/logs/atma_10b/retrieval_retrieval_synthetic_raven_native_7478f50321.log
raven_native,retrieval,synthetic,passkey,synthetic-filler,256k,0.1,token_accuracy,26.4,50,/home/sagemaker-user/atma/benchmarks/logs/atma_10b/retrieval_retrieval_synthetic_raven_native_7478f50321.log
raven_native,retrieval,synthetic,passkey,synthetic-filler,256k,0.5,exact_match,0.0,50,/home/sagemaker-user/atma/benchmarks/logs/atma_10b/retrieval_retrieval_synthetic_raven_native_7478f50321.log
raven_native,retrieval,synthetic,passkey,synthetic-filler,256k,0.5,nll_nats_per_token,2.626965356826782,50,/home/sagemaker-user/atma/benchmarks/logs/atma_10b/retrieval_retrieval_synthetic_raven_native_7478f50321.log
raven_native,retrieval,synthetic,passkey,synthetic-filler,256k,0.5,token_accuracy,28.0,50,/home/sagemaker-user/atma/benchmarks/logs/atma_10b/retrieval_retrieval_synthetic_raven_native_7478f50321.log
raven_native,retrieval,synthetic,passkey,synthetic-filler,256k,0.9,exact_match,0.0,50,/home/sagemaker-user/atma/benchmarks/logs/atma_10b/retrieval_retrieval_synthetic_raven_native_7478f50321.log
raven_native,retrieval,synthetic,passkey,synthetic-filler,256k,0.9,nll_nats_per_token,2.1241156158447265,50,/home/sagemaker-user/atma/benchmarks/logs/atma_10b/retrieval_retrieval_synthetic_raven_native_7478f50321.log
raven_native,retrieval,synthetic,passkey,synthetic-filler,256k,0.9,token_accuracy,36.8,50,/home/sagemaker-user/atma/benchmarks/logs/atma_10b/retrieval_retrieval_synthetic_raven_native_7478f50321.log
raven_native,retrieval,synthetic,passkey,synthetic-filler,2k,0.1,exact_match,0.0,50,/home/sagemaker-user/atma/benchmarks/logs/atma_10b/retrieval_retrieval_synthetic_raven_native_7478f50321.log
raven_native,retrieval,synthetic,passkey,synthetic-filler,2k,0.1,exact_match,0.0,2,/home/sagemaker-user/atma/benchmarks/logs/atma_10b/smoke_retrieval_synthetic_raven_native_283efd1aab.log
raven_native,retrieval,synthetic,passkey,synthetic-filler,2k,0.1,nll_nats_per_token,1.571474407196045,50,/home/sagemaker-user/atma/benchmarks/logs/atma_10b/retrieval_retrieval_synthetic_raven_native_7478f50321.log
raven_native,retrieval,synthetic,passkey,synthetic-filler,2k,0.1,nll_nats_per_token,1.6800381660461425,2,/home/sagemaker-user/atma/benchmarks/logs/atma_10b/smoke_retrieval_synthetic_raven_native_283efd1aab.log
raven_native,retrieval,synthetic,passkey,synthetic-filler,2k,0.1,token_accuracy,51.6,50,/home/sagemaker-user/atma/benchmarks/logs/atma_10b/retrieval_retrieval_synthetic_raven_native_7478f50321.log
raven_native,retrieval,synthetic,passkey,synthetic-filler,2k,0.1,token_accuracy,40.0,2,/home/sagemaker-user/atma/benchmarks/logs/atma_10b/smoke_retrieval_synthetic_raven_native_283efd1aab.log
raven_native,retrieval,synthetic,passkey,synthetic-filler,2k,0.5,exact_match,0.0,50,/home/sagemaker-user/atma/benchmarks/logs/atma_10b/retrieval_retrieval_synthetic_raven_native_7478f50321.log
raven_native,retrieval,synthetic,passkey,synthetic-filler,2k,0.5,exact_match,0.0,2,/home/sagemaker-user/atma/benchmarks/logs/atma_10b/smoke_retrieval_synthetic_raven_native_283efd1aab.log
raven_native,retrieval,synthetic,passkey,synthetic-filler,2k,0.5,nll_nats_per_token,1.5814104480743407,50,/home/sagemaker-user/atma/benchmarks/logs/atma_10b/retrieval_retrieval_synthetic_raven_native_7478f50321.log
raven_native,retrieval,synthetic,passkey,synthetic-filler,2k,0.5,nll_nats_per_token,1.728781509399414,2,/home/sagemaker-user/atma/benchmarks/logs/atma_10b/smoke_retrieval_synthetic_raven_native_283efd1aab.log
raven_native,retrieval,synthetic,passkey,synthetic-filler,2k,0.5,token_accuracy,54.8,50,/home/sagemaker-user/atma/benchmarks/logs/atma_10b/retrieval_retrieval_synthetic_raven_native_7478f50321.log
raven_native,retrieval,synthetic,passkey,synthetic-filler,2k,0.5,token_accuracy,40.0,2,/home/sagemaker-user/atma/benchmarks/logs/atma_10b/smoke_retrieval_synthetic_raven_native_283efd1aab.log
raven_native,retrieval,synthetic,passkey,synthetic-filler,2k,0.9,exact_match,2.0,50,/home/sagemaker-user/atma/benchmarks/logs/atma_10b/retrieval_retrieval_synthetic_raven_native_7478f50321.log
raven_native,retrieval,synthetic,passkey,synthetic-filler,2k,0.9,exact_match,0.0,2,/home/sagemaker-user/atma/benchmarks/logs/atma_10b/smoke_retrieval_synthetic_raven_native_283efd1aab.log
raven_native,retrieval,synthetic,passkey,synthetic-filler,2k,0.9,nll_nats_per_token,1.428593759536743,50,/home/sagemaker-user/atma/benchmarks/logs/atma_10b/retrieval_retrieval_synthetic_raven_native_7478f50321.log
raven_native,retrieval,synthetic,passkey,synthetic-filler,2k,0.9,nll_nats_per_token,1.59328351020813,2,/home/sagemaker-user/atma/benchmarks/logs/atma_10b/smoke_retrieval_synthetic_raven_native_283efd1aab.log
raven_native,retrieval,synthetic,passkey,synthetic-filler,2k,0.9,token_accuracy,59.2,50,/home/sagemaker-user/atma/benchmarks/logs/atma_10b/retrieval_retrieval_synthetic_raven_native_7478f50321.log
raven_native,retrieval,synthetic,passkey,synthetic-filler,2k,0.9,token_accuracy,40.0,2,/home/sagemaker-user/atma/benchmarks/logs/atma_10b/smoke_retrieval_synthetic_raven_native_283efd1aab.log
raven_native,retrieval,synthetic,passkey,synthetic-filler,32k,0.1,exact_match,0.0,50,/home/sagemaker-user/atma/benchmarks/logs/atma_10b/retrieval_retrieval_synthetic_raven_native_7478f50321.log
raven_native,retrieval,synthetic,passkey,synthetic-filler,32k,0.1,nll_nats_per_token,2.15719340133667,50,/home/sagemaker-user/atma/benchmarks/logs/atma_10b/retrieval_retrieval_synthetic_raven_native_7478f50321.log
raven_native,retrieval,synthetic,passkey,synthetic-filler,32k,0.1,token_accuracy,37.2,50,/home/sagemaker-user/atma/benchmarks/logs/atma_10b/retrieval_retrieval_synthetic_raven_native_7478f50321.log
raven_native,retrieval,synthetic,passkey,synthetic-filler,32k,0.5,exact_match,0.0,50,/home/sagemaker-user/atma/benchmarks/logs/atma_10b/retrieval_retrieval_synthetic_raven_native_7478f50321.log
raven_native,retrieval,synthetic,passkey,synthetic-filler,32k,0.5,nll_nats_per_token,2.063010223388672,50,/home/sagemaker-user/atma/benchmarks/logs/atma_10b/retrieval_retrieval_synthetic_raven_native_7478f50321.log
raven_native,retrieval,synthetic,passkey,synthetic-filler,32k,0.5,token_accuracy,37.6,50,/home/sagemaker-user/atma/benchmarks/logs/atma_10b/retrieval_retrieval_synthetic_raven_native_7478f50321.log
raven_native,retrieval,synthetic,passkey,synthetic-filler,32k,0.9,exact_match,0.0,50,/home/sagemaker-user/atma/benchmarks/logs/atma_10b/retrieval_retrieval_synthetic_raven_native_7478f50321.log
raven_native,retrieval,synthetic,passkey,synthetic-filler,32k,0.9,nll_nats_per_token,1.7843480930328368,50,/home/sagemaker-user/atma/benchmarks/logs/atma_10b/retrieval_retrieval_synthetic_raven_native_7478f50321.log
raven_native,retrieval,synthetic,passkey,synthetic-filler,32k,0.9,token_accuracy,49.2,50,/home/sagemaker-user/atma/benchmarks/logs/atma_10b/retrieval_retrieval_synthetic_raven_native_7478f50321.log
raven_native,retrieval,synthetic,passkey,synthetic-filler,4k,0.1,exact_match,0.0,50,/home/sagemaker-user/atma/benchmarks/logs/atma_10b/retrieval_retrieval_synthetic_raven_native_7478f50321.log
raven_native,retrieval,synthetic,passkey,synthetic-filler,4k,0.1,nll_nats_per_token,1.6767739677429199,50,/home/sagemaker-user/atma/benchmarks/logs/atma_10b/retrieval_retrieval_synthetic_raven_native_7478f50321.log
raven_native,retrieval,synthetic,passkey,synthetic-filler,4k,0.1,token_accuracy,49.2,50,/home/sagemaker-user/atma/benchmarks/logs/atma_10b/retrieval_retrieval_synthetic_raven_native_7478f50321.log
raven_native,retrieval,synthetic,passkey,synthetic-filler,4k,0.5,exact_match,0.0,50,/home/sagemaker-user/atma/benchmarks/logs/atma_10b/retrieval_retrieval_synthetic_raven_native_7478f50321.log
raven_native,retrieval,synthetic,passkey,synthetic-filler,4k,0.5,nll_nats_per_token,1.704264331817627,50,/home/sagemaker-user/atma/benchmarks/logs/atma_10b/retrieval_retrieval_synthetic_raven_native_7478f50321.log
raven_native,retrieval,synthetic,passkey,synthetic-filler,4k,0.5,token_accuracy,52.8,50,/home/sagemaker-user/atma/benchmarks/logs/atma_10b/retrieval_retrieval_synthetic_raven_native_7478f50321.log
raven_native,retrieval,synthetic,passkey,synthetic-filler,4k,0.9,exact_match,2.0,50,/home/sagemaker-user/atma/benchmarks/logs/atma_10b/retrieval_retrieval_synthetic_raven_native_7478f50321.log
raven_native,retrieval,synthetic,passkey,synthetic-filler,4k,0.9,nll_nats_per_token,1.5111138439178466,50,/home/sagemaker-user/atma/benchmarks/logs/atma_10b/retrieval_retrieval_synthetic_raven_native_7478f50321.log
raven_native,retrieval,synthetic,passkey,synthetic-filler,4k,0.9,token_accuracy,60.4,50,/home/sagemaker-user/atma/benchmarks/logs/atma_10b/retrieval_retrieval_synthetic_raven_native_7478f50321.log
raven_native,retrieval,synthetic,passkey,synthetic-filler,64k,0.1,exact_match,0.0,50,/home/sagemaker-user/atma/benchmarks/logs/atma_10b/retrieval_retrieval_synthetic_raven_native_7478f50321.log
raven_native,retrieval,synthetic,passkey,synthetic-filler,64k,0.1,nll_nats_per_token,2.354360589981079,50,/home/sagemaker-user/atma/benchmarks/logs/atma_10b/retrieval_retrieval_synthetic_raven_native_7478f50321.log
raven_native,retrieval,synthetic,passkey,synthetic-filler,64k,0.1,token_accuracy,33.2,50,/home/sagemaker-user/atma/benchmarks/logs/atma_10b/retrieval_retrieval_synthetic_raven_native_7478f50321.log
raven_native,retrieval,synthetic,passkey,synthetic-filler,64k,0.5,exact_match,0.0,50,/home/sagemaker-user/atma/benchmarks/logs/atma_10b/retrieval_retrieval_synthetic_raven_native_7478f50321.log
raven_native,retrieval,synthetic,passkey,synthetic-filler,64k,0.5,nll_nats_per_token,2.1671007270812987,50,/home/sagemaker-user/atma/benchmarks/logs/atma_10b/retrieval_retrieval_synthetic_raven_native_7478f50321.log
raven_native,retrieval,synthetic,passkey,synthetic-filler,64k,0.5,token_accuracy,35.2,50,/home/sagemaker-user/atma/benchmarks/logs/atma_10b/retrieval_retrieval_synthetic_raven_native_7478f50321.log
raven_native,retrieval,synthetic,passkey,synthetic-filler,64k,0.9,exact_match,0.0,50,/home/sagemaker-user/atma/benchmarks/logs/atma_10b/retrieval_retrieval_synthetic_raven_native_7478f50321.log
raven_native,retrieval,synthetic,passkey,synthetic-filler,64k,0.9,nll_nats_per_token,1.837508399963379,50,/home/sagemaker-user/atma/benchmarks/logs/atma_10b/retrieval_retrieval_synthetic_raven_native_7478f50321.log
raven_native,retrieval,synthetic,passkey,synthetic-filler,64k,0.9,token_accuracy,45.6,50,/home/sagemaker-user/atma/benchmarks/logs/atma_10b/retrieval_retrieval_synthetic_raven_native_7478f50321.log
raven_native,retrieval,synthetic,passkey,synthetic-filler,8k,0.1,exact_match,0.0,50,/home/sagemaker-user/atma/benchmarks/logs/atma_10b/retrieval_retrieval_synthetic_raven_native_7478f50321.log
raven_native,retrieval,synthetic,passkey,synthetic-filler,8k,0.1,exact_match,0.0,2,/home/sagemaker-user/atma/benchmarks/logs/atma_10b/smoke_retrieval_synthetic_raven_native_283efd1aab.log
raven_native,retrieval,synthetic,passkey,synthetic-filler,8k,0.1,nll_nats_per_token,1.7515574073791504,50,/home/sagemaker-user/atma/benchmarks/logs/atma_10b/retrieval_retrieval_synthetic_raven_native_7478f50321.log
raven_native,retrieval,synthetic,passkey,synthetic-filler,8k,0.1,nll_nats_per_token,1.9074385643005372,2,/home/sagemaker-user/atma/benchmarks/logs/atma_10b/smoke_retrieval_synthetic_raven_native_283efd1aab.log
raven_native,retrieval,synthetic,passkey,synthetic-filler,8k,0.1,token_accuracy,48.4,50,/home/sagemaker-user/atma/benchmarks/logs/atma_10b/retrieval_retrieval_synthetic_raven_native_7478f50321.log
raven_native,retrieval,synthetic,passkey,synthetic-filler,8k,0.1,token_accuracy,40.0,2,/home/sagemaker-user/atma/benchmarks/logs/atma_10b/smoke_retrieval_synthetic_raven_native_283efd1aab.log
raven_native,retrieval,synthetic,passkey,synthetic-filler,8k,0.5,exact_match,0.0,50,/home/sagemaker-user/atma/benchmarks/logs/atma_10b/retrieval_retrieval_synthetic_raven_native_7478f50321.log
raven_native,retrieval,synthetic,passkey,synthetic-filler,8k,0.5,exact_match,0.0,2,/home/sagemaker-user/atma/benchmarks/logs/atma_10b/smoke_retrieval_synthetic_raven_native_283efd1aab.log
raven_native,retrieval,synthetic,passkey,synthetic-filler,8k,0.5,nll_nats_per_token,1.837898157119751,50,/home/sagemaker-user/atma/benchmarks/logs/atma_10b/retrieval_retrieval_synthetic_raven_native_7478f50321.log
raven_native,retrieval,synthetic,passkey,synthetic-filler,8k,0.5,nll_nats_per_token,1.9705211639404296,2,/home/sagemaker-user/atma/benchmarks/logs/atma_10b/smoke_retrieval_synthetic_raven_native_283efd1aab.log
raven_native,retrieval,synthetic,passkey,synthetic-filler,8k,0.5,token_accuracy,47.6,50,/home/sagemaker-user/atma/benchmarks/logs/atma_10b/retrieval_retrieval_synthetic_raven_native_7478f50321.log
raven_native,retrieval,synthetic,passkey,synthetic-filler,8k,0.5,token_accuracy,30.0,2,/home/sagemaker-user/atma/benchmarks/logs/atma_10b/smoke_retrieval_synthetic_raven_native_283efd1aab.log
raven_native,retrieval,synthetic,passkey,synthetic-filler,8k,0.9,exact_match,0.0,50,/home/sagemaker-user/atma/benchmarks/logs/atma_10b/retrieval_retrieval_synthetic_raven_native_7478f50321.log
raven_native,retrieval,synthetic,passkey,synthetic-filler,8k,0.9,exact_match,0.0,2,/home/sagemaker-user/atma/benchmarks/logs/atma_10b/smoke_retrieval_synthetic_raven_native_283efd1aab.log
raven_native,retrieval,synthetic,passkey,synthetic-filler,8k,0.9,nll_nats_per_token,1.8845342140197754,50,/home/sagemaker-user/atma/benchmarks/logs/atma_10b/retrieval_retrieval_synthetic_raven_native_7478f50321.log
raven_native,retrieval,synthetic,passkey,synthetic-filler,8k,0.9,nll_nats_per_token,1.9907634735107422,2,/home/sagemaker-user/atma/benchmarks/logs/atma_10b/smoke_retrieval_synthetic_raven_native_283efd1aab.log
raven_native,retrieval,synthetic,passkey,synthetic-filler,8k,0.9,token_accuracy,47.2,50,/home/sagemaker-user/atma/benchmarks/logs/atma_10b/retrieval_retrieval_synthetic_raven_native_7478f50321.log
raven_native,retrieval,synthetic,passkey,synthetic-filler,8k,0.9,token_accuracy,40.0,2,/home/sagemaker-user/atma/benchmarks/logs/atma_10b/smoke_retrieval_synthetic_raven_native_283efd1aab.log
raven_native,serving,generation,,,128k,,decode_tokens_per_s,306.14676384962297,1,/home/sagemaker-user/atma/benchmarks/logs/atma_10b/serving_serving_generation_raven_native_619571dfb5.log
raven_native,serving,generation,,,128k,,oom,False,1,/home/sagemaker-user/atma/benchmarks/logs/atma_10b/serving_serving_generation_raven_native_619571dfb5.log
raven_native,serving,generation,,,128k,,peak_allocated_bytes,6941432320,1,/home/sagemaker-user/atma/benchmarks/logs/atma_10b/serving_serving_generation_raven_native_619571dfb5.log
raven_native,serving,generation,,,128k,,peak_reserved_bytes,9386852352,1,/home/sagemaker-user/atma/benchmarks/logs/atma_10b/serving_serving_generation_raven_native_619571dfb5.log
raven_native,serving,generation,,,128k,,prefill_tokens_per_s,96559.21262837751,1,/home/sagemaker-user/atma/benchmarks/logs/atma_10b/serving_serving_generation_raven_native_619571dfb5.log
raven_native,serving,generation,,,16k,,decode_tokens_per_s,308.26307450051456,1,/home/sagemaker-user/atma/benchmarks/logs/atma_10b/serving_serving_generation_raven_native_619571dfb5.log
raven_native,serving,generation,,,16k,,oom,False,1,/home/sagemaker-user/atma/benchmarks/logs/atma_10b/serving_serving_generation_raven_native_619571dfb5.log
raven_native,serving,generation,,,16k,,peak_allocated_bytes,1595593216,1,/home/sagemaker-user/atma/benchmarks/logs/atma_10b/serving_serving_generation_raven_native_619571dfb5.log
raven_native,serving,generation,,,16k,,peak_reserved_bytes,1939865600,1,/home/sagemaker-user/atma/benchmarks/logs/atma_10b/serving_serving_generation_raven_native_619571dfb5.log
raven_native,serving,generation,,,16k,,prefill_tokens_per_s,117605.41868559788,1,/home/sagemaker-user/atma/benchmarks/logs/atma_10b/serving_serving_generation_raven_native_619571dfb5.log
raven_native,serving,generation,,,2k,,decode_tokens_per_s,306.3991981290281,1,/home/sagemaker-user/atma/benchmarks/logs/atma_10b/serving_serving_generation_raven_native_619571dfb5.log
raven_native,serving,generation,,,2k,,oom,False,1,/home/sagemaker-user/atma/benchmarks/logs/atma_10b/serving_serving_generation_raven_native_619571dfb5.log
raven_native,serving,generation,,,2k,,peak_allocated_bytes,927363584,1,/home/sagemaker-user/atma/benchmarks/logs/atma_10b/serving_serving_generation_raven_native_619571dfb5.log
raven_native,serving,generation,,,2k,,peak_reserved_bytes,996147200,1,/home/sagemaker-user/atma/benchmarks/logs/atma_10b/serving_serving_generation_raven_native_619571dfb5.log
raven_native,serving,generation,,,2k,,prefill_tokens_per_s,9558.396187629465,1,/home/sagemaker-user/atma/benchmarks/logs/atma_10b/serving_serving_generation_raven_native_619571dfb5.log
raven_native,serving,generation,,,32k,,decode_tokens_per_s,307.5621410020038,1,/home/sagemaker-user/atma/benchmarks/logs/atma_10b/serving_serving_generation_raven_native_619571dfb5.log
raven_native,serving,generation,,,32k,,oom,False,1,/home/sagemaker-user/atma/benchmarks/logs/atma_10b/serving_serving_generation_raven_native_619571dfb5.log
raven_native,serving,generation,,,32k,,peak_allocated_bytes,2359284736,1,/home/sagemaker-user/atma/benchmarks/logs/atma_10b/serving_serving_generation_raven_native_619571dfb5.log
raven_native,serving,generation,,,32k,,peak_reserved_bytes,2996830208,1,/home/sagemaker-user/atma/benchmarks/logs/atma_10b/serving_serving_generation_raven_native_619571dfb5.log
raven_native,serving,generation,,,32k,,prefill_tokens_per_s,102354.39531946825,1,/home/sagemaker-user/atma/benchmarks/logs/atma_10b/serving_serving_generation_raven_native_619571dfb5.log
raven_native,serving,generation,,,4k,,decode_tokens_per_s,307.54524749104075,1,/home/sagemaker-user/atma/benchmarks/logs/atma_10b/serving_serving_generation_raven_native_619571dfb5.log
raven_native,serving,generation,,,4k,,oom,False,1,/home/sagemaker-user/atma/benchmarks/logs/atma_10b/serving_serving_generation_raven_native_619571dfb5.log
raven_native,serving,generation,,,4k,,peak_allocated_bytes,1022824960,1,/home/sagemaker-user/atma/benchmarks/logs/atma_10b/serving_serving_generation_raven_native_619571dfb5.log
raven_native,serving,generation,,,4k,,peak_reserved_bytes,1134559232,1,/home/sagemaker-user/atma/benchmarks/logs/atma_10b/serving_serving_generation_raven_native_619571dfb5.log
raven_native,serving,generation,,,4k,,prefill_tokens_per_s,75738.11981674869,1,/home/sagemaker-user/atma/benchmarks/logs/atma_10b/serving_serving_generation_raven_native_619571dfb5.log
raven_native,serving,generation,,,64k,,decode_tokens_per_s,307.50180298397265,1,/home/sagemaker-user/atma/benchmarks/logs/atma_10b/serving_serving_generation_raven_native_619571dfb5.log
raven_native,serving,generation,,,64k,,oom,False,1,/home/sagemaker-user/atma/benchmarks/logs/atma_10b/serving_serving_generation_raven_native_619571dfb5.log
raven_native,serving,generation,,,64k,,peak_allocated_bytes,3886667264,1,/home/sagemaker-user/atma/benchmarks/logs/atma_10b/serving_serving_generation_raven_native_619571dfb5.log
raven_native,serving,generation,,,64k,,peak_reserved_bytes,5125439488,1,/home/sagemaker-user/atma/benchmarks/logs/atma_10b/serving_serving_generation_raven_native_619571dfb5.log
raven_native,serving,generation,,,64k,,prefill_tokens_per_s,97527.05155335095,1,/home/sagemaker-user/atma/benchmarks/logs/atma_10b/serving_serving_generation_raven_native_619571dfb5.log
raven_native,serving,generation,,,8k,,decode_tokens_per_s,308.1957008040498,1,/home/sagemaker-user/atma/benchmarks/logs/atma_10b/serving_serving_generation_raven_native_619571dfb5.log
raven_native,serving,generation,,,8k,,oom,False,1,/home/sagemaker-user/atma/benchmarks/logs/atma_10b/serving_serving_generation_raven_native_619571dfb5.log
raven_native,serving,generation,,,8k,,peak_allocated_bytes,1213747712,1,/home/sagemaker-user/atma/benchmarks/logs/atma_10b/serving_serving_generation_raven_native_619571dfb5.log
raven_native,serving,generation,,,8k,,peak_reserved_bytes,1402994688,1,/home/sagemaker-user/atma/benchmarks/logs/atma_10b/serving_serving_generation_raven_native_619571dfb5.log
raven_native,serving,generation,,,8k,,prefill_tokens_per_s,116377.8098477783,1,/home/sagemaker-user/atma/benchmarks/logs/atma_10b/serving_serving_generation_raven_native_619571dfb5.log
raven_native,serving,generation,,,,,max_successful_context_tokens,131072,,/home/sagemaker-user/atma/benchmarks/logs/atma_10b/serving_serving_generation_raven_native_619571dfb5.log
rope,base,zero_shot,arc_challenge,,,,accuracy,0.24414715719063546,299,/home/sagemaker-user/atma/benchmarks/logs/atma_10b/base_base_zero_shot_rope_0283eef937.log
rope,base,zero_shot,arc_challenge,,,,accuracy_norm,0.29431438127090304,299,/home/sagemaker-user/atma/benchmarks/logs/atma_10b/base_base_zero_shot_rope_0283eef937.log
rope,base,zero_shot,arc_easy,,,,accuracy,0.5929824561403508,570,/home/sagemaker-user/atma/benchmarks/logs/atma_10b/base_base_zero_shot_rope_0283eef937.log
rope,base,zero_shot,arc_easy,,,,accuracy_norm,0.49122807017543857,570,/home/sagemaker-user/atma/benchmarks/logs/atma_10b/base_base_zero_shot_rope_0283eef937.log
rope,base,zero_shot,boolq,,,,accuracy,0.609480122324159,3270,/home/sagemaker-user/atma/benchmarks/logs/atma_10b/base_base_zero_shot_rope_0283eef937.log
rope,base,zero_shot,boolq,,,,accuracy_norm,0.609480122324159,3270,/home/sagemaker-user/atma/benchmarks/logs/atma_10b/base_base_zero_shot_rope_0283eef937.log
rope,base,zero_shot,hellaswag,,,,accuracy,0.3239394542919737,10042,/home/sagemaker-user/atma/benchmarks/logs/atma_10b/base_base_zero_shot_rope_0283eef937.log
rope,base,zero_shot,hellaswag,,,,accuracy_norm,0.3719378609838678,10042,/home/sagemaker-user/atma/benchmarks/logs/atma_10b/base_base_zero_shot_rope_0283eef937.log
rope,base,zero_shot,lambada,,,,accuracy,0.3025422084222783,5153,/home/sagemaker-user/atma/benchmarks/logs/atma_10b/base_base_zero_shot_rope_0283eef937.log
rope,base,zero_shot,lambada,,,,target_nll,3.0466222385122155,5153,/home/sagemaker-user/atma/benchmarks/logs/atma_10b/base_base_zero_shot_rope_0283eef937.log
rope,base,zero_shot,lambada,,,,target_perplexity,21.04414214520114,5153,/home/sagemaker-user/atma/benchmarks/logs/atma_10b/base_base_zero_shot_rope_0283eef937.log
rope,base,zero_shot,openbookqa,,,,accuracy,0.194,500,/home/sagemaker-user/atma/benchmarks/logs/atma_10b/base_base_zero_shot_rope_0283eef937.log
rope,base,zero_shot,openbookqa,,,,accuracy_norm,0.324,500,/home/sagemaker-user/atma/benchmarks/logs/atma_10b/base_base_zero_shot_rope_0283eef937.log
rope,base,zero_shot,piqa,,,,accuracy,0.6648531011969532,1838,/home/sagemaker-user/atma/benchmarks/logs/atma_10b/base_base_zero_shot_rope_0283eef937.log
rope,base,zero_shot,piqa,,,,accuracy_norm,0.6675734494015234,1838,/home/sagemaker-user/atma/benchmarks/logs/atma_10b/base_base_zero_shot_rope_0283eef937.log
rope,base,zero_shot,winogrande,,,,accuracy,0.5067087608524072,1267,/home/sagemaker-user/atma/benchmarks/logs/atma_10b/base_base_zero_shot_rope_0283eef937.log
rope,base,zero_shot,winogrande,,,,accuracy_norm,0.5035516969218626,1267,/home/sagemaker-user/atma/benchmarks/logs/atma_10b/base_base_zero_shot_rope_0283eef937.log
rope,longdoc,fixed_target,,codelion/finepdfs-1B,128k,,bits_per_byte,2.756677548426423,8,/home/sagemaker-user/atma/benchmarks/logs/atma_10b/longdoc_longdoc_fixed_target_rope_92ba733d7e.log
rope,longdoc,fixed_target,,codelion/finepdfs-1B,128k,,nll_nats_per_token,3.392386704683304,8,/home/sagemaker-user/atma/benchmarks/logs/atma_10b/longdoc_longdoc_fixed_target_rope_92ba733d7e.log
rope,longdoc,fixed_target,,codelion/finepdfs-1B,128k,,perplexity,29.73684069880879,8,/home/sagemaker-user/atma/benchmarks/logs/atma_10b/longdoc_longdoc_fixed_target_rope_92ba733d7e.log
rope,longdoc,fixed_target,,codelion/finepdfs-1B,16k,,bits_per_byte,1.8022912641512057,8,/home/sagemaker-user/atma/benchmarks/logs/atma_10b/longdoc_longdoc_fixed_target_rope_92ba733d7e.log
rope,longdoc,fixed_target,,codelion/finepdfs-1B,16k,,nll_nats_per_token,2.217912256717682,8,/home/sagemaker-user/atma/benchmarks/logs/atma_10b/longdoc_longdoc_fixed_target_rope_92ba733d7e.log
rope,longdoc,fixed_target,,codelion/finepdfs-1B,16k,,perplexity,9.188128374629763,8,/home/sagemaker-user/atma/benchmarks/logs/atma_10b/longdoc_longdoc_fixed_target_rope_92ba733d7e.log
rope,longdoc,fixed_target,,codelion/finepdfs-1B,256k,,bits_per_byte,2.9190267006478563,8,/home/sagemaker-user/atma/benchmarks/logs/atma_10b/longdoc_longdoc_fixed_target_rope_92ba733d7e.log
rope,longdoc,fixed_target,,codelion/finepdfs-1B,256k,,nll_nats_per_token,3.592174708843231,8,/home/sagemaker-user/atma/benchmarks/logs/atma_10b/longdoc_longdoc_fixed_target_rope_92ba733d7e.log
rope,longdoc,fixed_target,,codelion/finepdfs-1B,256k,,perplexity,36.312960235933424,8,/home/sagemaker-user/atma/benchmarks/logs/atma_10b/longdoc_longdoc_fixed_target_rope_92ba733d7e.log
rope,longdoc,fixed_target,,codelion/finepdfs-1B,2k,,bits_per_byte,1.0361080384202408,8,/home/sagemaker-user/atma/benchmarks/logs/atma_10b/longdoc_longdoc_fixed_target_rope_92ba733d7e.log
rope,longdoc,fixed_target,,codelion/finepdfs-1B,2k,,nll_nats_per_token,1.2750418111681938,8,/home/sagemaker-user/atma/benchmarks/logs/atma_10b/longdoc_longdoc_fixed_target_rope_92ba733d7e.log
rope,longdoc,fixed_target,,codelion/finepdfs-1B,2k,,perplexity,3.578851042916292,8,/home/sagemaker-user/atma/benchmarks/logs/atma_10b/longdoc_longdoc_fixed_target_rope_92ba733d7e.log
rope,longdoc,fixed_target,,codelion/finepdfs-1B,32k,,bits_per_byte,2.141553996386723,8,/home/sagemaker-user/atma/benchmarks/logs/atma_10b/longdoc_longdoc_fixed_target_rope_92ba733d7e.log
rope,longdoc,fixed_target,,codelion/finepdfs-1B,32k,,nll_nats_per_token,2.635411351919174,8,/home/sagemaker-user/atma/benchmarks/logs/atma_10b/longdoc_longdoc_fixed_target_rope_92ba733d7e.log
rope,longdoc,fixed_target,,codelion/finepdfs-1B,32k,,perplexity,13.94904925134275,8,/home/sagemaker-user/atma/benchmarks/logs/atma_10b/longdoc_longdoc_fixed_target_rope_92ba733d7e.log
rope,longdoc,fixed_target,,codelion/finepdfs-1B,4k,,bits_per_byte,1.2774433936612697,8,/home/sagemaker-user/atma/benchmarks/logs/atma_10b/longdoc_longdoc_fixed_target_rope_92ba733d7e.log
rope,longdoc,fixed_target,,codelion/finepdfs-1B,4k,,nll_nats_per_token,1.5720307901501656,8,/home/sagemaker-user/atma/benchmarks/logs/atma_10b/longdoc_longdoc_fixed_target_rope_92ba733d7e.log
rope,longdoc,fixed_target,,codelion/finepdfs-1B,4k,,perplexity,4.816419405864913,8,/home/sagemaker-user/atma/benchmarks/logs/atma_10b/longdoc_longdoc_fixed_target_rope_92ba733d7e.log
rope,longdoc,fixed_target,,codelion/finepdfs-1B,64k,,bits_per_byte,2.4688534383371765,8,/home/sagemaker-user/atma/benchmarks/logs/atma_10b/longdoc_longdoc_fixed_target_rope_92ba733d7e.log
rope,longdoc,fixed_target,,codelion/finepdfs-1B,64k,,nll_nats_per_token,3.038188338279724,8,/home/sagemaker-user/atma/benchmarks/logs/atma_10b/longdoc_longdoc_fixed_target_rope_92ba733d7e.log
rope,longdoc,fixed_target,,codelion/finepdfs-1B,64k,,perplexity,20.867404292202192,8,/home/sagemaker-user/atma/benchmarks/logs/atma_10b/longdoc_longdoc_fixed_target_rope_92ba733d7e.log
rope,longdoc,fixed_target,,codelion/finepdfs-1B,8k,,bits_per_byte,1.4923584357874473,8,/home/sagemaker-user/atma/benchmarks/logs/atma_10b/longdoc_longdoc_fixed_target_rope_92ba733d7e.log
rope,longdoc,fixed_target,,codelion/finepdfs-1B,8k,,nll_nats_per_token,1.8365067467093468,8,/home/sagemaker-user/atma/benchmarks/logs/atma_10b/longdoc_longdoc_fixed_target_rope_92ba733d7e.log
rope,longdoc,fixed_target,,codelion/finepdfs-1B,8k,,perplexity,6.274581231088277,8,/home/sagemaker-user/atma/benchmarks/logs/atma_10b/longdoc_longdoc_fixed_target_rope_92ba733d7e.log
rope,longdoc,fixed_target,,emozilla/pg19,128k,,bits_per_byte,1.5910237897717414,5,/home/sagemaker-user/atma/benchmarks/logs/atma_10b/longdoc_longdoc_fixed_target_rope_92ba733d7e.log
rope,longdoc,fixed_target,,emozilla/pg19,128k,,nll_nats_per_token,4.341467189788818,5,/home/sagemaker-user/atma/benchmarks/logs/atma_10b/longdoc_longdoc_fixed_target_rope_92ba733d7e.log
rope,longdoc,fixed_target,,emozilla/pg19,128k,,perplexity,76.82016645921513,5,/home/sagemaker-user/atma/benchmarks/logs/atma_10b/longdoc_longdoc_fixed_target_rope_92ba733d7e.log
rope,longdoc,fixed_target,,emozilla/pg19,16k,,bits_per_byte,1.4192731311156428,5,/home/sagemaker-user/atma/benchmarks/logs/atma_10b/longdoc_longdoc_fixed_target_rope_92ba733d7e.log
rope,longdoc,fixed_target,,emozilla/pg19,16k,,nll_nats_per_token,3.8728067874908447,5,/home/sagemaker-user/atma/benchmarks/logs/atma_10b/longdoc_longdoc_fixed_target_rope_92ba733d7e.log
rope,longdoc,fixed_target,,emozilla/pg19,16k,,perplexity,48.077139193561706,5,/home/sagemaker-user/atma/benchmarks/logs/atma_10b/longdoc_longdoc_fixed_target_rope_92ba733d7e.log
rope,longdoc,fixed_target,,emozilla/pg19,256k,,bits_per_byte,1.6256143002649681,5,/home/sagemaker-user/atma/benchmarks/logs/atma_10b/longdoc_longdoc_fixed_target_rope_92ba733d7e.log
rope,longdoc,fixed_target,,emozilla/pg19,256k,,nll_nats_per_token,4.435855197906494,5,/home/sagemaker-user/atma/benchmarks/logs/atma_10b/longdoc_longdoc_fixed_target_rope_92ba733d7e.log
rope,longdoc,fixed_target,,emozilla/pg19,256k,,perplexity,84.42429350372939,5,/home/sagemaker-user/atma/benchmarks/logs/atma_10b/longdoc_longdoc_fixed_target_rope_92ba733d7e.log
rope,longdoc,fixed_target,,emozilla/pg19,2k,,bits_per_byte,1.204321048731049,5,/home/sagemaker-user/atma/benchmarks/logs/atma_10b/longdoc_longdoc_fixed_target_rope_92ba733d7e.log
rope,longdoc,fixed_target,,emozilla/pg19,2k,,nll_nats_per_token,3.286261558532715,5,/home/sagemaker-user/atma/benchmarks/logs/atma_10b/longdoc_longdoc_fixed_target_rope_92ba733d7e.log
rope,longdoc,fixed_target,,emozilla/pg19,2k,,perplexity,26.742700524963933,5,/home/sagemaker-user/atma/benchmarks/logs/atma_10b/longdoc_longdoc_fixed_target_rope_92ba733d7e.log
rope,longdoc,fixed_target,,emozilla/pg19,32k,,bits_per_byte,1.4723019532811663,5,/home/sagemaker-user/atma/benchmarks/logs/atma_10b/longdoc_longdoc_fixed_target_rope_92ba733d7e.log
rope,longdoc,fixed_target,,emozilla/pg19,32k,,nll_nats_per_token,4.017507886886596,5,/home/sagemaker-user/atma/benchmarks/logs/atma_10b/longdoc_longdoc_fixed_target_rope_92ba733d7e.log
rope,longdoc,fixed_target,,emozilla/pg19,32k,,perplexity,55.56246519635393,5,/home/sagemaker-user/atma/benchmarks/logs/atma_10b/longdoc_longdoc_fixed_target_rope_92ba733d7e.log
rope,longdoc,fixed_target,,emozilla/pg19,4k,,bits_per_byte,1.3172733965098213,5,/home/sagemaker-user/atma/benchmarks/logs/atma_10b/longdoc_longdoc_fixed_target_rope_92ba733d7e.log
rope,longdoc,fixed_target,,emozilla/pg19,4k,,nll_nats_per_token,3.5944775104522706,5,/home/sagemaker-user/atma/benchmarks/logs/atma_10b/longdoc_longdoc_fixed_target_rope_92ba733d7e.log
rope,longdoc,fixed_target,,emozilla/pg19,4k,,perplexity,36.396678135054515,5,/home/sagemaker-user/atma/benchmarks/logs/atma_10b/longdoc_longdoc_fixed_target_rope_92ba733d7e.log
rope,longdoc,fixed_target,,emozilla/pg19,64k,,bits_per_byte,1.5412576377451292,5,/home/sagemaker-user/atma/benchmarks/logs/atma_10b/longdoc_longdoc_fixed_target_rope_92ba733d7e.log
rope,longdoc,fixed_target,,emozilla/pg19,64k,,nll_nats_per_token,4.205669021606445,5,/home/sagemaker-user/atma/benchmarks/logs/atma_10b/longdoc_longdoc_fixed_target_rope_92ba733d7e.log
rope,longdoc,fixed_target,,emozilla/pg19,64k,,perplexity,67.06545089643737,5,/home/sagemaker-user/atma/benchmarks/logs/atma_10b/longdoc_longdoc_fixed_target_rope_92ba733d7e.log
rope,longdoc,fixed_target,,emozilla/pg19,8k,,bits_per_byte,1.349814803787552,5,/home/sagemaker-user/atma/benchmarks/logs/atma_10b/longdoc_longdoc_fixed_target_rope_92ba733d7e.log
rope,longdoc,fixed_target,,emozilla/pg19,8k,,nll_nats_per_token,3.6832740783691404,5,/home/sagemaker-user/atma/benchmarks/logs/atma_10b/longdoc_longdoc_fixed_target_rope_92ba733d7e.log
rope,longdoc,fixed_target,,emozilla/pg19,8k,,perplexity,39.77641220244828,5,/home/sagemaker-user/atma/benchmarks/logs/atma_10b/longdoc_longdoc_fixed_target_rope_92ba733d7e.log
rope,longdoc,fixed_target,,hoskinson-center/proof-pile,128k,,bits_per_byte,2.892142478850615,5,/home/sagemaker-user/atma/benchmarks/logs/atma_10b/longdoc_longdoc_fixed_target_rope_92ba733d7e.log
rope,longdoc,fixed_target,,hoskinson-center/proof-pile,128k,,nll_nats_per_token,5.071214962005615,5,/home/sagemaker-user/atma/benchmarks/logs/atma_10b/longdoc_longdoc_fixed_target_rope_92ba733d7e.log
rope,longdoc,fixed_target,,hoskinson-center/proof-pile,128k,,perplexity,159.3678356320942,5,/home/sagemaker-user/atma/benchmarks/logs/atma_10b/longdoc_longdoc_fixed_target_rope_92ba733d7e.log
rope,longdoc,fixed_target,,hoskinson-center/proof-pile,16k,,bits_per_byte,2.582270402561186,5,/home/sagemaker-user/atma/benchmarks/logs/atma_10b/longdoc_longdoc_fixed_target_rope_92ba733d7e.log
rope,longdoc,fixed_target,,hoskinson-center/proof-pile,16k,,nll_nats_per_token,4.527871084213257,5,/home/sagemaker-user/atma/benchmarks/logs/atma_10b/longdoc_longdoc_fixed_target_rope_92ba733d7e.log
rope,longdoc,fixed_target,,hoskinson-center/proof-pile,16k,,perplexity,92.56129597197713,5,/home/sagemaker-user/atma/benchmarks/logs/atma_10b/longdoc_longdoc_fixed_target_rope_92ba733d7e.log
rope,longdoc,fixed_target,,hoskinson-center/proof-pile,256k,,bits_per_byte,2.9908883792982968,5,/home/sagemaker-user/atma/benchmarks/logs/atma_10b/longdoc_longdoc_fixed_target_rope_92ba733d7e.log
rope,longdoc,fixed_target,,hoskinson-center/proof-pile,256k,,nll_nats_per_token,5.244360542297363,5,/home/sagemaker-user/atma/benchmarks/logs/atma_10b/longdoc_longdoc_fixed_target_rope_92ba733d7e.log
rope,longdoc,fixed_target,,hoskinson-center/proof-pile,256k,,perplexity,189.4946026952041,5,/home/sagemaker-user/atma/benchmarks/logs/atma_10b/longdoc_longdoc_fixed_target_rope_92ba733d7e.log
rope,longdoc,fixed_target,,hoskinson-center/proof-pile,2k,,bits_per_byte,2.077456670101329,5,/home/sagemaker-user/atma/benchmarks/logs/atma_10b/longdoc_longdoc_fixed_target_rope_92ba733d7e.log
rope,longdoc,fixed_target,,hoskinson-center/proof-pile,2k,,nll_nats_per_token,3.642707586288452,5,/home/sagemaker-user/atma/benchmarks/logs/atma_10b/longdoc_longdoc_fixed_target_rope_92ba733d7e.log
rope,longdoc,fixed_target,,hoskinson-center/proof-pile,2k,,perplexity,38.195113412395834,5,/home/sagemaker-user/atma/benchmarks/logs/atma_10b/longdoc_longdoc_fixed_target_rope_92ba733d7e.log
rope,longdoc,fixed_target,,hoskinson-center/proof-pile,32k,,bits_per_byte,2.668151091415194,5,/home/sagemaker-user/atma/benchmarks/logs/atma_10b/longdoc_longdoc_fixed_target_rope_92ba733d7e.log
rope,longdoc,fixed_target,,hoskinson-center/proof-pile,32k,,nll_nats_per_token,4.678458213806152,5,/home/sagemaker-user/atma/benchmarks/logs/atma_10b/longdoc_longdoc_fixed_target_rope_92ba733d7e.log
rope,longdoc,fixed_target,,hoskinson-center/proof-pile,32k,,perplexity,107.60404218596724,5,/home/sagemaker-user/atma/benchmarks/logs/atma_10b/longdoc_longdoc_fixed_target_rope_92ba733d7e.log
rope,longdoc,fixed_target,,hoskinson-center/proof-pile,4k,,bits_per_byte,2.3311099323128945,5,/home/sagemaker-user/atma/benchmarks/logs/atma_10b/longdoc_longdoc_fixed_target_rope_92ba733d7e.log
rope,longdoc,fixed_target,,hoskinson-center/proof-pile,4k,,nll_nats_per_token,4.087474822998047,5,/home/sagemaker-user/atma/benchmarks/logs/atma_10b/longdoc_longdoc_fixed_target_rope_92ba733d7e.log
rope,longdoc,fixed_target,,hoskinson-center/proof-pile,4k,,perplexity,59.58922820956954,5,/home/sagemaker-user/atma/benchmarks/logs/atma_10b/longdoc_longdoc_fixed_target_rope_92ba733d7e.log
rope,longdoc,fixed_target,,hoskinson-center/proof-pile,64k,,bits_per_byte,2.746149487561469,5,/home/sagemaker-user/atma/benchmarks/logs/atma_10b/longdoc_longdoc_fixed_target_rope_92ba733d7e.log
rope,longdoc,fixed_target,,hoskinson-center/proof-pile,64k,,nll_nats_per_token,4.8152241706848145,5,/home/sagemaker-user/atma/benchmarks/logs/atma_10b/longdoc_longdoc_fixed_target_rope_92ba733d7e.log
rope,longdoc,fixed_target,,hoskinson-center/proof-pile,64k,,perplexity,123.37446614903796,5,/home/sagemaker-user/atma/benchmarks/logs/atma_10b/longdoc_longdoc_fixed_target_rope_92ba733d7e.log
rope,longdoc,fixed_target,,hoskinson-center/proof-pile,8k,,bits_per_byte,2.50671206864615,5,/home/sagemaker-user/atma/benchmarks/logs/atma_10b/longdoc_longdoc_fixed_target_rope_92ba733d7e.log
rope,longdoc,fixed_target,,hoskinson-center/proof-pile,8k,,nll_nats_per_token,4.395383644104004,5,/home/sagemaker-user/atma/benchmarks/logs/atma_10b/longdoc_longdoc_fixed_target_rope_92ba733d7e.log
rope,longdoc,fixed_target,,hoskinson-center/proof-pile,8k,,perplexity,81.07572902243133,5,/home/sagemaker-user/atma/benchmarks/logs/atma_10b/longdoc_longdoc_fixed_target_rope_92ba733d7e.log
rope,retrieval,real,niah,codelion/finepdfs-1B,128k,0.1,exact_match,0.0,50,/home/sagemaker-user/atma/benchmarks/logs/atma_10b/retrieval_retrieval_real_rope_3a6d797a29.log
rope,retrieval,real,niah,codelion/finepdfs-1B,128k,0.1,nll_nats_per_token,6.4647159652709965,50,/home/sagemaker-user/atma/benchmarks/logs/atma_10b/retrieval_retrieval_real_rope_3a6d797a29.log
rope,retrieval,real,niah,codelion/finepdfs-1B,128k,0.1,token_accuracy,0.0,50,/home/sagemaker-user/atma/benchmarks/logs/atma_10b/retrieval_retrieval_real_rope_3a6d797a29.log
rope,retrieval,real,niah,codelion/finepdfs-1B,128k,0.5,exact_match,0.0,50,/home/sagemaker-user/atma/benchmarks/logs/atma_10b/retrieval_retrieval_real_rope_3a6d797a29.log
rope,retrieval,real,niah,codelion/finepdfs-1B,128k,0.5,nll_nats_per_token,6.457450721740723,50,/home/sagemaker-user/atma/benchmarks/logs/atma_10b/retrieval_retrieval_real_rope_3a6d797a29.log
rope,retrieval,real,niah,codelion/finepdfs-1B,128k,0.5,token_accuracy,0.0,50,/home/sagemaker-user/atma/benchmarks/logs/atma_10b/retrieval_retrieval_real_rope_3a6d797a29.log
rope,retrieval,real,niah,codelion/finepdfs-1B,128k,0.9,exact_match,0.0,50,/home/sagemaker-user/atma/benchmarks/logs/atma_10b/retrieval_retrieval_real_rope_3a6d797a29.log
rope,retrieval,real,niah,codelion/finepdfs-1B,128k,0.9,nll_nats_per_token,6.4522749710083005,50,/home/sagemaker-user/atma/benchmarks/logs/atma_10b/retrieval_retrieval_real_rope_3a6d797a29.log
rope,retrieval,real,niah,codelion/finepdfs-1B,128k,0.9,token_accuracy,0.0,50,/home/sagemaker-user/atma/benchmarks/logs/atma_10b/retrieval_retrieval_real_rope_3a6d797a29.log
rope,retrieval,real,niah,codelion/finepdfs-1B,16k,0.1,exact_match,0.0,50,/home/sagemaker-user/atma/benchmarks/logs/atma_10b/retrieval_retrieval_real_rope_3a6d797a29.log
rope,retrieval,real,niah,codelion/finepdfs-1B,16k,0.1,nll_nats_per_token,6.878367568969726,50,/home/sagemaker-user/atma/benchmarks/logs/atma_10b/retrieval_retrieval_real_rope_3a6d797a29.log
rope,retrieval,real,niah,codelion/finepdfs-1B,16k,0.1,token_accuracy,0.0,50,/home/sagemaker-user/atma/benchmarks/logs/atma_10b/retrieval_retrieval_real_rope_3a6d797a29.log
rope,retrieval,real,niah,codelion/finepdfs-1B,16k,0.5,exact_match,0.0,50,/home/sagemaker-user/atma/benchmarks/logs/atma_10b/retrieval_retrieval_real_rope_3a6d797a29.log
rope,retrieval,real,niah,codelion/finepdfs-1B,16k,0.5,nll_nats_per_token,6.876373237609863,50,/home/sagemaker-user/atma/benchmarks/logs/atma_10b/retrieval_retrieval_real_rope_3a6d797a29.log
rope,retrieval,real,niah,codelion/finepdfs-1B,16k,0.5,token_accuracy,0.0,50,/home/sagemaker-user/atma/benchmarks/logs/atma_10b/retrieval_retrieval_real_rope_3a6d797a29.log
rope,retrieval,real,niah,codelion/finepdfs-1B,16k,0.9,exact_match,0.0,50,/home/sagemaker-user/atma/benchmarks/logs/atma_10b/retrieval_retrieval_real_rope_3a6d797a29.log
rope,retrieval,real,niah,codelion/finepdfs-1B,16k,0.9,nll_nats_per_token,7.002281089782715,50,/home/sagemaker-user/atma/benchmarks/logs/atma_10b/retrieval_retrieval_real_rope_3a6d797a29.log
rope,retrieval,real,niah,codelion/finepdfs-1B,16k,0.9,token_accuracy,0.0,50,/home/sagemaker-user/atma/benchmarks/logs/atma_10b/retrieval_retrieval_real_rope_3a6d797a29.log
rope,retrieval,real,niah,codelion/finepdfs-1B,256k,0.1,exact_match,0.0,50,/home/sagemaker-user/atma/benchmarks/logs/atma_10b/retrieval_retrieval_real_rope_3a6d797a29.log
rope,retrieval,real,niah,codelion/finepdfs-1B,256k,0.1,nll_nats_per_token,6.72610082244873,50,/home/sagemaker-user/atma/benchmarks/logs/atma_10b/retrieval_retrieval_real_rope_3a6d797a29.log
rope,retrieval,real,niah,codelion/finepdfs-1B,256k,0.1,token_accuracy,0.0,50,/home/sagemaker-user/atma/benchmarks/logs/atma_10b/retrieval_retrieval_real_rope_3a6d797a29.log
rope,retrieval,real,niah,codelion/finepdfs-1B,256k,0.5,exact_match,0.0,50,/home/sagemaker-user/atma/benchmarks/logs/atma_10b/retrieval_retrieval_real_rope_3a6d797a29.log
rope,retrieval,real,niah,codelion/finepdfs-1B,256k,0.5,nll_nats_per_token,6.7252119140625,50,/home/sagemaker-user/atma/benchmarks/logs/atma_10b/retrieval_retrieval_real_rope_3a6d797a29.log
rope,retrieval,real,niah,codelion/finepdfs-1B,256k,0.5,token_accuracy,0.0,50,/home/sagemaker-user/atma/benchmarks/logs/atma_10b/retrieval_retrieval_real_rope_3a6d797a29.log
rope,retrieval,real,niah,codelion/finepdfs-1B,256k,0.9,exact_match,0.0,50,/home/sagemaker-user/atma/benchmarks/logs/atma_10b/retrieval_retrieval_real_rope_3a6d797a29.log
rope,retrieval,real,niah,codelion/finepdfs-1B,256k,0.9,nll_nats_per_token,6.726259635925293,50,/home/sagemaker-user/atma/benchmarks/logs/atma_10b/retrieval_retrieval_real_rope_3a6d797a29.log
rope,retrieval,real,niah,codelion/finepdfs-1B,256k,0.9,token_accuracy,0.0,50,/home/sagemaker-user/atma/benchmarks/logs/atma_10b/retrieval_retrieval_real_rope_3a6d797a29.log
rope,retrieval,real,niah,codelion/finepdfs-1B,2k,0.1,exact_match,48.0,50,/home/sagemaker-user/atma/benchmarks/logs/atma_10b/retrieval_retrieval_real_rope_3a6d797a29.log
rope,retrieval,real,niah,codelion/finepdfs-1B,2k,0.1,nll_nats_per_token,0.7685578060150147,50,/home/sagemaker-user/atma/benchmarks/logs/atma_10b/retrieval_retrieval_real_rope_3a6d797a29.log
rope,retrieval,real,niah,codelion/finepdfs-1B,2k,0.1,token_accuracy,87.2,50,/home/sagemaker-user/atma/benchmarks/logs/atma_10b/retrieval_retrieval_real_rope_3a6d797a29.log
rope,retrieval,real,niah,codelion/finepdfs-1B,2k,0.5,exact_match,82.0,50,/home/sagemaker-user/atma/benchmarks/logs/atma_10b/retrieval_retrieval_real_rope_3a6d797a29.log
rope,retrieval,real,niah,codelion/finepdfs-1B,2k,0.5,nll_nats_per_token,0.28863556289672854,50,/home/sagemaker-user/atma/benchmarks/logs/atma_10b/retrieval_retrieval_real_rope_3a6d797a29.log
rope,retrieval,real,niah,codelion/finepdfs-1B,2k,0.5,token_accuracy,96.0,50,/home/sagemaker-user/atma/benchmarks/logs/atma_10b/retrieval_retrieval_real_rope_3a6d797a29.log
rope,retrieval,real,niah,codelion/finepdfs-1B,2k,0.9,exact_match,60.0,50,/home/sagemaker-user/atma/benchmarks/logs/atma_10b/retrieval_retrieval_real_rope_3a6d797a29.log
rope,retrieval,real,niah,codelion/finepdfs-1B,2k,0.9,nll_nats_per_token,0.3993718531131744,50,/home/sagemaker-user/atma/benchmarks/logs/atma_10b/retrieval_retrieval_real_rope_3a6d797a29.log
rope,retrieval,real,niah,codelion/finepdfs-1B,2k,0.9,token_accuracy,90.8,50,/home/sagemaker-user/atma/benchmarks/logs/atma_10b/retrieval_retrieval_real_rope_3a6d797a29.log
rope,retrieval,real,niah,codelion/finepdfs-1B,32k,0.1,exact_match,0.0,50,/home/sagemaker-user/atma/benchmarks/logs/atma_10b/retrieval_retrieval_real_rope_3a6d797a29.log
rope,retrieval,real,niah,codelion/finepdfs-1B,32k,0.1,nll_nats_per_token,6.659068168640137,50,/home/sagemaker-user/atma/benchmarks/logs/atma_10b/retrieval_retrieval_real_rope_3a6d797a29.log
rope,retrieval,real,niah,codelion/finepdfs-1B,32k,0.1,token_accuracy,0.0,50,/home/sagemaker-user/atma/benchmarks/logs/atma_10b/retrieval_retrieval_real_rope_3a6d797a29.log
rope,retrieval,real,niah,codelion/finepdfs-1B,32k,0.5,exact_match,0.0,50,/home/sagemaker-user/atma/benchmarks/logs/atma_10b/retrieval_retrieval_real_rope_3a6d797a29.log
rope,retrieval,real,niah,codelion/finepdfs-1B,32k,0.5,nll_nats_per_token,6.89098910522461,50,/home/sagemaker-user/atma/benchmarks/logs/atma_10b/retrieval_retrieval_real_rope_3a6d797a29.log
rope,retrieval,real,niah,codelion/finepdfs-1B,32k,0.5,token_accuracy,0.0,50,/home/sagemaker-user/atma/benchmarks/logs/atma_10b/retrieval_retrieval_real_rope_3a6d797a29.log
rope,retrieval,real,niah,codelion/finepdfs-1B,32k,0.9,exact_match,0.0,50,/home/sagemaker-user/atma/benchmarks/logs/atma_10b/retrieval_retrieval_real_rope_3a6d797a29.log
rope,retrieval,real,niah,codelion/finepdfs-1B,32k,0.9,nll_nats_per_token,6.848114990234375,50,/home/sagemaker-user/atma/benchmarks/logs/atma_10b/retrieval_retrieval_real_rope_3a6d797a29.log
rope,retrieval,real,niah,codelion/finepdfs-1B,32k,0.9,token_accuracy,0.0,50,/home/sagemaker-user/atma/benchmarks/logs/atma_10b/retrieval_retrieval_real_rope_3a6d797a29.log
rope,retrieval,real,niah,codelion/finepdfs-1B,4k,0.1,exact_match,0.0,50,/home/sagemaker-user/atma/benchmarks/logs/atma_10b/retrieval_retrieval_real_rope_3a6d797a29.log
rope,retrieval,real,niah,codelion/finepdfs-1B,4k,0.1,nll_nats_per_token,4.201517730712891,50,/home/sagemaker-user/atma/benchmarks/logs/atma_10b/retrieval_retrieval_real_rope_3a6d797a29.log
rope,retrieval,real,niah,codelion/finepdfs-1B,4k,0.1,token_accuracy,2.0,50,/home/sagemaker-user/atma/benchmarks/logs/atma_10b/retrieval_retrieval_real_rope_3a6d797a29.log
rope,retrieval,real,niah,codelion/finepdfs-1B,4k,0.5,exact_match,0.0,50,/home/sagemaker-user/atma/benchmarks/logs/atma_10b/retrieval_retrieval_real_rope_3a6d797a29.log
rope,retrieval,real,niah,codelion/finepdfs-1B,4k,0.5,nll_nats_per_token,5.2747145309448245,50,/home/sagemaker-user/atma/benchmarks/logs/atma_10b/retrieval_retrieval_real_rope_3a6d797a29.log
rope,retrieval,real,niah,codelion/finepdfs-1B,4k,0.5,token_accuracy,0.0,50,/home/sagemaker-user/atma/benchmarks/logs/atma_10b/retrieval_retrieval_real_rope_3a6d797a29.log
rope,retrieval,real,niah,codelion/finepdfs-1B,4k,0.9,exact_match,0.0,50,/home/sagemaker-user/atma/benchmarks/logs/atma_10b/retrieval_retrieval_real_rope_3a6d797a29.log
rope,retrieval,real,niah,codelion/finepdfs-1B,4k,0.9,nll_nats_per_token,4.292433620452881,50,/home/sagemaker-user/atma/benchmarks/logs/atma_10b/retrieval_retrieval_real_rope_3a6d797a29.log
rope,retrieval,real,niah,codelion/finepdfs-1B,4k,0.9,token_accuracy,2.0,50,/home/sagemaker-user/atma/benchmarks/logs/atma_10b/retrieval_retrieval_real_rope_3a6d797a29.log
rope,retrieval,real,niah,codelion/finepdfs-1B,64k,0.1,exact_match,0.0,50,/home/sagemaker-user/atma/benchmarks/logs/atma_10b/retrieval_retrieval_real_rope_3a6d797a29.log
rope,retrieval,real,niah,codelion/finepdfs-1B,64k,0.1,nll_nats_per_token,6.895062324523926,50,/home/sagemaker-user/atma/benchmarks/logs/atma_10b/retrieval_retrieval_real_rope_3a6d797a29.log
rope,retrieval,real,niah,codelion/finepdfs-1B,64k,0.1,token_accuracy,0.0,50,/home/sagemaker-user/atma/benchmarks/logs/atma_10b/retrieval_retrieval_real_rope_3a6d797a29.log
rope,retrieval,real,niah,codelion/finepdfs-1B,64k,0.5,exact_match,0.0,50,/home/sagemaker-user/atma/benchmarks/logs/atma_10b/retrieval_retrieval_real_rope_3a6d797a29.log
rope,retrieval,real,niah,codelion/finepdfs-1B,64k,0.5,nll_nats_per_token,6.983771690368652,50,/home/sagemaker-user/atma/benchmarks/logs/atma_10b/retrieval_retrieval_real_rope_3a6d797a29.log
rope,retrieval,real,niah,codelion/finepdfs-1B,64k,0.5,token_accuracy,0.0,50,/home/sagemaker-user/atma/benchmarks/logs/atma_10b/retrieval_retrieval_real_rope_3a6d797a29.log
rope,retrieval,real,niah,codelion/finepdfs-1B,64k,0.9,exact_match,0.0,50,/home/sagemaker-user/atma/benchmarks/logs/atma_10b/retrieval_retrieval_real_rope_3a6d797a29.log
rope,retrieval,real,niah,codelion/finepdfs-1B,64k,0.9,nll_nats_per_token,6.993999679565429,50,/home/sagemaker-user/atma/benchmarks/logs/atma_10b/retrieval_retrieval_real_rope_3a6d797a29.log
rope,retrieval,real,niah,codelion/finepdfs-1B,64k,0.9,token_accuracy,0.0,50,/home/sagemaker-user/atma/benchmarks/logs/atma_10b/retrieval_retrieval_real_rope_3a6d797a29.log
rope,retrieval,real,niah,codelion/finepdfs-1B,8k,0.1,exact_match,0.0,50,/home/sagemaker-user/atma/benchmarks/logs/atma_10b/retrieval_retrieval_real_rope_3a6d797a29.log
rope,retrieval,real,niah,codelion/finepdfs-1B,8k,0.1,nll_nats_per_token,5.2776629180908206,50,/home/sagemaker-user/atma/benchmarks/logs/atma_10b/retrieval_retrieval_real_rope_3a6d797a29.log
rope,retrieval,real,niah,codelion/finepdfs-1B,8k,0.1,token_accuracy,0.0,50,/home/sagemaker-user/atma/benchmarks/logs/atma_10b/retrieval_retrieval_real_rope_3a6d797a29.log
rope,retrieval,real,niah,codelion/finepdfs-1B,8k,0.5,exact_match,0.0,50,/home/sagemaker-user/atma/benchmarks/logs/atma_10b/retrieval_retrieval_real_rope_3a6d797a29.log
rope,retrieval,real,niah,codelion/finepdfs-1B,8k,0.5,nll_nats_per_token,5.262586502075195,50,/home/sagemaker-user/atma/benchmarks/logs/atma_10b/retrieval_retrieval_real_rope_3a6d797a29.log
rope,retrieval,real,niah,codelion/finepdfs-1B,8k,0.5,token_accuracy,0.0,50,/home/sagemaker-user/atma/benchmarks/logs/atma_10b/retrieval_retrieval_real_rope_3a6d797a29.log
rope,retrieval,real,niah,codelion/finepdfs-1B,8k,0.9,exact_match,0.0,50,/home/sagemaker-user/atma/benchmarks/logs/atma_10b/retrieval_retrieval_real_rope_3a6d797a29.log
rope,retrieval,real,niah,codelion/finepdfs-1B,8k,0.9,nll_nats_per_token,5.357173080444336,50,/home/sagemaker-user/atma/benchmarks/logs/atma_10b/retrieval_retrieval_real_rope_3a6d797a29.log
rope,retrieval,real,niah,codelion/finepdfs-1B,8k,0.9,token_accuracy,0.8,50,/home/sagemaker-user/atma/benchmarks/logs/atma_10b/retrieval_retrieval_real_rope_3a6d797a29.log
rope,retrieval,real,passkey,codelion/finepdfs-1B,128k,0.1,exact_match,0.0,50,/home/sagemaker-user/atma/benchmarks/logs/atma_10b/retrieval_retrieval_real_rope_3a6d797a29.log
rope,retrieval,real,passkey,codelion/finepdfs-1B,128k,0.1,nll_nats_per_token,6.76155558013916,50,/home/sagemaker-user/atma/benchmarks/logs/atma_10b/retrieval_retrieval_real_rope_3a6d797a29.log
rope,retrieval,real,passkey,codelion/finepdfs-1B,128k,0.1,token_accuracy,0.0,50,/home/sagemaker-user/atma/benchmarks/logs/atma_10b/retrieval_retrieval_real_rope_3a6d797a29.log
rope,retrieval,real,passkey,codelion/finepdfs-1B,128k,0.5,exact_match,0.0,50,/home/sagemaker-user/atma/benchmarks/logs/atma_10b/retrieval_retrieval_real_rope_3a6d797a29.log
rope,retrieval,real,passkey,codelion/finepdfs-1B,128k,0.5,nll_nats_per_token,6.76096533203125,50,/home/sagemaker-user/atma/benchmarks/logs/atma_10b/retrieval_retrieval_real_rope_3a6d797a29.log
rope,retrieval,real,passkey,codelion/finepdfs-1B,128k,0.5,token_accuracy,0.0,50,/home/sagemaker-user/atma/benchmarks/logs/atma_10b/retrieval_retrieval_real_rope_3a6d797a29.log
rope,retrieval,real,passkey,codelion/finepdfs-1B,128k,0.9,exact_match,0.0,50,/home/sagemaker-user/atma/benchmarks/logs/atma_10b/retrieval_retrieval_real_rope_3a6d797a29.log
rope,retrieval,real,passkey,codelion/finepdfs-1B,128k,0.9,nll_nats_per_token,6.761343086242676,50,/home/sagemaker-user/atma/benchmarks/logs/atma_10b/retrieval_retrieval_real_rope_3a6d797a29.log
rope,retrieval,real,passkey,codelion/finepdfs-1B,128k,0.9,token_accuracy,0.0,50,/home/sagemaker-user/atma/benchmarks/logs/atma_10b/retrieval_retrieval_real_rope_3a6d797a29.log
rope,retrieval,real,passkey,codelion/finepdfs-1B,16k,0.1,exact_match,0.0,50,/home/sagemaker-user/atma/benchmarks/logs/atma_10b/retrieval_retrieval_real_rope_3a6d797a29.log
rope,retrieval,real,passkey,codelion/finepdfs-1B,16k,0.1,nll_nats_per_token,7.130278869628906,50,/home/sagemaker-user/atma/benchmarks/logs/atma_10b/retrieval_retrieval_real_rope_3a6d797a29.log
rope,retrieval,real,passkey,codelion/finepdfs-1B,16k,0.1,token_accuracy,0.0,50,/home/sagemaker-user/atma/benchmarks/logs/atma_10b/retrieval_retrieval_real_rope_3a6d797a29.log
rope,retrieval,real,passkey,codelion/finepdfs-1B,16k,0.5,exact_match,0.0,50,/home/sagemaker-user/atma/benchmarks/logs/atma_10b/retrieval_retrieval_real_rope_3a6d797a29.log
rope,retrieval,real,passkey,codelion/finepdfs-1B,16k,0.5,nll_nats_per_token,7.211663925170899,50,/home/sagemaker-user/atma/benchmarks/logs/atma_10b/retrieval_retrieval_real_rope_3a6d797a29.log
rope,retrieval,real,passkey,codelion/finepdfs-1B,16k,0.5,token_accuracy,0.0,50,/home/sagemaker-user/atma/benchmarks/logs/atma_10b/retrieval_retrieval_real_rope_3a6d797a29.log
rope,retrieval,real,passkey,codelion/finepdfs-1B,16k,0.9,exact_match,0.0,50,/home/sagemaker-user/atma/benchmarks/logs/atma_10b/retrieval_retrieval_real_rope_3a6d797a29.log
rope,retrieval,real,passkey,codelion/finepdfs-1B,16k,0.9,nll_nats_per_token,7.420027191162109,50,/home/sagemaker-user/atma/benchmarks/logs/atma_10b/retrieval_retrieval_real_rope_3a6d797a29.log
rope,retrieval,real,passkey,codelion/finepdfs-1B,16k,0.9,token_accuracy,0.0,50,/home/sagemaker-user/atma/benchmarks/logs/atma_10b/retrieval_retrieval_real_rope_3a6d797a29.log
rope,retrieval,real,passkey,codelion/finepdfs-1B,256k,0.1,exact_match,0.0,50,/home/sagemaker-user/atma/benchmarks/logs/atma_10b/retrieval_retrieval_real_rope_3a6d797a29.log
rope,retrieval,real,passkey,codelion/finepdfs-1B,256k,0.1,nll_nats_per_token,7.080688255310059,50,/home/sagemaker-user/atma/benchmarks/logs/atma_10b/retrieval_retrieval_real_rope_3a6d797a29.log
rope,retrieval,real,passkey,codelion/finepdfs-1B,256k,0.1,token_accuracy,0.0,50,/home/sagemaker-user/atma/benchmarks/logs/atma_10b/retrieval_retrieval_real_rope_3a6d797a29.log
rope,retrieval,real,passkey,codelion/finepdfs-1B,256k,0.5,exact_match,0.0,50,/home/sagemaker-user/atma/benchmarks/logs/atma_10b/retrieval_retrieval_real_rope_3a6d797a29.log
rope,retrieval,real,passkey,codelion/finepdfs-1B,256k,0.5,nll_nats_per_token,7.0795334014892575,50,/home/sagemaker-user/atma/benchmarks/logs/atma_10b/retrieval_retrieval_real_rope_3a6d797a29.log
rope,retrieval,real,passkey,codelion/finepdfs-1B,256k,0.5,token_accuracy,0.0,50,/home/sagemaker-user/atma/benchmarks/logs/atma_10b/retrieval_retrieval_real_rope_3a6d797a29.log
rope,retrieval,real,passkey,codelion/finepdfs-1B,256k,0.9,exact_match,0.0,50,/home/sagemaker-user/atma/benchmarks/logs/atma_10b/retrieval_retrieval_real_rope_3a6d797a29.log
rope,retrieval,real,passkey,codelion/finepdfs-1B,256k,0.9,nll_nats_per_token,7.083078109741211,50,/home/sagemaker-user/atma/benchmarks/logs/atma_10b/retrieval_retrieval_real_rope_3a6d797a29.log
rope,retrieval,real,passkey,codelion/finepdfs-1B,256k,0.9,token_accuracy,0.0,50,/home/sagemaker-user/atma/benchmarks/logs/atma_10b/retrieval_retrieval_real_rope_3a6d797a29.log
rope,retrieval,real,passkey,codelion/finepdfs-1B,2k,0.1,exact_match,92.0,50,/home/sagemaker-user/atma/benchmarks/logs/atma_10b/retrieval_retrieval_real_rope_3a6d797a29.log
rope,retrieval,real,passkey,codelion/finepdfs-1B,2k,0.1,nll_nats_per_token,0.2700116329193115,50,/home/sagemaker-user/atma/benchmarks/logs/atma_10b/retrieval_retrieval_real_rope_3a6d797a29.log
rope,retrieval,real,passkey,codelion/finepdfs-1B,2k,0.1,token_accuracy,98.4,50,/home/sagemaker-user/atma/benchmarks/logs/atma_10b/retrieval_retrieval_real_rope_3a6d797a29.log
rope,retrieval,real,passkey,codelion/finepdfs-1B,2k,0.5,exact_match,94.0,50,/home/sagemaker-user/atma/benchmarks/logs/atma_10b/retrieval_retrieval_real_rope_3a6d797a29.log
rope,retrieval,real,passkey,codelion/finepdfs-1B,2k,0.5,nll_nats_per_token,0.21504010486602784,50,/home/sagemaker-user/atma/benchmarks/logs/atma_10b/retrieval_retrieval_real_rope_3a6d797a29.log
rope,retrieval,real,passkey,codelion/finepdfs-1B,2k,0.5,token_accuracy,98.8,50,/home/sagemaker-user/atma/benchmarks/logs/atma_10b/retrieval_retrieval_real_rope_3a6d797a29.log
rope,retrieval,real,passkey,codelion/finepdfs-1B,2k,0.9,exact_match,88.0,50,/home/sagemaker-user/atma/benchmarks/logs/atma_10b/retrieval_retrieval_real_rope_3a6d797a29.log
rope,retrieval,real,passkey,codelion/finepdfs-1B,2k,0.9,nll_nats_per_token,0.20807034826278686,50,/home/sagemaker-user/atma/benchmarks/logs/atma_10b/retrieval_retrieval_real_rope_3a6d797a29.log
rope,retrieval,real,passkey,codelion/finepdfs-1B,2k,0.9,token_accuracy,97.6,50,/home/sagemaker-user/atma/benchmarks/logs/atma_10b/retrieval_retrieval_real_rope_3a6d797a29.log
rope,retrieval,real,passkey,codelion/finepdfs-1B,32k,0.1,exact_match,0.0,50,/home/sagemaker-user/atma/benchmarks/logs/atma_10b/retrieval_retrieval_real_rope_3a6d797a29.log
rope,retrieval,real,passkey,codelion/finepdfs-1B,32k,0.1,nll_nats_per_token,6.855662521362305,50,/home/sagemaker-user/atma/benchmarks/logs/atma_10b/retrieval_retrieval_real_rope_3a6d797a29.log
rope,retrieval,real,passkey,codelion/finepdfs-1B,32k,0.1,token_accuracy,0.0,50,/home/sagemaker-user/atma/benchmarks/logs/atma_10b/retrieval_retrieval_real_rope_3a6d797a29.log
rope,retrieval,real,passkey,codelion/finepdfs-1B,32k,0.5,exact_match,0.0,50,/home/sagemaker-user/atma/benchmarks/logs/atma_10b/retrieval_retrieval_real_rope_3a6d797a29.log
rope,retrieval,real,passkey,codelion/finepdfs-1B,32k,0.5,nll_nats_per_token,7.1884315338134765,50,/home/sagemaker-user/atma/benchmarks/logs/atma_10b/retrieval_retrieval_real_rope_3a6d797a29.log
rope,retrieval,real,passkey,codelion/finepdfs-1B,32k,0.5,token_accuracy,0.0,50,/home/sagemaker-user/atma/benchmarks/logs/atma_10b/retrieval_retrieval_real_rope_3a6d797a29.log
rope,retrieval,real,passkey,codelion/finepdfs-1B,32k,0.9,exact_match,0.0,50,/home/sagemaker-user/atma/benchmarks/logs/atma_10b/retrieval_retrieval_real_rope_3a6d797a29.log
rope,retrieval,real,passkey,codelion/finepdfs-1B,32k,0.9,nll_nats_per_token,7.158509925842285,50,/home/sagemaker-user/atma/benchmarks/logs/atma_10b/retrieval_retrieval_real_rope_3a6d797a29.log
rope,retrieval,real,passkey,codelion/finepdfs-1B,32k,0.9,token_accuracy,0.0,50,/home/sagemaker-user/atma/benchmarks/logs/atma_10b/retrieval_retrieval_real_rope_3a6d797a29.log
rope,retrieval,real,passkey,codelion/finepdfs-1B,4k,0.1,exact_match,0.0,50,/home/sagemaker-user/atma/benchmarks/logs/atma_10b/retrieval_retrieval_real_rope_3a6d797a29.log
rope,retrieval,real,passkey,codelion/finepdfs-1B,4k,0.1,nll_nats_per_token,3.167928497314453,50,/home/sagemaker-user/atma/benchmarks/logs/atma_10b/retrieval_retrieval_real_rope_3a6d797a29.log
rope,retrieval,real,passkey,codelion/finepdfs-1B,4k,0.1,token_accuracy,22.4,50,/home/sagemaker-user/atma/benchmarks/logs/atma_10b/retrieval_retrieval_real_rope_3a6d797a29.log
rope,retrieval,real,passkey,codelion/finepdfs-1B,4k,0.5,exact_match,0.0,50,/home/sagemaker-user/atma/benchmarks/logs/atma_10b/retrieval_retrieval_real_rope_3a6d797a29.log
rope,retrieval,real,passkey,codelion/finepdfs-1B,4k,0.5,nll_nats_per_token,5.238078071594238,50,/home/sagemaker-user/atma/benchmarks/logs/atma_10b/retrieval_retrieval_real_rope_3a6d797a29.log
rope,retrieval,real,passkey,codelion/finepdfs-1B,4k,0.5,token_accuracy,0.0,50,/home/sagemaker-user/atma/benchmarks/logs/atma_10b/retrieval_retrieval_real_rope_3a6d797a29.log
rope,retrieval,real,passkey,codelion/finepdfs-1B,4k,0.9,exact_match,0.0,50,/home/sagemaker-user/atma/benchmarks/logs/atma_10b/retrieval_retrieval_real_rope_3a6d797a29.log
rope,retrieval,real,passkey,codelion/finepdfs-1B,4k,0.9,nll_nats_per_token,4.223149772644043,50,/home/sagemaker-user/atma/benchmarks/logs/atma_10b/retrieval_retrieval_real_rope_3a6d797a29.log
rope,retrieval,real,passkey,codelion/finepdfs-1B,4k,0.9,token_accuracy,1.6,50,/home/sagemaker-user/atma/benchmarks/logs/atma_10b/retrieval_retrieval_real_rope_3a6d797a29.log
rope,retrieval,real,passkey,codelion/finepdfs-1B,64k,0.1,exact_match,0.0,50,/home/sagemaker-user/atma/benchmarks/logs/atma_10b/retrieval_retrieval_real_rope_3a6d797a29.log
rope,retrieval,real,passkey,codelion/finepdfs-1B,64k,0.1,nll_nats_per_token,7.20826471710205,50,/home/sagemaker-user/atma/benchmarks/logs/atma_10b/retrieval_retrieval_real_rope_3a6d797a29.log
rope,retrieval,real,passkey,codelion/finepdfs-1B,64k,0.1,token_accuracy,0.0,50,/home/sagemaker-user/atma/benchmarks/logs/atma_10b/retrieval_retrieval_real_rope_3a6d797a29.log
rope,retrieval,real,passkey,codelion/finepdfs-1B,64k,0.5,exact_match,0.0,50,/home/sagemaker-user/atma/benchmarks/logs/atma_10b/retrieval_retrieval_real_rope_3a6d797a29.log
rope,retrieval,real,passkey,codelion/finepdfs-1B,64k,0.5,nll_nats_per_token,7.31650212097168,50,/home/sagemaker-user/atma/benchmarks/logs/atma_10b/retrieval_retrieval_real_rope_3a6d797a29.log
rope,retrieval,real,passkey,codelion/finepdfs-1B,64k,0.5,token_accuracy,0.0,50,/home/sagemaker-user/atma/benchmarks/logs/atma_10b/retrieval_retrieval_real_rope_3a6d797a29.log
rope,retrieval,real,passkey,codelion/finepdfs-1B,64k,0.9,exact_match,0.0,50,/home/sagemaker-user/atma/benchmarks/logs/atma_10b/retrieval_retrieval_real_rope_3a6d797a29.log
rope,retrieval,real,passkey,codelion/finepdfs-1B,64k,0.9,nll_nats_per_token,7.315772445678711,50,/home/sagemaker-user/atma/benchmarks/logs/atma_10b/retrieval_retrieval_real_rope_3a6d797a29.log
rope,retrieval,real,passkey,codelion/finepdfs-1B,64k,0.9,token_accuracy,0.0,50,/home/sagemaker-user/atma/benchmarks/logs/atma_10b/retrieval_retrieval_real_rope_3a6d797a29.log
rope,retrieval,real,passkey,codelion/finepdfs-1B,8k,0.1,exact_match,0.0,50,/home/sagemaker-user/atma/benchmarks/logs/atma_10b/retrieval_retrieval_real_rope_3a6d797a29.log
rope,retrieval,real,passkey,codelion/finepdfs-1B,8k,0.1,nll_nats_per_token,4.780062828063965,50,/home/sagemaker-user/atma/benchmarks/logs/atma_10b/retrieval_retrieval_real_rope_3a6d797a29.log
rope,retrieval,real,passkey,codelion/finepdfs-1B,8k,0.1,token_accuracy,0.0,50,/home/sagemaker-user/atma/benchmarks/logs/atma_10b/retrieval_retrieval_real_rope_3a6d797a29.log
rope,retrieval,real,passkey,codelion/finepdfs-1B,8k,0.5,exact_match,0.0,50,/home/sagemaker-user/atma/benchmarks/logs/atma_10b/retrieval_retrieval_real_rope_3a6d797a29.log
rope,retrieval,real,passkey,codelion/finepdfs-1B,8k,0.5,nll_nats_per_token,5.206633094787597,50,/home/sagemaker-user/atma/benchmarks/logs/atma_10b/retrieval_retrieval_real_rope_3a6d797a29.log
rope,retrieval,real,passkey,codelion/finepdfs-1B,8k,0.5,token_accuracy,0.4,50,/home/sagemaker-user/atma/benchmarks/logs/atma_10b/retrieval_retrieval_real_rope_3a6d797a29.log
rope,retrieval,real,passkey,codelion/finepdfs-1B,8k,0.9,exact_match,0.0,50,/home/sagemaker-user/atma/benchmarks/logs/atma_10b/retrieval_retrieval_real_rope_3a6d797a29.log
rope,retrieval,real,passkey,codelion/finepdfs-1B,8k,0.9,nll_nats_per_token,5.897341697692871,50,/home/sagemaker-user/atma/benchmarks/logs/atma_10b/retrieval_retrieval_real_rope_3a6d797a29.log
rope,retrieval,real,passkey,codelion/finepdfs-1B,8k,0.9,token_accuracy,0.0,50,/home/sagemaker-user/atma/benchmarks/logs/atma_10b/retrieval_retrieval_real_rope_3a6d797a29.log
rope,retrieval,synthetic,niah,synthetic-filler,128k,0.1,exact_match,0.0,50,/home/sagemaker-user/atma/benchmarks/logs/atma_10b/retrieval_retrieval_synthetic_rope_4380256b52.log
rope,retrieval,synthetic,niah,synthetic-filler,128k,0.1,nll_nats_per_token,8.757700393676759,50,/home/sagemaker-user/atma/benchmarks/logs/atma_10b/retrieval_retrieval_synthetic_rope_4380256b52.log
rope,retrieval,synthetic,niah,synthetic-filler,128k,0.1,token_accuracy,0.0,50,/home/sagemaker-user/atma/benchmarks/logs/atma_10b/retrieval_retrieval_synthetic_rope_4380256b52.log
rope,retrieval,synthetic,niah,synthetic-filler,128k,0.5,exact_match,0.0,50,/home/sagemaker-user/atma/benchmarks/logs/atma_10b/retrieval_retrieval_synthetic_rope_4380256b52.log
rope,retrieval,synthetic,niah,synthetic-filler,128k,0.5,nll_nats_per_token,8.146999938964843,50,/home/sagemaker-user/atma/benchmarks/logs/atma_10b/retrieval_retrieval_synthetic_rope_4380256b52.log
rope,retrieval,synthetic,niah,synthetic-filler,128k,0.5,token_accuracy,0.0,50,/home/sagemaker-user/atma/benchmarks/logs/atma_10b/retrieval_retrieval_synthetic_rope_4380256b52.log
rope,retrieval,synthetic,niah,synthetic-filler,128k,0.9,exact_match,0.0,50,/home/sagemaker-user/atma/benchmarks/logs/atma_10b/retrieval_retrieval_synthetic_rope_4380256b52.log
rope,retrieval,synthetic,niah,synthetic-filler,128k,0.9,nll_nats_per_token,8.301702117919922,50,/home/sagemaker-user/atma/benchmarks/logs/atma_10b/retrieval_retrieval_synthetic_rope_4380256b52.log
rope,retrieval,synthetic,niah,synthetic-filler,128k,0.9,token_accuracy,0.0,50,/home/sagemaker-user/atma/benchmarks/logs/atma_10b/retrieval_retrieval_synthetic_rope_4380256b52.log
rope,retrieval,synthetic,niah,synthetic-filler,16k,0.1,exact_match,0.0,50,/home/sagemaker-user/atma/benchmarks/logs/atma_10b/retrieval_retrieval_synthetic_rope_4380256b52.log
rope,retrieval,synthetic,niah,synthetic-filler,16k,0.1,nll_nats_per_token,4.953741813659668,50,/home/sagemaker-user/atma/benchmarks/logs/atma_10b/retrieval_retrieval_synthetic_rope_4380256b52.log
rope,retrieval,synthetic,niah,synthetic-filler,16k,0.1,token_accuracy,0.0,50,/home/sagemaker-user/atma/benchmarks/logs/atma_10b/retrieval_retrieval_synthetic_rope_4380256b52.log
rope,retrieval,synthetic,niah,synthetic-filler,16k,0.5,exact_match,0.0,50,/home/sagemaker-user/atma/benchmarks/logs/atma_10b/retrieval_retrieval_synthetic_rope_4380256b52.log
rope,retrieval,synthetic,niah,synthetic-filler,16k,0.5,nll_nats_per_token,4.410800590515136,50,/home/sagemaker-user/atma/benchmarks/logs/atma_10b/retrieval_retrieval_synthetic_rope_4380256b52.log
rope,retrieval,synthetic,niah,synthetic-filler,16k,0.5,token_accuracy,0.0,50,/home/sagemaker-user/atma/benchmarks/logs/atma_10b/retrieval_retrieval_synthetic_rope_4380256b52.log
rope,retrieval,synthetic,niah,synthetic-filler,16k,0.9,exact_match,0.0,50,/home/sagemaker-user/atma/benchmarks/logs/atma_10b/retrieval_retrieval_synthetic_rope_4380256b52.log
rope,retrieval,synthetic,niah,synthetic-filler,16k,0.9,nll_nats_per_token,7.063520492553711,50,/home/sagemaker-user/atma/benchmarks/logs/atma_10b/retrieval_retrieval_synthetic_rope_4380256b52.log
rope,retrieval,synthetic,niah,synthetic-filler,16k,0.9,token_accuracy,0.0,50,/home/sagemaker-user/atma/benchmarks/logs/atma_10b/retrieval_retrieval_synthetic_rope_4380256b52.log
rope,retrieval,synthetic,niah,synthetic-filler,256k,0.1,exact_match,0.0,50,/home/sagemaker-user/atma/benchmarks/logs/atma_10b/retrieval_retrieval_synthetic_rope_4380256b52.log
rope,retrieval,synthetic,niah,synthetic-filler,256k,0.1,nll_nats_per_token,9.182289215087891,50,/home/sagemaker-user/atma/benchmarks/logs/atma_10b/retrieval_retrieval_synthetic_rope_4380256b52.log
rope,retrieval,synthetic,niah,synthetic-filler,256k,0.1,token_accuracy,0.0,50,/home/sagemaker-user/atma/benchmarks/logs/atma_10b/retrieval_retrieval_synthetic_rope_4380256b52.log
rope,retrieval,synthetic,niah,synthetic-filler,256k,0.5,exact_match,0.0,50,/home/sagemaker-user/atma/benchmarks/logs/atma_10b/retrieval_retrieval_synthetic_rope_4380256b52.log
rope,retrieval,synthetic,niah,synthetic-filler,256k,0.5,nll_nats_per_token,9.026954528808593,50,/home/sagemaker-user/atma/benchmarks/logs/atma_10b/retrieval_retrieval_synthetic_rope_4380256b52.log
rope,retrieval,synthetic,niah,synthetic-filler,256k,0.5,token_accuracy,0.0,50,/home/sagemaker-user/atma/benchmarks/logs/atma_10b/retrieval_retrieval_synthetic_rope_4380256b52.log
rope,retrieval,synthetic,niah,synthetic-filler,256k,0.9,exact_match,0.0,50,/home/sagemaker-user/atma/benchmarks/logs/atma_10b/retrieval_retrieval_synthetic_rope_4380256b52.log
rope,retrieval,synthetic,niah,synthetic-filler,256k,0.9,nll_nats_per_token,8.832758438110352,50,/home/sagemaker-user/atma/benchmarks/logs/atma_10b/retrieval_retrieval_synthetic_rope_4380256b52.log
rope,retrieval,synthetic,niah,synthetic-filler,256k,0.9,token_accuracy,0.0,50,/home/sagemaker-user/atma/benchmarks/logs/atma_10b/retrieval_retrieval_synthetic_rope_4380256b52.log
rope,retrieval,synthetic,niah,synthetic-filler,2k,0.1,exact_match,4.0,50,/home/sagemaker-user/atma/benchmarks/logs/atma_10b/retrieval_retrieval_synthetic_rope_4380256b52.log
rope,retrieval,synthetic,niah,synthetic-filler,2k,0.1,exact_match,0.0,2,/home/sagemaker-user/atma/benchmarks/logs/atma_10b/smoke_retrieval_synthetic_rope_3dc9acd3b3.log
rope,retrieval,synthetic,niah,synthetic-filler,2k,0.1,nll_nats_per_token,1.3373613967895508,50,/home/sagemaker-user/atma/benchmarks/logs/atma_10b/retrieval_retrieval_synthetic_rope_4380256b52.log
rope,retrieval,synthetic,niah,synthetic-filler,2k,0.1,nll_nats_per_token,1.3186484813690185,2,/home/sagemaker-user/atma/benchmarks/logs/atma_10b/smoke_retrieval_synthetic_rope_3dc9acd3b3.log
rope,retrieval,synthetic,niah,synthetic-filler,2k,0.1,token_accuracy,64.4,50,/home/sagemaker-user/atma/benchmarks/logs/atma_10b/retrieval_retrieval_synthetic_rope_4380256b52.log
rope,retrieval,synthetic,niah,synthetic-filler,2k,0.1,token_accuracy,60.0,2,/home/sagemaker-user/atma/benchmarks/logs/atma_10b/smoke_retrieval_synthetic_rope_3dc9acd3b3.log
rope,retrieval,synthetic,niah,synthetic-filler,2k,0.5,exact_match,16.0,50,/home/sagemaker-user/atma/benchmarks/logs/atma_10b/retrieval_retrieval_synthetic_rope_4380256b52.log
rope,retrieval,synthetic,niah,synthetic-filler,2k,0.5,exact_match,50.0,2,/home/sagemaker-user/atma/benchmarks/logs/atma_10b/smoke_retrieval_synthetic_rope_3dc9acd3b3.log
rope,retrieval,synthetic,niah,synthetic-filler,2k,0.5,nll_nats_per_token,1.044735372543335,50,/home/sagemaker-user/atma/benchmarks/logs/atma_10b/retrieval_retrieval_synthetic_rope_4380256b52.log
rope,retrieval,synthetic,niah,synthetic-filler,2k,0.5,nll_nats_per_token,0.9591692447662353,2,/home/sagemaker-user/atma/benchmarks/logs/atma_10b/smoke_retrieval_synthetic_rope_3dc9acd3b3.log
rope,retrieval,synthetic,niah,synthetic-filler,2k,0.5,token_accuracy,76.4,50,/home/sagemaker-user/atma/benchmarks/logs/atma_10b/retrieval_retrieval_synthetic_rope_4380256b52.log
rope,retrieval,synthetic,niah,synthetic-filler,2k,0.5,token_accuracy,90.0,2,/home/sagemaker-user/atma/benchmarks/logs/atma_10b/smoke_retrieval_synthetic_rope_3dc9acd3b3.log
rope,retrieval,synthetic,niah,synthetic-filler,2k,0.9,exact_match,82.0,50,/home/sagemaker-user/atma/benchmarks/logs/atma_10b/retrieval_retrieval_synthetic_rope_4380256b52.log
rope,retrieval,synthetic,niah,synthetic-filler,2k,0.9,exact_match,100.0,2,/home/sagemaker-user/atma/benchmarks/logs/atma_10b/smoke_retrieval_synthetic_rope_3dc9acd3b3.log
rope,retrieval,synthetic,niah,synthetic-filler,2k,0.9,nll_nats_per_token,0.5616541337966919,50,/home/sagemaker-user/atma/benchmarks/logs/atma_10b/retrieval_retrieval_synthetic_rope_4380256b52.log
rope,retrieval,synthetic,niah,synthetic-filler,2k,0.9,nll_nats_per_token,0.4850959777832031,2,/home/sagemaker-user/atma/benchmarks/logs/atma_10b/smoke_retrieval_synthetic_rope_3dc9acd3b3.log
rope,retrieval,synthetic,niah,synthetic-filler,2k,0.9,token_accuracy,96.4,50,/home/sagemaker-user/atma/benchmarks/logs/atma_10b/retrieval_retrieval_synthetic_rope_4380256b52.log
rope,retrieval,synthetic,niah,synthetic-filler,2k,0.9,token_accuracy,100.0,2,/home/sagemaker-user/atma/benchmarks/logs/atma_10b/smoke_retrieval_synthetic_rope_3dc9acd3b3.log
rope,retrieval,synthetic,niah,synthetic-filler,32k,0.1,exact_match,0.0,50,/home/sagemaker-user/atma/benchmarks/logs/atma_10b/retrieval_retrieval_synthetic_rope_4380256b52.log
rope,retrieval,synthetic,niah,synthetic-filler,32k,0.1,nll_nats_per_token,3.362107696533203,50,/home/sagemaker-user/atma/benchmarks/logs/atma_10b/retrieval_retrieval_synthetic_rope_4380256b52.log
rope,retrieval,synthetic,niah,synthetic-filler,32k,0.1,token_accuracy,19.2,50,/home/sagemaker-user/atma/benchmarks/logs/atma_10b/retrieval_retrieval_synthetic_rope_4380256b52.log
rope,retrieval,synthetic,niah,synthetic-filler,32k,0.5,exact_match,0.0,50,/home/sagemaker-user/atma/benchmarks/logs/atma_10b/retrieval_retrieval_synthetic_rope_4380256b52.log
rope,retrieval,synthetic,niah,synthetic-filler,32k,0.5,nll_nats_per_token,6.078647811889648,50,/home/sagemaker-user/atma/benchmarks/logs/atma_10b/retrieval_retrieval_synthetic_rope_4380256b52.log
rope,retrieval,synthetic,niah,synthetic-filler,32k,0.5,token_accuracy,0.0,50,/home/sagemaker-user/atma/benchmarks/logs/atma_10b/retrieval_retrieval_synthetic_rope_4380256b52.log
rope,retrieval,synthetic,niah,synthetic-filler,32k,0.9,exact_match,0.0,50,/home/sagemaker-user/atma/benchmarks/logs/atma_10b/retrieval_retrieval_synthetic_rope_4380256b52.log
rope,retrieval,synthetic,niah,synthetic-filler,32k,0.9,nll_nats_per_token,5.474362258911133,50,/home/sagemaker-user/atma/benchmarks/logs/atma_10b/retrieval_retrieval_synthetic_rope_4380256b52.log
rope,retrieval,synthetic,niah,synthetic-filler,32k,0.9,token_accuracy,0.0,50,/home/sagemaker-user/atma/benchmarks/logs/atma_10b/retrieval_retrieval_synthetic_rope_4380256b52.log
rope,retrieval,synthetic,niah,synthetic-filler,4k,0.1,exact_match,0.0,50,/home/sagemaker-user/atma/benchmarks/logs/atma_10b/retrieval_retrieval_synthetic_rope_4380256b52.log
rope,retrieval,synthetic,niah,synthetic-filler,4k,0.1,nll_nats_per_token,1.9867765522003173,50,/home/sagemaker-user/atma/benchmarks/logs/atma_10b/retrieval_retrieval_synthetic_rope_4380256b52.log
rope,retrieval,synthetic,niah,synthetic-filler,4k,0.1,token_accuracy,48.4,50,/home/sagemaker-user/atma/benchmarks/logs/atma_10b/retrieval_retrieval_synthetic_rope_4380256b52.log
rope,retrieval,synthetic,niah,synthetic-filler,4k,0.5,exact_match,0.0,50,/home/sagemaker-user/atma/benchmarks/logs/atma_10b/retrieval_retrieval_synthetic_rope_4380256b52.log
rope,retrieval,synthetic,niah,synthetic-filler,4k,0.5,nll_nats_per_token,3.2793689384460447,50,/home/sagemaker-user/atma/benchmarks/logs/atma_10b/retrieval_retrieval_synthetic_rope_4380256b52.log
rope,retrieval,synthetic,niah,synthetic-filler,4k,0.5,token_accuracy,5.2,50,/home/sagemaker-user/atma/benchmarks/logs/atma_10b/retrieval_retrieval_synthetic_rope_4380256b52.log
rope,retrieval,synthetic,niah,synthetic-filler,4k,0.9,exact_match,0.0,50,/home/sagemaker-user/atma/benchmarks/logs/atma_10b/retrieval_retrieval_synthetic_rope_4380256b52.log
rope,retrieval,synthetic,niah,synthetic-filler,4k,0.9,nll_nats_per_token,1.8734748210906982,50,/home/sagemaker-user/atma/benchmarks/logs/atma_10b/retrieval_retrieval_synthetic_rope_4380256b52.log
rope,retrieval,synthetic,niah,synthetic-filler,4k,0.9,token_accuracy,60.4,50,/home/sagemaker-user/atma/benchmarks/logs/atma_10b/retrieval_retrieval_synthetic_rope_4380256b52.log
rope,retrieval,synthetic,niah,synthetic-filler,64k,0.1,exact_match,0.0,50,/home/sagemaker-user/atma/benchmarks/logs/atma_10b/retrieval_retrieval_synthetic_rope_4380256b52.log
rope,retrieval,synthetic,niah,synthetic-filler,64k,0.1,nll_nats_per_token,7.045670310974121,50,/home/sagemaker-user/atma/benchmarks/logs/atma_10b/retrieval_retrieval_synthetic_rope_4380256b52.log
rope,retrieval,synthetic,niah,synthetic-filler,64k,0.1,token_accuracy,0.0,50,/home/sagemaker-user/atma/benchmarks/logs/atma_10b/retrieval_retrieval_synthetic_rope_4380256b52.log
rope,retrieval,synthetic,niah,synthetic-filler,64k,0.5,exact_match,0.0,50,/home/sagemaker-user/atma/benchmarks/logs/atma_10b/retrieval_retrieval_synthetic_rope_4380256b52.log
rope,retrieval,synthetic,niah,synthetic-filler,64k,0.5,nll_nats_per_token,7.175127525329589,50,/home/sagemaker-user/atma/benchmarks/logs/atma_10b/retrieval_retrieval_synthetic_rope_4380256b52.log
rope,retrieval,synthetic,niah,synthetic-filler,64k,0.5,token_accuracy,0.0,50,/home/sagemaker-user/atma/benchmarks/logs/atma_10b/retrieval_retrieval_synthetic_rope_4380256b52.log
rope,retrieval,synthetic,niah,synthetic-filler,64k,0.9,exact_match,0.0,50,/home/sagemaker-user/atma/benchmarks/logs/atma_10b/retrieval_retrieval_synthetic_rope_4380256b52.log
rope,retrieval,synthetic,niah,synthetic-filler,64k,0.9,nll_nats_per_token,7.7725216674804685,50,/home/sagemaker-user/atma/benchmarks/logs/atma_10b/retrieval_retrieval_synthetic_rope_4380256b52.log
rope,retrieval,synthetic,niah,synthetic-filler,64k,0.9,token_accuracy,0.0,50,/home/sagemaker-user/atma/benchmarks/logs/atma_10b/retrieval_retrieval_synthetic_rope_4380256b52.log
rope,retrieval,synthetic,niah,synthetic-filler,8k,0.1,exact_match,0.0,50,/home/sagemaker-user/atma/benchmarks/logs/atma_10b/retrieval_retrieval_synthetic_rope_4380256b52.log
rope,retrieval,synthetic,niah,synthetic-filler,8k,0.1,exact_match,0.0,2,/home/sagemaker-user/atma/benchmarks/logs/atma_10b/smoke_retrieval_synthetic_rope_3dc9acd3b3.log
rope,retrieval,synthetic,niah,synthetic-filler,8k,0.1,nll_nats_per_token,2.450900276184082,50,/home/sagemaker-user/atma/benchmarks/logs/atma_10b/retrieval_retrieval_synthetic_rope_4380256b52.log
rope,retrieval,synthetic,niah,synthetic-filler,8k,0.1,nll_nats_per_token,2.4310484886169434,2,/home/sagemaker-user/atma/benchmarks/logs/atma_10b/smoke_retrieval_synthetic_rope_3dc9acd3b3.log
rope,retrieval,synthetic,niah,synthetic-filler,8k,0.1,token_accuracy,36.4,50,/home/sagemaker-user/atma/benchmarks/logs/atma_10b/retrieval_retrieval_synthetic_rope_4380256b52.log
rope,retrieval,synthetic,niah,synthetic-filler,8k,0.1,token_accuracy,30.0,2,/home/sagemaker-user/atma/benchmarks/logs/atma_10b/smoke_retrieval_synthetic_rope_3dc9acd3b3.log
rope,retrieval,synthetic,niah,synthetic-filler,8k,0.5,exact_match,0.0,50,/home/sagemaker-user/atma/benchmarks/logs/atma_10b/retrieval_retrieval_synthetic_rope_4380256b52.log
rope,retrieval,synthetic,niah,synthetic-filler,8k,0.5,exact_match,0.0,2,/home/sagemaker-user/atma/benchmarks/logs/atma_10b/smoke_retrieval_synthetic_rope_3dc9acd3b3.log
rope,retrieval,synthetic,niah,synthetic-filler,8k,0.5,nll_nats_per_token,2.475063808441162,50,/home/sagemaker-user/atma/benchmarks/logs/atma_10b/retrieval_retrieval_synthetic_rope_4380256b52.log
rope,retrieval,synthetic,niah,synthetic-filler,8k,0.5,nll_nats_per_token,2.5444416046142577,2,/home/sagemaker-user/atma/benchmarks/logs/atma_10b/smoke_retrieval_synthetic_rope_3dc9acd3b3.log
rope,retrieval,synthetic,niah,synthetic-filler,8k,0.5,token_accuracy,29.2,50,/home/sagemaker-user/atma/benchmarks/logs/atma_10b/retrieval_retrieval_synthetic_rope_4380256b52.log
rope,retrieval,synthetic,niah,synthetic-filler,8k,0.5,token_accuracy,40.0,2,/home/sagemaker-user/atma/benchmarks/logs/atma_10b/smoke_retrieval_synthetic_rope_3dc9acd3b3.log
rope,retrieval,synthetic,niah,synthetic-filler,8k,0.9,exact_match,0.0,50,/home/sagemaker-user/atma/benchmarks/logs/atma_10b/retrieval_retrieval_synthetic_rope_4380256b52.log
rope,retrieval,synthetic,niah,synthetic-filler,8k,0.9,exact_match,0.0,2,/home/sagemaker-user/atma/benchmarks/logs/atma_10b/smoke_retrieval_synthetic_rope_3dc9acd3b3.log
rope,retrieval,synthetic,niah,synthetic-filler,8k,0.9,nll_nats_per_token,2.501625789642334,50,/home/sagemaker-user/atma/benchmarks/logs/atma_10b/retrieval_retrieval_synthetic_rope_4380256b52.log
rope,retrieval,synthetic,niah,synthetic-filler,8k,0.9,nll_nats_per_token,2.45541934967041,2,/home/sagemaker-user/atma/benchmarks/logs/atma_10b/smoke_retrieval_synthetic_rope_3dc9acd3b3.log
rope,retrieval,synthetic,niah,synthetic-filler,8k,0.9,token_accuracy,12.0,50,/home/sagemaker-user/atma/benchmarks/logs/atma_10b/retrieval_retrieval_synthetic_rope_4380256b52.log
rope,retrieval,synthetic,niah,synthetic-filler,8k,0.9,token_accuracy,20.0,2,/home/sagemaker-user/atma/benchmarks/logs/atma_10b/smoke_retrieval_synthetic_rope_3dc9acd3b3.log
rope,retrieval,synthetic,passkey,synthetic-filler,128k,0.1,exact_match,0.0,50,/home/sagemaker-user/atma/benchmarks/logs/atma_10b/retrieval_retrieval_synthetic_rope_4380256b52.log
rope,retrieval,synthetic,passkey,synthetic-filler,128k,0.1,nll_nats_per_token,7.964355239868164,50,/home/sagemaker-user/atma/benchmarks/logs/atma_10b/retrieval_retrieval_synthetic_rope_4380256b52.log
rope,retrieval,synthetic,passkey,synthetic-filler,128k,0.1,token_accuracy,0.0,50,/home/sagemaker-user/atma/benchmarks/logs/atma_10b/retrieval_retrieval_synthetic_rope_4380256b52.log
rope,retrieval,synthetic,passkey,synthetic-filler,128k,0.5,exact_match,0.0,50,/home/sagemaker-user/atma/benchmarks/logs/atma_10b/retrieval_retrieval_synthetic_rope_4380256b52.log
rope,retrieval,synthetic,passkey,synthetic-filler,128k,0.5,nll_nats_per_token,7.692573883056641,50,/home/sagemaker-user/atma/benchmarks/logs/atma_10b/retrieval_retrieval_synthetic_rope_4380256b52.log
rope,retrieval,synthetic,passkey,synthetic-filler,128k,0.5,token_accuracy,0.0,50,/home/sagemaker-user/atma/benchmarks/logs/atma_10b/retrieval_retrieval_synthetic_rope_4380256b52.log
rope,retrieval,synthetic,passkey,synthetic-filler,128k,0.9,exact_match,0.0,50,/home/sagemaker-user/atma/benchmarks/logs/atma_10b/retrieval_retrieval_synthetic_rope_4380256b52.log
rope,retrieval,synthetic,passkey,synthetic-filler,128k,0.9,nll_nats_per_token,7.934641403198242,50,/home/sagemaker-user/atma/benchmarks/logs/atma_10b/retrieval_retrieval_synthetic_rope_4380256b52.log
rope,retrieval,synthetic,passkey,synthetic-filler,128k,0.9,token_accuracy,0.0,50,/home/sagemaker-user/atma/benchmarks/logs/atma_10b/retrieval_retrieval_synthetic_rope_4380256b52.log
rope,retrieval,synthetic,passkey,synthetic-filler,16k,0.1,exact_match,0.0,50,/home/sagemaker-user/atma/benchmarks/logs/atma_10b/retrieval_retrieval_synthetic_rope_4380256b52.log
rope,retrieval,synthetic,passkey,synthetic-filler,16k,0.1,nll_nats_per_token,4.240337852478027,50,/home/sagemaker-user/atma/benchmarks/logs/atma_10b/retrieval_retrieval_synthetic_rope_4380256b52.log
rope,retrieval,synthetic,passkey,synthetic-filler,16k,0.1,token_accuracy,3.6,50,/home/sagemaker-user/atma/benchmarks/logs/atma_10b/retrieval_retrieval_synthetic_rope_4380256b52.log
rope,retrieval,synthetic,passkey,synthetic-filler,16k,0.5,exact_match,0.0,50,/home/sagemaker-user/atma/benchmarks/logs/atma_10b/retrieval_retrieval_synthetic_rope_4380256b52.log
rope,retrieval,synthetic,passkey,synthetic-filler,16k,0.5,nll_nats_per_token,3.966011516571045,50,/home/sagemaker-user/atma/benchmarks/logs/atma_10b/retrieval_retrieval_synthetic_rope_4380256b52.log
rope,retrieval,synthetic,passkey,synthetic-filler,16k,0.5,token_accuracy,1.2,50,/home/sagemaker-user/atma/benchmarks/logs/atma_10b/retrieval_retrieval_synthetic_rope_4380256b52.log
rope,retrieval,synthetic,passkey,synthetic-filler,16k,0.9,exact_match,0.0,50,/home/sagemaker-user/atma/benchmarks/logs/atma_10b/retrieval_retrieval_synthetic_rope_4380256b52.log
rope,retrieval,synthetic,passkey,synthetic-filler,16k,0.9,nll_nats_per_token,6.516705917358398,50,/home/sagemaker-user/atma/benchmarks/logs/atma_10b/retrieval_retrieval_synthetic_rope_4380256b52.log
rope,retrieval,synthetic,passkey,synthetic-filler,16k,0.9,token_accuracy,0.0,50,/home/sagemaker-user/atma/benchmarks/logs/atma_10b/retrieval_retrieval_synthetic_rope_4380256b52.log
rope,retrieval,synthetic,passkey,synthetic-filler,256k,0.1,exact_match,0.0,50,/home/sagemaker-user/atma/benchmarks/logs/atma_10b/retrieval_retrieval_synthetic_rope_4380256b52.log
rope,retrieval,synthetic,passkey,synthetic-filler,256k,0.1,nll_nats_per_token,8.730229370117188,50,/home/sagemaker-user/atma/benchmarks/logs/atma_10b/retrieval_retrieval_synthetic_rope_4380256b52.log
rope,retrieval,synthetic,passkey,synthetic-filler,256k,0.1,token_accuracy,0.0,50,/home/sagemaker-user/atma/benchmarks/logs/atma_10b/retrieval_retrieval_synthetic_rope_4380256b52.log
rope,retrieval,synthetic,passkey,synthetic-filler,256k,0.5,exact_match,0.0,50,/home/sagemaker-user/atma/benchmarks/logs/atma_10b/retrieval_retrieval_synthetic_rope_4380256b52.log
rope,retrieval,synthetic,passkey,synthetic-filler,256k,0.5,nll_nats_per_token,8.357327392578124,50,/home/sagemaker-user/atma/benchmarks/logs/atma_10b/retrieval_retrieval_synthetic_rope_4380256b52.log
rope,retrieval,synthetic,passkey,synthetic-filler,256k,0.5,token_accuracy,0.0,50,/home/sagemaker-user/atma/benchmarks/logs/atma_10b/retrieval_retrieval_synthetic_rope_4380256b52.log
rope,retrieval,synthetic,passkey,synthetic-filler,256k,0.9,exact_match,0.0,50,/home/sagemaker-user/atma/benchmarks/logs/atma_10b/retrieval_retrieval_synthetic_rope_4380256b52.log
rope,retrieval,synthetic,passkey,synthetic-filler,256k,0.9,nll_nats_per_token,8.305096252441405,50,/home/sagemaker-user/atma/benchmarks/logs/atma_10b/retrieval_retrieval_synthetic_rope_4380256b52.log
rope,retrieval,synthetic,passkey,synthetic-filler,256k,0.9,token_accuracy,0.0,50,/home/sagemaker-user/atma/benchmarks/logs/atma_10b/retrieval_retrieval_synthetic_rope_4380256b52.log
rope,retrieval,synthetic,passkey,synthetic-filler,2k,0.1,exact_match,22.0,50,/home/sagemaker-user/atma/benchmarks/logs/atma_10b/retrieval_retrieval_synthetic_rope_4380256b52.log
rope,retrieval,synthetic,passkey,synthetic-filler,2k,0.1,exact_match,0.0,2,/home/sagemaker-user/atma/benchmarks/logs/atma_10b/smoke_retrieval_synthetic_rope_3dc9acd3b3.log
rope,retrieval,synthetic,passkey,synthetic-filler,2k,0.1,nll_nats_per_token,1.36318736743927,50,/home/sagemaker-user/atma/benchmarks/logs/atma_10b/retrieval_retrieval_synthetic_rope_4380256b52.log
rope,retrieval,synthetic,passkey,synthetic-filler,2k,0.1,nll_nats_per_token,1.4216609477996827,2,/home/sagemaker-user/atma/benchmarks/logs/atma_10b/smoke_retrieval_synthetic_rope_3dc9acd3b3.log
rope,retrieval,synthetic,passkey,synthetic-filler,2k,0.1,token_accuracy,73.2,50,/home/sagemaker-user/atma/benchmarks/logs/atma_10b/retrieval_retrieval_synthetic_rope_4380256b52.log
rope,retrieval,synthetic,passkey,synthetic-filler,2k,0.1,token_accuracy,70.0,2,/home/sagemaker-user/atma/benchmarks/logs/atma_10b/smoke_retrieval_synthetic_rope_3dc9acd3b3.log
rope,retrieval,synthetic,passkey,synthetic-filler,2k,0.5,exact_match,40.0,50,/home/sagemaker-user/atma/benchmarks/logs/atma_10b/retrieval_retrieval_synthetic_rope_4380256b52.log
rope,retrieval,synthetic,passkey,synthetic-filler,2k,0.5,exact_match,0.0,2,/home/sagemaker-user/atma/benchmarks/logs/atma_10b/smoke_retrieval_synthetic_rope_3dc9acd3b3.log
rope,retrieval,synthetic,passkey,synthetic-filler,2k,0.5,nll_nats_per_token,1.1004979147911071,50,/home/sagemaker-user/atma/benchmarks/logs/atma_10b/retrieval_retrieval_synthetic_rope_4380256b52.log
rope,retrieval,synthetic,passkey,synthetic-filler,2k,0.5,nll_nats_per_token,1.2681885719299317,2,/home/sagemaker-user/atma/benchmarks/logs/atma_10b/smoke_retrieval_synthetic_rope_3dc9acd3b3.log
rope,retrieval,synthetic,passkey,synthetic-filler,2k,0.5,token_accuracy,81.6,50,/home/sagemaker-user/atma/benchmarks/logs/atma_10b/retrieval_retrieval_synthetic_rope_4380256b52.log
rope,retrieval,synthetic,passkey,synthetic-filler,2k,0.5,token_accuracy,70.0,2,/home/sagemaker-user/atma/benchmarks/logs/atma_10b/smoke_retrieval_synthetic_rope_3dc9acd3b3.log
rope,retrieval,synthetic,passkey,synthetic-filler,2k,0.9,exact_match,90.0,50,/home/sagemaker-user/atma/benchmarks/logs/atma_10b/retrieval_retrieval_synthetic_rope_4380256b52.log
rope,retrieval,synthetic,passkey,synthetic-filler,2k,0.9,exact_match,100.0,2,/home/sagemaker-user/atma/benchmarks/logs/atma_10b/smoke_retrieval_synthetic_rope_3dc9acd3b3.log
rope,retrieval,synthetic,passkey,synthetic-filler,2k,0.9,nll_nats_per_token,0.4518406012058258,50,/home/sagemaker-user/atma/benchmarks/logs/atma_10b/retrieval_retrieval_synthetic_rope_4380256b52.log
rope,retrieval,synthetic,passkey,synthetic-filler,2k,0.9,nll_nats_per_token,0.6492403268814086,2,/home/sagemaker-user/atma/benchmarks/logs/atma_10b/smoke_retrieval_synthetic_rope_3dc9acd3b3.log
rope,retrieval,synthetic,passkey,synthetic-filler,2k,0.9,token_accuracy,98.0,50,/home/sagemaker-user/atma/benchmarks/logs/atma_10b/retrieval_retrieval_synthetic_rope_4380256b52.log
rope,retrieval,synthetic,passkey,synthetic-filler,2k,0.9,token_accuracy,100.0,2,/home/sagemaker-user/atma/benchmarks/logs/atma_10b/smoke_retrieval_synthetic_rope_3dc9acd3b3.log
rope,retrieval,synthetic,passkey,synthetic-filler,32k,0.1,exact_match,0.0,50,/home/sagemaker-user/atma/benchmarks/logs/atma_10b/retrieval_retrieval_synthetic_rope_4380256b52.log
rope,retrieval,synthetic,passkey,synthetic-filler,32k,0.1,nll_nats_per_token,3.3658977851867675,50,/home/sagemaker-user/atma/benchmarks/logs/atma_10b/retrieval_retrieval_synthetic_rope_4380256b52.log
rope,retrieval,synthetic,passkey,synthetic-filler,32k,0.1,token_accuracy,20.0,50,/home/sagemaker-user/atma/benchmarks/logs/atma_10b/retrieval_retrieval_synthetic_rope_4380256b52.log
rope,retrieval,synthetic,passkey,synthetic-filler,32k,0.5,exact_match,0.0,50,/home/sagemaker-user/atma/benchmarks/logs/atma_10b/retrieval_retrieval_synthetic_rope_4380256b52.log
rope,retrieval,synthetic,passkey,synthetic-filler,32k,0.5,nll_nats_per_token,5.538624382019043,50,/home/sagemaker-user/atma/benchmarks/logs/atma_10b/retrieval_retrieval_synthetic_rope_4380256b52.log
rope,retrieval,synthetic,passkey,synthetic-filler,32k,0.5,token_accuracy,0.0,50,/home/sagemaker-user/atma/benchmarks/logs/atma_10b/retrieval_retrieval_synthetic_rope_4380256b52.log
rope,retrieval,synthetic,passkey,synthetic-filler,32k,0.9,exact_match,0.0,50,/home/sagemaker-user/atma/benchmarks/logs/atma_10b/retrieval_retrieval_synthetic_rope_4380256b52.log
rope,retrieval,synthetic,passkey,synthetic-filler,32k,0.9,nll_nats_per_token,5.331264625549316,50,/home/sagemaker-user/atma/benchmarks/logs/atma_10b/retrieval_retrieval_synthetic_rope_4380256b52.log
rope,retrieval,synthetic,passkey,synthetic-filler,32k,0.9,token_accuracy,1.6,50,/home/sagemaker-user/atma/benchmarks/logs/atma_10b/retrieval_retrieval_synthetic_rope_4380256b52.log
rope,retrieval,synthetic,passkey,synthetic-filler,4k,0.1,exact_match,22.0,50,/home/sagemaker-user/atma/benchmarks/logs/atma_10b/retrieval_retrieval_synthetic_rope_4380256b52.log
rope,retrieval,synthetic,passkey,synthetic-filler,4k,0.1,nll_nats_per_token,1.3949409618377686,50,/home/sagemaker-user/atma/benchmarks/logs/atma_10b/retrieval_retrieval_synthetic_rope_4380256b52.log
rope,retrieval,synthetic,passkey,synthetic-filler,4k,0.1,token_accuracy,75.2,50,/home/sagemaker-user/atma/benchmarks/logs/atma_10b/retrieval_retrieval_synthetic_rope_4380256b52.log
rope,retrieval,synthetic,passkey,synthetic-filler,4k,0.5,exact_match,0.0,50,/home/sagemaker-user/atma/benchmarks/logs/atma_10b/retrieval_retrieval_synthetic_rope_4380256b52.log
rope,retrieval,synthetic,passkey,synthetic-filler,4k,0.5,nll_nats_per_token,3.0101696090698242,50,/home/sagemaker-user/atma/benchmarks/logs/atma_10b/retrieval_retrieval_synthetic_rope_4380256b52.log
rope,retrieval,synthetic,passkey,synthetic-filler,4k,0.5,token_accuracy,22.4,50,/home/sagemaker-user/atma/benchmarks/logs/atma_10b/retrieval_retrieval_synthetic_rope_4380256b52.log
rope,retrieval,synthetic,passkey,synthetic-filler,4k,0.9,exact_match,4.0,50,/home/sagemaker-user/atma/benchmarks/logs/atma_10b/retrieval_retrieval_synthetic_rope_4380256b52.log
rope,retrieval,synthetic,passkey,synthetic-filler,4k,0.9,nll_nats_per_token,2.0572445011138916,50,/home/sagemaker-user/atma/benchmarks/logs/atma_10b/retrieval_retrieval_synthetic_rope_4380256b52.log
rope,retrieval,synthetic,passkey,synthetic-filler,4k,0.9,token_accuracy,58.0,50,/home/sagemaker-user/atma/benchmarks/logs/atma_10b/retrieval_retrieval_synthetic_rope_4380256b52.log
rope,retrieval,synthetic,passkey,synthetic-filler,64k,0.1,exact_match,0.0,50,/home/sagemaker-user/atma/benchmarks/logs/atma_10b/retrieval_retrieval_synthetic_rope_4380256b52.log
rope,retrieval,synthetic,passkey,synthetic-filler,64k,0.1,nll_nats_per_token,6.385154327392578,50,/home/sagemaker-user/atma/benchmarks/logs/atma_10b/retrieval_retrieval_synthetic_rope_4380256b52.log
rope,retrieval,synthetic,passkey,synthetic-filler,64k,0.1,token_accuracy,0.0,50,/home/sagemaker-user/atma/benchmarks/logs/atma_10b/retrieval_retrieval_synthetic_rope_4380256b52.log
rope,retrieval,synthetic,passkey,synthetic-filler,64k,0.5,exact_match,0.0,50,/home/sagemaker-user/atma/benchmarks/logs/atma_10b/retrieval_retrieval_synthetic_rope_4380256b52.log
rope,retrieval,synthetic,passkey,synthetic-filler,64k,0.5,nll_nats_per_token,6.001184791564941,50,/home/sagemaker-user/atma/benchmarks/logs/atma_10b/retrieval_retrieval_synthetic_rope_4380256b52.log
rope,retrieval,synthetic,passkey,synthetic-filler,64k,0.5,token_accuracy,0.8,50,/home/sagemaker-user/atma/benchmarks/logs/atma_10b/retrieval_retrieval_synthetic_rope_4380256b52.log
rope,retrieval,synthetic,passkey,synthetic-filler,64k,0.9,exact_match,0.0,50,/home/sagemaker-user/atma/benchmarks/logs/atma_10b/retrieval_retrieval_synthetic_rope_4380256b52.log
rope,retrieval,synthetic,passkey,synthetic-filler,64k,0.9,nll_nats_per_token,7.068203353881836,50,/home/sagemaker-user/atma/benchmarks/logs/atma_10b/retrieval_retrieval_synthetic_rope_4380256b52.log
rope,retrieval,synthetic,passkey,synthetic-filler,64k,0.9,token_accuracy,0.0,50,/home/sagemaker-user/atma/benchmarks/logs/atma_10b/retrieval_retrieval_synthetic_rope_4380256b52.log
rope,retrieval,synthetic,passkey,synthetic-filler,8k,0.1,exact_match,2.0,50,/home/sagemaker-user/atma/benchmarks/logs/atma_10b/retrieval_retrieval_synthetic_rope_4380256b52.log
rope,retrieval,synthetic,passkey,synthetic-filler,8k,0.1,exact_match,0.0,2,/home/sagemaker-user/atma/benchmarks/logs/atma_10b/smoke_retrieval_synthetic_rope_3dc9acd3b3.log
rope,retrieval,synthetic,passkey,synthetic-filler,8k,0.1,nll_nats_per_token,1.9479722595214843,50,/home/sagemaker-user/atma/benchmarks/logs/atma_10b/retrieval_retrieval_synthetic_rope_4380256b52.log
rope,retrieval,synthetic,passkey,synthetic-filler,8k,0.1,nll_nats_per_token,1.998283576965332,2,/home/sagemaker-user/atma/benchmarks/logs/atma_10b/smoke_retrieval_synthetic_rope_3dc9acd3b3.log
rope,retrieval,synthetic,passkey,synthetic-filler,8k,0.1,token_accuracy,57.2,50,/home/sagemaker-user/atma/benchmarks/logs/atma_10b/retrieval_retrieval_synthetic_rope_4380256b52.log
rope,retrieval,synthetic,passkey,synthetic-filler,8k,0.1,token_accuracy,60.0,2,/home/sagemaker-user/atma/benchmarks/logs/atma_10b/smoke_retrieval_synthetic_rope_3dc9acd3b3.log
rope,retrieval,synthetic,passkey,synthetic-filler,8k,0.5,exact_match,2.0,50,/home/sagemaker-user/atma/benchmarks/logs/atma_10b/retrieval_retrieval_synthetic_rope_4380256b52.log
rope,retrieval,synthetic,passkey,synthetic-filler,8k,0.5,exact_match,0.0,2,/home/sagemaker-user/atma/benchmarks/logs/atma_10b/smoke_retrieval_synthetic_rope_3dc9acd3b3.log
rope,retrieval,synthetic,passkey,synthetic-filler,8k,0.5,nll_nats_per_token,2.3730584354400635,50,/home/sagemaker-user/atma/benchmarks/logs/atma_10b/retrieval_retrieval_synthetic_rope_4380256b52.log
rope,retrieval,synthetic,passkey,synthetic-filler,8k,0.5,nll_nats_per_token,2.551420974731445,2,/home/sagemaker-user/atma/benchmarks/logs/atma_10b/smoke_retrieval_synthetic_rope_3dc9acd3b3.log
rope,retrieval,synthetic,passkey,synthetic-filler,8k,0.5,token_accuracy,40.4,50,/home/sagemaker-user/atma/benchmarks/logs/atma_10b/retrieval_retrieval_synthetic_rope_4380256b52.log
rope,retrieval,synthetic,passkey,synthetic-filler,8k,0.5,token_accuracy,20.0,2,/home/sagemaker-user/atma/benchmarks/logs/atma_10b/smoke_retrieval_synthetic_rope_3dc9acd3b3.log
rope,retrieval,synthetic,passkey,synthetic-filler,8k,0.9,exact_match,0.0,50,/home/sagemaker-user/atma/benchmarks/logs/atma_10b/retrieval_retrieval_synthetic_rope_4380256b52.log
rope,retrieval,synthetic,passkey,synthetic-filler,8k,0.9,exact_match,0.0,2,/home/sagemaker-user/atma/benchmarks/logs/atma_10b/smoke_retrieval_synthetic_rope_3dc9acd3b3.log
rope,retrieval,synthetic,passkey,synthetic-filler,8k,0.9,nll_nats_per_token,2.892541431427002,50,/home/sagemaker-user/atma/benchmarks/logs/atma_10b/retrieval_retrieval_synthetic_rope_4380256b52.log
rope,retrieval,synthetic,passkey,synthetic-filler,8k,0.9,nll_nats_per_token,3.019833564758301,2,/home/sagemaker-user/atma/benchmarks/logs/atma_10b/smoke_retrieval_synthetic_rope_3dc9acd3b3.log
rope,retrieval,synthetic,passkey,synthetic-filler,8k,0.9,token_accuracy,32.0,50,/home/sagemaker-user/atma/benchmarks/logs/atma_10b/retrieval_retrieval_synthetic_rope_4380256b52.log
rope,retrieval,synthetic,passkey,synthetic-filler,8k,0.9,token_accuracy,20.0,2,/home/sagemaker-user/atma/benchmarks/logs/atma_10b/smoke_retrieval_synthetic_rope_3dc9acd3b3.log
rope,serving,generation,,,128k,,decode_tokens_per_s,60.57875069528617,1,/home/sagemaker-user/atma/benchmarks/logs/atma_10b/serving_serving_generation_rope_3ec0bc05c7.log
rope,serving,generation,,,128k,,oom,False,1,/home/sagemaker-user/atma/benchmarks/logs/atma_10b/serving_serving_generation_rope_3ec0bc05c7.log
rope,serving,generation,,,128k,,peak_allocated_bytes,42311704576,1,/home/sagemaker-user/atma/benchmarks/logs/atma_10b/serving_serving_generation_rope_3ec0bc05c7.log
rope,serving,generation,,,128k,,peak_reserved_bytes,42521853952,1,/home/sagemaker-user/atma/benchmarks/logs/atma_10b/serving_serving_generation_rope_3ec0bc05c7.log
rope,serving,generation,,,128k,,prefill_tokens_per_s,89015.25735201158,1,/home/sagemaker-user/atma/benchmarks/logs/atma_10b/serving_serving_generation_rope_3ec0bc05c7.log
rope,serving,generation,,,16k,,decode_tokens_per_s,263.7223436664559,1,/home/sagemaker-user/atma/benchmarks/logs/atma_10b/serving_serving_generation_rope_3ec0bc05c7.log
rope,serving,generation,,,16k,,oom,False,1,/home/sagemaker-user/atma/benchmarks/logs/atma_10b/serving_serving_generation_rope_3ec0bc05c7.log
rope,serving,generation,,,16k,,peak_allocated_bytes,42312161280,1,/home/sagemaker-user/atma/benchmarks/logs/atma_10b/serving_serving_generation_rope_3ec0bc05c7.log
rope,serving,generation,,,16k,,peak_reserved_bytes,42375053312,1,/home/sagemaker-user/atma/benchmarks/logs/atma_10b/serving_serving_generation_rope_3ec0bc05c7.log
rope,serving,generation,,,16k,,prefill_tokens_per_s,170935.65821395672,1,/home/sagemaker-user/atma/benchmarks/logs/atma_10b/serving_serving_generation_rope_3ec0bc05c7.log
rope,serving,generation,,,2k,,decode_tokens_per_s,427.4237705078949,1,/home/sagemaker-user/atma/benchmarks/logs/atma_10b/serving_serving_generation_rope_3ec0bc05c7.log
rope,serving,generation,,,2k,,oom,False,1,/home/sagemaker-user/atma/benchmarks/logs/atma_10b/serving_serving_generation_rope_3ec0bc05c7.log
rope,serving,generation,,,2k,,peak_allocated_bytes,42330568704,1,/home/sagemaker-user/atma/benchmarks/logs/atma_10b/serving_serving_generation_rope_3ec0bc05c7.log
rope,serving,generation,,,2k,,peak_reserved_bytes,42372956160,1,/home/sagemaker-user/atma/benchmarks/logs/atma_10b/serving_serving_generation_rope_3ec0bc05c7.log
rope,serving,generation,,,2k,,prefill_tokens_per_s,12761.437329937326,1,/home/sagemaker-user/atma/benchmarks/logs/atma_10b/serving_serving_generation_rope_3ec0bc05c7.log
rope,serving,generation,,,32k,,decode_tokens_per_s,174.45437108966235,1,/home/sagemaker-user/atma/benchmarks/logs/atma_10b/serving_serving_generation_rope_3ec0bc05c7.log
rope,serving,generation,,,32k,,oom,False,1,/home/sagemaker-user/atma/benchmarks/logs/atma_10b/serving_serving_generation_rope_3ec0bc05c7.log
rope,serving,generation,,,32k,,peak_allocated_bytes,42307901952,1,/home/sagemaker-user/atma/benchmarks/logs/atma_10b/serving_serving_generation_rope_3ec0bc05c7.log
rope,serving,generation,,,32k,,peak_reserved_bytes,42396024832,1,/home/sagemaker-user/atma/benchmarks/logs/atma_10b/serving_serving_generation_rope_3ec0bc05c7.log
rope,serving,generation,,,32k,,prefill_tokens_per_s,141249.4802505742,1,/home/sagemaker-user/atma/benchmarks/logs/atma_10b/serving_serving_generation_rope_3ec0bc05c7.log
rope,serving,generation,,,4k,,decode_tokens_per_s,395.2516768236965,1,/home/sagemaker-user/atma/benchmarks/logs/atma_10b/serving_serving_generation_rope_3ec0bc05c7.log
rope,serving,generation,,,4k,,oom,False,1,/home/sagemaker-user/atma/benchmarks/logs/atma_10b/serving_serving_generation_rope_3ec0bc05c7.log
rope,serving,generation,,,4k,,peak_allocated_bytes,42313259008,1,/home/sagemaker-user/atma/benchmarks/logs/atma_10b/serving_serving_generation_rope_3ec0bc05c7.log
rope,serving,generation,,,4k,,peak_reserved_bytes,42354081792,1,/home/sagemaker-user/atma/benchmarks/logs/atma_10b/serving_serving_generation_rope_3ec0bc05c7.log
rope,serving,generation,,,4k,,prefill_tokens_per_s,147088.90840500162,1,/home/sagemaker-user/atma/benchmarks/logs/atma_10b/serving_serving_generation_rope_3ec0bc05c7.log
rope,serving,generation,,,64k,,decode_tokens_per_s,107.23163506779902,1,/home/sagemaker-user/atma/benchmarks/logs/atma_10b/serving_serving_generation_rope_3ec0bc05c7.log
rope,serving,generation,,,64k,,oom,False,1,/home/sagemaker-user/atma/benchmarks/logs/atma_10b/serving_serving_generation_rope_3ec0bc05c7.log
rope,serving,generation,,,64k,,peak_allocated_bytes,42314062848,1,/home/sagemaker-user/atma/benchmarks/logs/atma_10b/serving_serving_generation_rope_3ec0bc05c7.log
rope,serving,generation,,,64k,,peak_reserved_bytes,42437967872,1,/home/sagemaker-user/atma/benchmarks/logs/atma_10b/serving_serving_generation_rope_3ec0bc05c7.log
rope,serving,generation,,,64k,,prefill_tokens_per_s,115785.97563704339,1,/home/sagemaker-user/atma/benchmarks/logs/atma_10b/serving_serving_generation_rope_3ec0bc05c7.log
rope,serving,generation,,,8k,,decode_tokens_per_s,338.68469892311833,1,/home/sagemaker-user/atma/benchmarks/logs/atma_10b/serving_serving_generation_rope_3ec0bc05c7.log
rope,serving,generation,,,8k,,oom,False,1,/home/sagemaker-user/atma/benchmarks/logs/atma_10b/serving_serving_generation_rope_3ec0bc05c7.log
rope,serving,generation,,,8k,,peak_allocated_bytes,42312194048,1,/home/sagemaker-user/atma/benchmarks/logs/atma_10b/serving_serving_generation_rope_3ec0bc05c7.log
rope,serving,generation,,,8k,,peak_reserved_bytes,42345693184,1,/home/sagemaker-user/atma/benchmarks/logs/atma_10b/serving_serving_generation_rope_3ec0bc05c7.log
rope,serving,generation,,,8k,,prefill_tokens_per_s,168286.7493256724,1,/home/sagemaker-user/atma/benchmarks/logs/atma_10b/serving_serving_generation_rope_3ec0bc05c7.log
rope,serving,generation,,,,,max_successful_context_tokens,131072,,/home/sagemaker-user/atma/benchmarks/logs/atma_10b/serving_serving_generation_rope_3ec0bc05c7.log
